Date,Price,Log_Return,Volatility_21d
1987-05-21,18.45,-0.009708814126960827,
1987-05-22,18.55,0.005405418566907982,
1987-05-25,18.6,0.002691791665711353,
1987-05-26,18.63,0.0016116038943413912,
1987-05-27,18.6,-0.0016116038943414215,
1987-05-28,18.6,0.0,
1987-05-29,18.58,-0.0010758473334632364,
1987-06-01,18.65,0.0037604127041319995,
1987-06-02,18.68,0.0016072867108720599,
1987-06-03,18.75,0.003740319615723177,
1987-06-04,18.78,0.0015987213636970735,
1987-06-05,18.65,-0.0069463276902924104,
1987-06-08,18.75,0.005347606326595277,
1987-06-09,18.78,0.0015987213636970735,
1987-06-10,18.78,0.0,
1987-06-11,18.68,-0.00533904097942032,
1987-06-12,18.78,0.005339040979420328,
1987-06-16,18.9,0.006369448285479707,
1987-06-17,19.03,0.006854759242461477,
1987-06-18,19.05,0.001050420264651797,
1987-06-19,19.05,0.0,0.06844064722009469
1987-06-22,19.1,0.002621233479874287,0.056231000995408405
1987-06-23,18.9,-0.010526412986987617,0.06855343363059978
1987-06-24,18.75,-0.007968169649176845,0.07469404734325463
1987-06-25,18.7,-0.0026702285558789208,0.07527672352286417
1987-06-26,19.08,0.020117142159599477,0.10174478287349817
1987-06-29,19.15,0.0036620496065146203,0.10198510342526101
1987-06-30,19.08,-0.0036620496065145917,0.10315898367314708
1987-07-01,18.98,-0.0052548728383585855,0.1051192211622148
1987-07-02,19.25,0.014125267552011362,0.11477804334229035
1987-07-03,19.33,0.004147232486446168,0.11488978705410931
1987-07-06,19.48,0.007730004994149614,0.11693436853386277
1987-07-07,19.5,0.0010261673553119532,0.11265299661628982
1987-07-08,19.48,-0.001026167355312006,0.11251734043235567
1987-07-09,19.68,0.0102145934097182,0.11620314140075051
1987-07-10,19.73,0.0025374284104167444,0.11592195169893282
1987-07-13,19.83,0.0050556224971806014,0.11278476963439878
1987-07-14,19.88,0.0025182586967233927,0.11242149211700937
1987-07-15,20.28,0.019920977494554567,0.12685355627316128
1987-07-16,20.4,0.005899722127188102,0.12656445920367285
1987-07-17,20.63,0.01121142623298971,0.1291465548063363
1987-07-20,20.55,-0.003885386140916751,0.1312687654933004
1987-07-21,20.35,-0.009780029053639606,0.1392327018671338
1987-07-22,20.33,-0.0009832842483488713,0.13122949697523809
1987-07-23,20.15,-0.008893339247563236,0.13228075335528874
1987-07-24,19.58,-0.028695651290327643,0.17212274474329475
1987-07-27,19.3,-0.014403541191524358,0.16831805127971516
1987-07-28,19.78,0.02456623028372623,0.18766009778954945
1987-07-29,19.98,0.01006044702584126,0.18888255454479466
1987-07-30,20.2,0.01095083118675148,0.18917131465025572
1987-07-31,20.03,-0.008451454729432087,0.18855688745335522
1987-08-03,20.95,0.044907496690419844,0.24043201457647403
1987-08-04,20.65,-0.014423326961105052,0.24803407300071256
1987-08-05,19.8,-0.04203338170655208,0.292695654188457
1987-08-06,19.75,-0.0025284463533587487,0.2928552532394448
1987-08-07,19.65,-0.005076153031860661,0.2913528820296099
1987-08-10,19.43,-0.011259074925921512,0.29370593225357206
1987-08-11,19.45,0.0010288066751064535,0.2930370207671442
1987-08-12,19.5,0.0025673955052459545,0.2930443373128524
1987-08-13,19.4,-0.005141399500418764,0.2832851747022248
1987-08-14,19.25,-0.007762005335489189,0.28236819595629187
1987-08-17,18.85,-0.020998146839773354,0.28432105998870927
1987-08-18,18.75,-0.005319161477600045,0.2843382981372166
1987-08-19,18.5,-0.013423020332140661,0.2854901623818217
1987-08-20,18.3,-0.010869672236903879,0.28599259639303287
1987-08-21,18.1,-0.010989121575595206,0.2864430138554238
1987-08-24,17.48,-0.03485456804439071,0.2935396424391571
1987-08-25,17.55,0.003996579684485375,0.2933507075791934
1987-08-26,18.1,0.030857988359905282,0.30189791528321425
1987-08-27,18.28,0.00989562775422384,0.3018001600529307
1987-08-28,18.2,-0.0043859719432544405,0.29671031765165456
1987-08-31,18.63,0.02335159053074734,0.31205751341658805
1987-09-01,18.43,-0.01079341293176511,0.2583269830094724
1987-09-02,18.4,-0.0016291070667920553,0.2569328294129637
1987-09-03,18.18,-0.012028575865607146,0.22178684604670337
1987-09-04,18.13,-0.0027540639825731406,0.22176853054306256
1987-09-07,17.6,-0.02966912272265343,0.23887067541259063
1987-09-08,17.68,0.0045351551653911425,0.24012420978858856
1987-09-09,17.9,0.012366655637211892,0.24653656698918425
1987-09-10,18.3,0.022100347000666137,0.26185689185580246
1987-09-11,18.18,-0.006578971098042511,0.262050608755492
1987-09-14,18.15,-0.0016515280384730646,0.2615331903668619
1987-09-15,18.53,0.02072047958640866,0.2648680428083869
1987-09-16,18.53,0.0,0.26436886161802514
1987-09-17,18.43,-0.005411268615536545,0.2608918730489539
1987-09-18,18.3,-0.00707871183435658,0.2592602320523282
1987-09-21,18.28,-0.0010934938213713295,0.2562237187398689
1987-09-22,18.48,0.010881500187534207,0.22369029936053436
1987-09-23,18.48,0.0,0.22381535886996876
1987-09-24,18.68,0.010764366587158484,0.20139060026572217
1987-09-25,18.6,-0.00429185208154092,0.19993162026336944
1987-09-28,18.65,0.002684565370668761,0.19910760511136788
1987-09-29,18.5,-0.008075414005545307,0.1841827590844165
1987-09-30,18.48,-0.0010816658707410232,0.18026418220427126
1987-10-01,18.5,0.0010816658707409699,0.18017562269755086
1987-10-02,18.65,0.008075414005545331,0.17631964803696823
1987-10-05,18.78,0.006946327690292351,0.1767694737795027
1987-10-06,18.6,-0.0096308930609613,0.14225677911334667
1987-10-07,18.58,-0.0010758473334632364,0.14263810044458852
1987-10-08,18.63,0.0026874512278047555,0.13794982265344444
1987-10-09,18.6,-0.0016116038943414215,0.11708439801561134
1987-10-12,18.55,-0.0026917916657114146,0.1147596331229526
1987-10-13,18.55,0.0,0.11442831997360838
1987-10-14,18.68,0.0069836437472523836,0.09243818904460402
1987-10-15,18.68,0.0,0.09243818904460402
1987-10-16,19.0,0.016985546365743807,0.10627051221935342
1987-10-19,19.1,0.005249355886143745,0.102310647859583
1987-10-20,18.78,-0.01689586127246738,0.12128835682659014
1987-10-21,18.93,0.00795549144111446,0.1187686891744566
1987-10-22,19.13,0.010509818230930095,0.12299614340578481
1987-10-23,18.98,-0.00787199027037961,0.1225298439337543
1987-10-26,18.75,-0.01219204076536206,0.12949132454557324
1987-10-27,18.8,0.0026631174194836284,0.12948654140385818
1987-10-28,18.85,0.0026560440581162104,0.12594331365197617
1987-10-29,18.75,-0.005319161477600045,0.1276244653184288
1987-10-30,18.8,0.0026631174194836284,0.12780296178207895
1987-11-02,18.63,-0.009083685222406572,0.1292523017781628
1987-11-03,18.38,-0.013510067685956046,0.1346125853742396
1987-11-04,17.93,-0.02478782931049947,0.1554487812813147
1987-11-05,17.85,-0.00447177939139329,0.15570895663985077
1987-11-06,17.95,0.005586606708639776,0.15710483020235005
1987-11-09,17.5,-0.025389234004819464,0.1771190354554693
1987-11-10,17.75,0.014184634991956381,0.1867583877520072
1987-11-11,17.8,0.0028129413766146577,0.18740985789741577
1987-11-12,17.85,0.0028050509276086816,0.18544447614520063
1987-11-13,17.8,-0.0028050509276086096,0.18528649772052697
1987-11-16,17.68,-0.006764400088542149,0.17192648264560706
1987-11-17,17.4,-0.015963850989014088,0.17412526489742744
1987-11-18,17.18,-0.012724289664373983,0.17093541901195594
1987-11-19,17.48,0.017311453671280147,0.18205695121797258
1987-11-20,17.6,0.006841531816716784,0.17884037487810214
1987-11-23,17.9,0.016901810802603036,0.19212608382834373
1987-11-24,17.83,-0.00391828097166024,0.1891389191541462
1987-11-25,17.68,-0.008448374665551558,0.18931078881632735
1987-11-26,17.73,0.002824062876619135,0.1893740838655564
1987-11-27,17.78,0.0028161099996420924,0.1901690023781275
1987-11-30,17.7,-0.004509590505975149,0.18932259482825892
1987-12-01,17.65,-0.0028288562004777137,0.18797147343967063
1987-12-02,17.7,0.002828856200477623,0.18448210870207682
1987-12-03,17.93,0.012910648037258032,0.17101076798857956
1987-12-04,18.0,0.0038964702791231594,0.17071029741896357
1987-12-07,17.78,-0.012297527810406083,0.17504836636180385
1987-12-08,17.58,-0.01131233782872769,0.15548010479121033
1987-12-09,17.43,-0.00856903272510129,0.14959274423460275
1987-12-10,17.55,0.006861090379945381,0.15149248410200045
1987-12-11,17.73,0.010204170174241668,0.1557419283366729
1987-12-14,16.8,-0.05387923367690329,0.24239490706168954
1987-12-15,16.2,-0.03636764417087495,0.2688192585321669
1987-12-16,15.93,-0.016807118316381174,0.2693011310758131
1987-12-17,15.03,-0.05815592015707407,0.3271806183888283
1987-12-18,15.6,0.03722271049060835,0.3516893811029307
1987-12-21,15.4,-0.012903404835907841,0.3496620739982832
1987-12-22,16.7,0.08104121000312582,0.45741237244121086
1987-12-23,17.25,0.03240342405465943,0.47380941979177854
1987-12-24,17.1,-0.008733679968754553,0.4738625983806187
1987-12-28,17.0,-0.005865119452398134,0.4737991217020409
1987-12-29,17.38,0.022106775781029778,0.4809297579432162
1987-12-30,17.85,0.026683388388402264,0.49017992093791213
1987-12-31,17.6,-0.014104606181541935,0.49266628381305544
1988-01-04,17.95,0.01969121289018168,0.4973847702564404
1988-01-05,17.08,-0.049681926573864166,0.5244946649125026
1988-01-06,17.9,0.046892524486285454,0.5513676103671667
1988-01-08,16.88,-0.05867122367889825,0.5864073324693035
1988-01-11,16.65,-0.013719272741358238,0.586923498935828
1988-01-12,15.95,-0.0429513871955992,0.6031972940992403
1988-01-13,16.38,0.02660224919406986,0.6115871376766259
1988-01-14,16.55,0.010325023398148725,0.6116208667659956
1988-01-15,16.65,0.006024114603380876,0.5837445022280084
1988-01-18,16.83,0.010752791776261697,0.5698461071314418
1988-01-19,17.1,0.0159154553058998,0.5676410664727203
1988-01-20,16.83,-0.015915455305899683,0.5273806126355927
1988-01-21,17.08,0.014745180157709273,0.5159070000840772
1988-01-22,16.7,-0.022499468937714293,0.5209885519662626
1988-01-25,16.45,-0.015083242211328476,0.4419807563705931
1988-01-27,16.13,-0.019644585074263386,0.42943243853024327
1988-01-28,16.1,-0.0018616201467000699,0.428975587594483
1988-01-29,16.28,0.011118088583976926,0.431507989466107
1988-02-01,16.1,-0.011118088583976936,0.42333340678836273
1988-02-02,16.18,0.004956639639928196,0.41020936661668705
1988-02-03,16.15,-0.0018558619616801562,0.4088548120643589
1988-02-04,16.18,0.0018558619616801941,0.40036116996358984
1988-02-05,16.1,-0.004956639639928177,0.3658820270616387
1988-02-08,16.5,0.024541108916117445,0.33446575541241746
1988-02-09,16.4,-0.006079046076382226,0.2691468403768957
1988-02-10,16.13,-0.01660044269303526,0.27099075642285764
1988-02-11,16.1,-0.0018616201467000699,0.22535834427953308
1988-02-12,15.75,-0.02197890671877534,0.21699295659745924
1988-02-15,15.68,-0.004454350349380309,0.21252307829868988
1988-02-16,15.63,-0.003193870488876489,0.21021186074844425
1988-02-17,15.85,0.013977355889904326,0.21314826368261838
1988-02-18,15.48,-0.023620632161708507,0.21327541061905428
1988-02-19,15.55,0.004511770463662165,0.21151987834616395
1988-02-22,15.38,-0.01099267454774525,0.20170066952311222
1988-02-23,15.58,0.01292007636510429,0.20027819120599433
1988-02-24,15.35,-0.0148725664093961,0.2001233604664379
1988-02-25,14.85,-0.03311560878449755,0.21857934249725502
1988-02-26,14.65,-0.013559529785632251,0.2209234479343706
1988-02-29,14.73,0.005445895011462538,0.21670634724086915
1988-03-01,14.18,-0.03805370937055754,0.2449096889746297
1988-03-02,13.8,-0.02716392894082239,0.2519023000935453
1988-03-03,14.0,0.014388737452099452,0.26260855206151634
1988-03-04,14.0,0.0,0.26191530630832605
1988-03-07,13.9,-0.007168489478612516,0.26182149709595404
1988-03-08,13.8,-0.00722024797348702,0.23540069079294168
1988-03-09,13.98,0.012959144642505116,0.24683756186666278
1988-03-10,14.48,0.035140650151906094,0.285170722558129
1988-03-11,14.88,0.02724964244737554,0.3064245417825183
1988-03-14,14.28,-0.04115807249350756,0.32729071006890925
1988-03-15,14.3,0.0013995803544232636,0.3279658732705687
1988-03-16,14.45,0.010434877292579494,0.33196429383628684
1988-03-17,14.43,-0.0013850417726616845,0.32584374765984525
1988-03-18,14.93,0.03406323876531955,0.3438962208702952
1988-03-21,15.38,0.029695352526399012,0.36032167533861464
1988-03-22,15.03,-0.02301976031261491,0.36707023220696766
1988-03-23,15.4,0.02431930565470034,0.3746013643196464
1988-03-24,15.65,0.016103407566578673,0.37505042092735347
1988-03-25,15.45,-0.01286191364240781,0.35806837663147123
1988-03-28,15.55,0.0064516352814888165,0.35387759883021835
1988-03-29,15.6,0.0032102756302481894,0.35375481360370137
1988-03-30,15.7,0.006389798098770988,0.32119381142190784
1988-03-31,15.65,-0.003189795368100038,0.3012010033523188
1988-04-05,15.5,-0.0096308930609613,0.30424003729295507
1988-04-06,15.38,-0.007772059847702973,0.3069790427591089
1988-04-07,15.53,0.009705673083097787,0.3044685719316781
1988-04-08,15.55,0.0012870014646474616,0.3014791951437734
1988-04-11,16.2,0.04095060361309506,0.3246887748847976
1988-04-12,16.48,0.017136282242987237,0.3107302319412929
1988-04-13,16.55,0.004238577341746293,0.30112867264218574
1988-04-14,16.65,0.006024114603380876,0.24986673725537523
1988-04-15,16.85,0.01194044037191807,0.24939168203292303
1988-04-18,17.45,0.03498899185006534,0.26655741245886433
1988-04-19,17.05,-0.023189444918910326,0.2871498466130004
1988-04-20,16.78,-0.015962502690465594,0.2820633944529433
1988-04-21,17.0,0.013025643017155843,0.2697345219130118
1988-04-22,17.15,0.008784829555732811,0.25024631579638773
1988-04-25,17.13,-0.0011668612759203323,0.24255746847199675
1988-04-26,17.18,0.002914604220080849,0.23927875434959445
1988-04-27,17.4,0.012724289664374073,0.2322784927933375
1988-04-28,16.88,-0.030340717052672272,0.26355928986844285
1988-04-29,16.6,-0.0167267938053134,0.27310054388978644
1988-05-02,15.95,-0.039943866131644135,0.31038585425818344
1988-05-03,16.08,0.00811743451996671,0.31104718786916435
1988-05-04,16.15,0.004343785917845313,0.3086222172666028
1988-05-05,16.15,0.0,0.3067037600352485
1988-05-06,16.45,0.018405427542715343,0.31079452293117277
1988-05-09,16.5,0.003034903695154111,0.31075049826477347
1988-05-10,16.38,-0.007299302481611608,0.2795428764935547
1988-05-11,16.48,0.006086446056402253,0.27383247907775077
1988-05-12,16.4,-0.004866189651173011,0.2738731243715669
1988-05-13,16.5,0.0060790460763821925,0.2738895099277704
1988-05-16,16.6,0.006042314455962662,0.27128237147430395
1988-05-17,16.6,0.0,0.2383415156506907
1988-05-18,16.4,-0.012121360532344963,0.22906779521453327
1988-05-19,16.25,-0.009188426054406142,0.2249750349598833
1988-05-20,16.45,0.012232568435634451,0.2243444805763497
1988-05-23,16.23,-0.013464095684880977,0.2246489315006487
1988-05-24,16.3,0.004303726286216785,0.2258923749035269
1988-05-25,16.18,-0.0073891961823710885,0.22567784578719308
1988-05-26,16.18,0.0,0.21880955097074403
1988-05-27,16.25,0.004316997145400918,0.19701776989826805
1988-05-30,16.23,-0.0012315272492466737,0.18940172909481695
1988-05-31,16.2,-0.0018501392881614773,0.12638207223330922
1988-06-01,16.33,0.0079926647440353,0.12629101604231593
1988-06-02,16.33,0.0,0.1256215511119699
1988-06-03,16.45,0.007321570229007317,0.12777580875705688
1988-06-06,16.25,-0.012232568435634408,0.11856293229145437
1988-06-07,16.23,-0.0012315272492466737,0.11784174133989801
1988-06-08,16.28,0.003075979047894507,0.1160835789464145
1988-06-09,16.3,0.0012277472383223377,0.1139199593683267
1988-06-10,15.85,-0.027995607489427095,0.1480840648480313
1988-06-13,15.53,-0.020395863162693883,0.1587465513279915
1988-06-14,15.85,0.020395863162693834,0.17578931628273473
1988-06-15,15.7,-0.0095087879690273,0.17736781648405142
1988-06-16,15.43,-0.0173470459791929,0.18175179949162595
1988-06-17,15.48,0.003235201786511737,0.18143354747762314
1988-06-20,15.0,-0.03149866705937105,0.19959732527916513
1988-06-21,15.0,0.0,0.19732474582875448
1988-06-22,15.13,0.008629326698054638,0.20009947575593437
1988-06-23,15.18,0.003299244167219273,0.20093731494057884
1988-06-24,15.15,-0.0019782400121057075,0.200677149852365
1988-06-27,14.93,-0.01462792040427922,0.20253868866270297
1988-06-28,14.83,-0.006720455401258217,0.20247414183186338
1988-06-29,14.55,-0.019061162532339193,0.20854193005131907
1988-06-30,14.18,-0.0257584725135201,0.21450116710972317
1988-07-01,13.95,-0.01635301283660689,0.21552148397532675
1988-07-04,14.05,0.007142887512380204,0.21536747507693602
1988-07-05,13.98,-0.004994658974090647,0.21482635512595205
1988-07-06,14.5,0.03652091262086446,0.26248468276634523
1988-07-07,15.5,0.06669137449867214,0.36193462902859447
1988-07-08,15.05,-0.029462032730316105,0.37355235898094
1988-07-11,14.63,-0.02830377616285182,0.37380530861924205
1988-07-12,14.0,-0.04401688541677433,0.39534308481273156
1988-07-13,14.1,0.007117467768863955,0.38721382658384396
1988-07-14,14.1,0.0,0.38739645822355384
1988-07-15,14.25,0.010582109330537008,0.3883680615268125
1988-07-18,15.0,0.05129329438755048,0.43249365999542816
1988-07-19,14.93,-0.00467758955111109,0.4188165848508625
1988-07-20,15.48,0.03617625661048208,0.4373957606907187
1988-07-21,15.63,0.009643276271804202,0.4376180474073595
1988-07-22,15.83,0.01271472945953545,0.4393049484355155
1988-07-25,15.8,-0.0018969338599995832,0.4392957693711109
1988-07-26,15.38,-0.026941975955423234,0.44716934532091157
1988-07-27,15.45,0.004541039266256421,0.4462889040569938
1988-07-28,15.7,0.016051709010507825,0.44201454006214264
1988-07-29,15.75,0.0031796529173798056,0.42895236180574586
1988-08-01,15.6,-0.009569451016150785,0.42532582617851517
1988-08-02,15.35,-0.016155440222285256,0.43167991599337363
1988-08-03,15.0,-0.023065272930996104,0.44097565602693406
1988-08-04,14.5,-0.03390155167568134,0.4417135994642406
1988-08-05,14.85,0.023851215822179847,0.38096733959316326
1988-08-08,15.48,0.04154900291287248,0.39569660925536904
1988-08-09,15.4,-0.005181358741997629,0.38172990814475416
1988-08-10,15.1,-0.019672765598704893,0.3526014887969906
1988-08-11,15.13,0.0019847839793859824,0.35240489724732915
1988-08-12,14.98,-0.00996354971119111,0.35527940039034006
1988-08-15,14.8,-0.012088797319004073,0.357760379397538
1988-08-16,14.85,0.003372684478639156,0.3094916433425654
1988-08-17,14.75,-0.0067567824628797625,0.3099305782115593
1988-08-18,14.78,0.002031832734226852,0.2800403490207196
1988-08-19,14.85,0.004724949728653004,0.2779290602337821
1988-08-22,15.03,0.012048338516174574,0.27748051363934334
1988-08-23,14.8,-0.015421022994813703,0.2810607161907535
1988-08-24,14.85,0.003372684478639156,0.2679917321924659
1988-08-25,14.63,-0.014925650216675593,0.2707769302108534
1988-08-26,14.5,-0.008925565605504239,0.2628090109788768
1988-08-29,14.48,-0.0013802624689583467,0.2617587338762704
1988-08-30,14.45,-0.00207397239912926,0.26103730941377135
1988-08-31,14.4,-0.0034662079764861725,0.2570461229448153
1988-09-01,14.15,-0.017513582492708357,0.2522722570738046
1988-09-02,14.0,-0.010657294473988093,0.22780251369605994
1988-09-05,13.68,-0.023122417420854264,0.21945541569755728
1988-09-06,13.35,-0.024418527348145886,0.15752653312832127
1988-09-07,13.18,-0.012815855771897318,0.15860229829650713
1988-09-08,13.3,0.00906350615334691,0.16182027786656297
1988-09-09,13.25,-0.0037664827954768934,0.1594335402737456
1988-09-12,12.7,-0.04239555896768573,0.20253488783917592
1988-09-13,13.4,0.05365271349232022,0.2930566582291508
1988-09-14,13.9,0.036634133179780384,0.32550171253852445
1988-09-15,13.5,-0.029199154692262353,0.33769237948627856
1988-09-16,13.23,-0.020202707317519466,0.3412732783503823
1988-09-19,12.85,-0.029143166785635607,0.3488506758720255
1988-09-20,13.15,0.023077947282544888,0.35835737763043424
1988-09-21,13.05,-0.007633624855071095,0.35688961411373926
1988-09-22,13.2,0.01142869582362263,0.36062472894068215
1988-09-23,13.2,0.0,0.3594706535165057
1988-09-26,13.1,-0.007604599385219304,0.3593132591179665
1988-09-27,12.58,-0.04050397893481142,0.3795627051015135
1988-09-28,12.75,0.01342302033214077,0.38568842733739767
1988-09-29,12.5,-0.019802627296179754,0.3884989135010287
1988-09-30,11.93,-0.046672408198430666,0.4111594830305628
1988-10-03,11.6,-0.028051137997505794,0.4168836057157047
1988-10-04,11.65,0.004301081899390702,0.4159636057460093
1988-10-05,11.2,-0.03939240171066083,0.4266663449681761
1988-10-06,11.3,0.008888947417246214,0.4304198902438762
1988-10-07,11.35,0.004415018209116693,0.4284861682742335
1988-10-10,12.2,0.07221820781179912,0.5100283023508796
1988-10-11,12.35,0.012220111334775397,0.49293475831981326
1988-10-12,12.45,0.008064559836730495,0.4525017565320191
1988-10-13,12.55,0.00800004266707637,0.4308545592729081
1988-10-14,13.2,0.05049616401453223,0.46149892929921177
1988-10-17,13.55,0.02616971773338482,0.4652182771722301
1988-10-18,12.9,-0.04915923595808349,0.48632270111358905
1988-10-19,13.35,0.03428907347863195,0.49445503958795467
1988-10-20,13.5,0.011173300598125255,0.4947440681397065
1988-10-21,13.48,-0.0014825799602227248,0.4935371032741198
1988-10-24,12.2,-0.09977115374495017,0.6046018016803911
1988-10-25,12.08,-0.009884759232541973,0.6048364481773478
1988-10-26,12.08,0.0,0.5900097694393295
1988-10-27,12.33,0.020484124669584117,0.5928254224156871
1988-10-28,12.6,0.02166149678117925,0.5941786232945893
1988-10-31,12.6,0.0,0.5690766409821792
1988-11-01,12.18,-0.03390155167568134,0.5733917915028677
1988-11-02,12.35,0.013860800792235166,0.5747619096075056
1988-11-03,12.5,0.01207258123426924,0.5544751730912293
1988-11-04,12.75,0.01980262729617973,0.556667331279565
1988-11-07,12.75,0.0,0.5570106288893092
1988-11-08,12.6,-0.01183445764700291,0.5037890966241592
1988-11-09,12.7,0.007905179507113247,0.5028569897595694
1988-11-10,13.03,0.02565239767220807,0.509471930861979
1988-11-11,13.03,0.0,0.5090716706233454
1988-11-14,13.0,-0.00230503367521698,0.4772819442441326
1988-11-15,13.0,0.0,0.46720287382637826
1988-11-16,12.7,-0.023347363996991177,0.4422453706496745
1988-11-17,12.05,-0.052537333527881494,0.4575953161883552
1988-11-18,12.08,0.002486532570004878,0.45473631335816866
1988-11-21,12.13,0.004130530449289978,0.4557434436653428
1988-11-22,13.35,0.09583466189029971,0.4470041954855685
1988-11-23,13.33,-0.0014992506556411496,0.4445911733915908
1988-11-24,12.98,-0.026607422914673384,0.4574939134582303
1988-11-25,14.7,0.1244377825087467,0.6194142084702187
1988-11-28,14.73,0.002038736689848309,0.6178373798002678
1988-11-29,14.25,-0.033129323759879446,0.6333269240203654
1988-11-30,14.35,0.006993035490970604,0.6165998562936156
1988-12-01,14.93,0.039622669345468965,0.6261703871703024
1988-12-02,14.8,-0.008745430781029543,0.629043727387109
1988-12-05,14.73,-0.0047409502955304845,0.6290081224640927
1988-12-06,14.4,-0.02265802389258399,0.6369747313786599
1988-12-07,14.7,0.02061928720273561,0.6355766699018447
1988-12-08,15.05,0.02353049741019425,0.6380516074317338
1988-12-09,14.9,-0.010016778243471344,0.6376411701573683
1988-12-12,15.2,0.01993421490081711,0.6388636473593866
1988-12-13,15.18,-0.001316655884746785,0.638684875323282
1988-12-14,15.35,0.011136702065722301,0.6382279090423678
1988-12-15,15.58,0.014872566409395964,0.6282962353431955
1988-12-16,15.6,0.0012828738128891231,0.5874186309839055
1988-12-19,15.3,-0.019418085857101513,0.5968525195654476
1988-12-20,15.28,-0.0013080446600154524,0.5979665061642625
1988-12-21,15.33,0.003266909145348321,0.5123277821217158
1988-12-22,15.25,-0.005232189830302127,0.5132324098592359
1988-12-23,15.38,0.008488461024077446,0.49898799500458596
1988-12-27,16.25,0.05502494469824845,0.32135878771723275
1988-12-28,16.1,-0.009273636785329102,0.3249411298890268
1988-12-29,15.9,-0.012500162764231494,0.30210843845871294
1988-12-30,16.23,0.020542272300314107,0.3067227033308603
1989-01-03,16.4,0.010419953303652878,0.2819006373862904
1989-01-04,16.53,0.007895577002780188,0.2779358522872217
1989-01-05,16.58,0.0030202378742158627,0.2757069631062685
1989-01-06,16.85,0.01615350709122202,0.257719735053804
1989-01-09,17.0,0.008862687257845324,0.2533494507175759
1989-01-10,16.75,-0.014815085785140587,0.25647961102479283
1989-01-11,16.9,0.008915363657952329,0.25074419412035576
1989-01-12,16.85,-0.0029629651306568496,0.24722974529893205
1989-01-13,17.4,0.03211954942211252,0.26323747777537265
1989-01-16,17.5,0.0057306747089850745,0.26270315764370883
1989-01-17,17.78,0.015873349156290163,0.26313993283257175
1989-01-18,17.95,0.009515884848529187,0.2627112743500433
1989-01-19,18.1,0.008321823337492278,0.24496159802325704
1989-01-20,18.15,0.0027586224390796607,0.24341417564974174
1989-01-23,16.98,-0.06663437982765846,0.3557642737569964
1989-01-24,17.05,0.004114022846324568,0.35388929823764825
1989-01-25,17.7,0.03741443585025763,0.3709352541311264
1989-01-26,17.73,0.0016934805063331477,0.3267482851744436
1989-01-27,17.18,-0.031512203530007256,0.34673081715029536
1989-01-30,16.85,-0.019395259757738533,0.35142845980468185
1989-01-31,16.38,-0.028289578373447487,0.3608857862405629
1989-02-01,16.4,0.001220256405229369,0.3590822227703842
1989-02-02,16.95,0.032986498996306665,0.37614757640538204
1989-02-03,16.75,-0.011869575555383769,0.37876448239345295
1989-02-06,16.5,-0.015037877364540559,0.37791819277870103
1989-02-07,16.6,0.006042314455962662,0.377116258882303
1989-02-08,16.75,0.008995562908577783,0.3752477868847457
1989-02-09,16.58,-0.010201108563926586,0.3753682619524392
1989-02-10,16.4,-0.01091581487699613,0.3769239745734249
1989-02-13,16.5,0.0060790460763821925,0.3581697714178221
1989-02-14,16.83,0.01980262729617951,0.36550078934506375
1989-02-15,16.75,-0.004764749931639131,0.3598329983028704
1989-02-16,17.15,0.023599915340873506,0.3691152045178641
1989-02-17,17.15,0.0,0.36725550818522734
1989-02-20,17.38,0.013321946225297154,0.3709897004818405
1989-02-21,17.2,-0.010410736017838575,0.28996783026451944
1989-02-22,16.95,-0.014641549992948118,0.29436012016428087
1989-02-23,17.1,0.008810629682155126,0.2632397812653075
1989-02-24,17.05,-0.0029282597790884456,0.2629886096741236
1989-02-27,17.55,0.028903746182348995,0.26042769116974795
1989-02-28,17.23,-0.01840189937203657,0.2594677403347295
1989-03-01,17.25,0.0011600929375304458,0.2365336976568486
1989-03-02,17.45,0.011527505171067414,0.23853704531253897
1989-03-03,17.73,0.015918471437680364,0.2178963598430595
1989-03-06,17.73,0.0,0.2120808780522604
1989-03-07,17.55,-0.010204170174241736,0.20759842892608443
1989-03-08,17.55,0.0,0.20751507844151734
1989-03-09,17.8,0.014144507386164743,0.21024746834971375
1989-03-10,17.63,-0.009596460888260728,0.20978282666725087
1989-03-13,18.1,0.026309941862001404,0.21830002531960116
1989-03-14,18.63,0.028861246341716985,0.2338308537965084
1989-03-15,19.08,0.023867481406643267,0.23730019592424892
1989-03-16,18.95,-0.006836734491705093,0.2385868237233174
1989-03-17,19.3,0.01830116438240466,0.23429470084650011
1989-03-20,19.18,-0.006237026455547773,0.23715981116452092
1989-03-21,19.63,0.02319093883307756,0.24372492273216204
1989-03-22,19.6,-0.0015294420518980484,0.238161532554284
1989-03-23,19.93,0.01669656798823162,0.22810314591250672
1989-03-28,19.73,-0.010085814190179357,0.23620528834387627
1989-03-29,19.45,-0.014293249970068684,0.24521952858986146
1989-03-30,20.0,0.027885203489535642,0.24405768290071764
1989-03-31,20.45,0.022250608934819723,0.2327425336013228
1989-04-03,19.65,-0.03990554417354058,0.28574143977959365
1989-04-04,19.9,0.012642393415176527,0.286029152590511
1989-04-05,19.75,-0.007566240383315813,0.28759829358009437
1989-04-06,19.08,-0.0345128253269905,0.3185512968692877
1989-04-07,19.4,0.01663240004914205,0.3175740095073982
1989-04-10,19.6,0.010256500167189282,0.31761946446150124
1989-04-11,19.95,0.017699577099400857,0.31910760398182286
1989-04-12,19.85,-0.005025136202672932,0.31677975679020814
1989-04-13,19.95,0.0050251362026729795,0.3077388247337032
1989-04-14,19.63,-0.016170135047502834,0.3025630589412358
1989-04-17,19.88,0.012655192940058345,0.2949792078998546
1989-04-18,20.2,0.015968403178731203,0.29698585871459215
1989-04-19,21.5,0.06237033072645809,0.3584017736540782
1989-04-20,22.25,0.034289073478632165,0.36951448057909486
1989-04-21,21.6,-0.029648693922129793,0.3854601737127748
1989-04-24,21.2,-0.018692133012152633,0.3933768357517116
1989-04-25,21.15,-0.00236127618567982,0.3909983336173473
1989-04-26,21.05,-0.0047393453638964475,0.3892077298952689
1989-04-27,20.65,-0.019185240721348727,0.3923162618894077
1989-04-28,20.15,-0.024511031014349805,0.3921753071784092
1989-05-02,19.15,-0.05090157276603702,0.4214910841581198
1989-05-03,18.88,-0.01419955490930037,0.40219386802854834
1989-05-04,19.7,0.04251547502658814,0.4282743472231526
1989-05-05,19.4,-0.015345569674660421,0.4307367122720171
1989-05-08,18.8,-0.03141619623337881,0.42781119355962816
1989-05-09,19.03,0.012159811472154605,0.4258033521170898
1989-05-10,18.88,-0.007913520590703556,0.4244456751405769
1989-05-11,19.3,0.022001935193485235,0.42718667895860724
1989-05-12,19.2,-0.005194816877104023,0.4272043384744712
1989-05-15,19.2,0.0,0.4265787780357171
1989-05-16,19.8,0.030771658666753687,0.43754103314075005
1989-05-17,18.58,-0.06359620431479727,0.48752956458756513
1989-05-18,18.6,0.0010758473334633318,0.4828510346179301
1989-05-19,18.3,-0.01626052087178029,0.4194827309157482
1989-05-22,17.4,-0.050430853626892085,0.4153394217592982
1989-05-23,17.7,0.017094433359300255,0.42141815766629764
1989-05-24,18.15,0.02510592113107626,0.43640293790336265
1989-05-25,18.2,0.0027510333718900187,0.43750413357516293
1989-05-26,17.65,-0.030685810703443898,0.4448709475384766
1989-05-29,17.73,0.004522336706810915,0.4452017769313629
1989-05-30,18.03,0.016778917129109505,0.44801003112871446
1989-05-31,18.25,0.012128042813274597,0.419457562564467
1989-06-01,18.08,-0.009358725064470167,0.4180589593151842
1989-06-02,18.15,0.00386420574682934,0.3863697540040912
1989-06-05,18.55,0.02179922834258458,0.39386158598201304
1989-06-06,18.5,-0.002699056969165058,0.37925184980571364
1989-06-07,18.15,-0.019100171373419378,0.38128187800194835
1989-06-08,17.8,-0.019472103412820182,0.3855222387400936
1989-06-09,17.95,0.00839165763624838,0.3772824135596437
1989-06-12,17.18,-0.04384419837817852,0.4024471290043672
1989-06-13,16.8,-0.022367030146896033,0.40618148667659215
1989-06-14,16.9,0.0059347355198145265,0.3861947367748234
1989-06-15,16.95,0.0029542118974316043,0.32906826775625797
1989-06-16,16.65,-0.01785761740000646,0.3316447027887558
1989-06-19,16.85,0.01194044037191807,0.3342512871339828
1989-06-20,16.88,0.0017788323694402312,0.28853939734994494
1989-06-21,17.13,0.01470182316821754,0.2867156756528106
1989-06-22,17.3,0.009875189167704716,0.2734141598041209
1989-06-23,18.03,0.041330535711492644,0.31226738284967953
1989-06-26,18.23,0.011031551475345758,0.29428807933644396
1989-06-27,18.2,-0.0016469946078221211,0.2942762185034964
1989-06-28,18.0,-0.011049836186584935,0.29154534336028715
1989-06-29,18.2,0.011049836186584935,0.2909999214101475
1989-06-30,18.28,0.004385971943254489,0.2893987855755161
1989-07-03,18.4,0.006543098588935887,0.2899366734353015
1989-07-04,18.6,0.010810916104215676,0.28223438954452856
1989-07-05,18.75,0.008032171697264253,0.28332596176507147
1989-07-06,18.3,-0.024292692569044472,0.28840955919310435
1989-07-07,17.85,-0.024897551621727087,0.29368203190128067
1989-07-10,17.83,-0.0011210763505992614,0.29215647504214776
1989-07-11,17.63,-0.01128043546527019,0.24972675909296682
1989-07-12,17.65,0.001133786969526895,0.23455390093534564
1989-07-13,17.6,-0.002836881335199504,0.23483294751830772
1989-07-14,17.9,0.016901810802603036,0.2404994878804393
1989-07-17,18.05,0.008344971932180688,0.22928748378351624
1989-07-18,18.05,0.0,0.2277006638985825
1989-07-19,17.85,-0.011142176553241848,0.2331061964396093
1989-07-20,17.98,0.007256520817826105,0.22966172522572215
1989-07-21,17.83,-0.008377597168425264,0.23078331064680768
1989-07-24,17.3,-0.03017593037131564,0.20671784606535018
1989-07-25,17.05,-0.014556297774207487,0.20544282945180053
1989-07-26,16.5,-0.032789822822990956,0.22942753106568994
1989-07-27,16.28,-0.013423020332140661,0.23040430188586494
1989-07-28,16.38,0.006123717850528984,0.2267419973935643
1989-07-31,16.3,-0.004895970612206586,0.22415696734635263
1989-08-01,16.23,-0.00430372628621678,0.2199488368805381
1989-08-02,16.1,-0.008042109536082448,0.2113468260709131
1989-08-03,16.4,0.018462062839735352,0.22336195685079724
1989-08-04,16.15,-0.015361285161487206,0.21636876833720314
1989-08-07,16.05,-0.006211200092640524,0.20514377567057784
1989-08-08,16.28,0.014228510998369392,0.21548906830488151
1989-08-09,16.45,0.010388116636986484,0.21971567137872441
1989-08-10,16.93,0.028761718933663184,0.24600962921191233
1989-08-11,17.0,0.004126147911172208,0.24688612866544993
1989-08-14,16.85,-0.008862687257845317,0.23847919308803053
1989-08-15,17.0,0.008862687257845324,0.23879273240799037
1989-08-16,17.0,0.0,0.23879273240799037
1989-08-17,16.95,-0.002945510229756803,0.23688859042088084
1989-08-18,16.83,-0.007104825623744683,0.23467725258603733
1989-08-21,16.9,0.0041506137263132145,0.2351715963635539
1989-08-22,17.1,0.01176484157958643,0.21729453498103163
1989-08-23,17.08,-0.001170275148190543,0.21129051682223315
1989-08-24,17.05,-0.0017579846308978433,0.17462016058988608
1989-08-25,16.95,-0.005882369903066636,0.16830664936309303
1989-08-28,16.98,0.0017683470567419492,0.1676109588181657
1989-08-29,17.1,0.007042282625412951,0.1667794862911552
1989-08-30,17.13,0.0017528488274141652,0.16507723665374216
1989-08-31,17.2,0.00407807148337888,0.1605367221877414
1989-09-01,17.33,0.007529719908107235,0.15161480659749715
1989-09-04,17.43,0.005753755804414904,0.136988590071338
1989-09-05,17.45,0.0011467891165066004,0.13262883354594077
1989-09-06,17.8,0.019858808649603474,0.13937202699726645
1989-09-07,17.8,0.0,0.13824910980595662
1989-09-08,17.83,0.0016839745770094808,0.10415511411875815
1989-09-11,17.98,0.008377597168425292,0.10603301844363577
1989-09-12,17.9,-0.004459316196764987,0.10097562203231189
1989-09-13,18.05,0.008344971932180688,0.10060428074368749
1989-09-14,17.9,-0.008344971932180758,0.10750369493154191
1989-09-15,17.88,-0.0011179431013411721,0.10652856247301243
1989-09-18,18.05,0.009462915033521986,0.10302398910625914
1989-09-19,17.9,-0.008344971932180758,0.11058935796355575
1989-09-20,17.8,-0.005602255548669675,0.10908055109450963
1989-09-21,17.85,0.0028050509276086816,0.10853377856293697
1989-09-22,17.53,-0.018089809292505,0.12871686419227477
1989-09-25,17.45,-0.004574050284707067,0.1278711992474611
1989-09-26,17.45,0.0,0.12795099604716115
1989-09-27,17.55,0.005714301263438635,0.12728102408915082
1989-09-28,17.93,0.02142133770516669,0.14525276809991233
1989-09-29,18.23,0.016593301073530284,0.1535532550212686
1989-10-02,18.58,0.019017144695120575,0.16291145009646193
1989-10-03,18.73,0.008040783070304841,0.16353401088866748
1989-10-04,18.78,0.002665957324119696,0.16335187346505267
1989-10-05,18.43,-0.01881270209838505,0.16936780749886385
1989-10-06,18.45,0.0010845988048041818,0.16927581618579987
1989-10-09,18.25,-0.010899290458035631,0.1748197687971015
1989-10-10,18.55,0.01630470902494357,0.18101955579292964
1989-10-11,18.85,0.016043124840575684,0.1863879611611715
1989-10-12,19.23,0.019958645706668516,0.1951425028711779
1989-10-13,19.6,0.0190580066357832,0.19810762614886687
1989-10-16,19.38,-0.011287959773851507,0.20464982421012645
1989-10-17,19.53,0.007710138425967482,0.2041320223647688
1989-10-18,19.43,-0.005133481499238911,0.20202621071789667
1989-10-19,19.33,-0.0051599701691092195,0.20176958780986057
1989-10-20,19.2,-0.0067480141865035835,0.2051246255310733
1989-10-23,18.88,-0.01680711831638129,0.2034672055123846
1989-10-24,18.8,-0.004246290881450985,0.2033057641678574
1989-10-25,18.88,0.004246290881451004,0.20290367030358983
1989-10-26,18.48,-0.021414094503816473,0.22058755939081534
1989-10-27,18.7,0.011834457647002798,0.21255734884601285
1989-10-30,18.98,0.014862269321241012,0.21113999009189846
1989-10-31,18.93,-0.002637827960550405,0.20218129042737076
1989-11-01,19.23,0.015723594379456876,0.20729273462607642
1989-11-02,19.2,-0.0015612805669525758,0.20744724053595298
1989-11-03,19.0,-0.010471299867295366,0.19923207709499402
1989-11-06,18.95,-0.0026350476380051138,0.19973417782606429
1989-11-07,18.9,-0.0026420094628386965,0.1953945149747182
1989-11-08,18.9,0.0,0.18802823669154287
1989-11-09,18.85,-0.0026490081715767307,0.18002683467960084
1989-11-10,19.05,0.010554187678690171,0.1695315338782031
1989-11-13,18.85,-0.010554187678690145,0.15718694877589315
1989-11-14,18.7,-0.007989390033478976,0.15509494738379798
1989-11-15,18.65,-0.002677377770716403,0.15128044979755717
1989-11-16,18.65,0.0,0.15106931664201365
1989-11-17,18.75,0.005347606326595277,0.15263406008018207
1989-11-20,18.8,0.0026631174194836284,0.1519989260079953
1989-11-21,18.68,-0.0064034370352070245,0.14233405542276106
1989-11-22,18.6,-0.00429185208154092,0.1423492231508047
1989-11-23,18.4,-0.01081091610421573,0.14553166743192567
1989-11-24,18.48,0.004338401598598362,0.12663583714721127
1989-11-27,18.5,0.0010816658707409699,0.1192363973727227
1989-11-28,18.23,-0.014702143393707427,0.11511627610691719
1989-11-29,18.15,-0.004398027979711939,0.11541569781751912
1989-11-30,18.48,0.01801850550267843,0.12003825445720197
1989-12-01,18.68,0.010764366587158484,0.12781123520617657
1989-12-04,19.28,0.03161485638170301,0.16694835055314328
1989-12-05,19.18,-0.005200219727107487,0.16782753266479009
1989-12-06,19.28,0.005200219727107498,0.1681321825257005
1989-12-07,19.33,0.002590004037839743,0.16818757137908347
1989-12-08,19.15,-0.009355577593584522,0.1716261672901458
1989-12-11,19.45,0.015544354437800379,0.17603131062972252
1989-12-12,19.53,0.004104674824132262,0.17117629611585483
1989-12-13,19.78,0.012719581305978594,0.17145724993810804
1989-12-14,19.68,-0.005068434570458729,0.17259380608763514
1989-12-15,19.68,0.0,0.17259380608763514
1989-12-18,19.98,0.015128881596300218,0.17783096507524196
1989-12-19,20.28,0.014903405502574948,0.18251008774436167
1989-12-20,20.23,-0.002468527543328385,0.18028575739189104
1989-12-21,20.13,-0.004955411527954009,0.18067506318661472
1989-12-22,20.5,0.01821364649266236,0.17914244034811935
1989-12-27,20.9,0.019324272826402842,0.18569275017864592
1989-12-28,20.85,-0.0023952107259547105,0.18720450473904385
1989-12-29,21.05,0.00954661188357991,0.17215644207012892
1990-01-02,21.2,0.0071006215495763685,0.167228648520434
1990-01-03,22.65,0.06615867025107627,0.26203203002604014
1990-01-04,22.5,-0.006644542718668501,0.2680035361081727
1990-01-05,23.13,0.02761516703297339,0.2640537126463157
1990-01-08,21.38,-0.0786745706464486,0.40023354817535267
1990-01-09,21.03,-0.016505915882290674,0.4072157947802856
1990-01-10,21.95,0.04281714980657193,0.4285731310335275
1990-01-11,21.88,-0.0031941619673999193,0.4263074733875675
1990-01-12,22.13,0.011361176509177924,0.4254155809193077
1990-01-15,21.6,-0.024240839372838833,0.4382680510033962
1990-01-16,21.15,-0.021053409197832492,0.4461207268792199
1990-01-17,20.45,-0.03365702300347616,0.4634439565065949
1990-01-18,20.78,0.016008103182270667,0.4659593804268149
1990-01-19,21.28,0.02377667880236232,0.4698383829750816
1990-01-22,20.88,-0.018975901459005805,0.47366720439081345
1990-01-23,20.23,-0.03162511183478386,0.4872327633134893
1990-01-24,20.18,-0.0024746362541912693,0.48699058141342016
1990-01-25,20.55,0.01816892601678082,0.48696966798366254
1990-01-26,20.63,0.00388538614091666,0.48221011982029294
1990-01-29,20.73,0.004835599364527736,0.48252501855506846
1990-01-30,20.73,0.0,0.48120811577704814
1990-01-31,20.5,-0.011157040303325694,0.48162100404341557
1990-02-01,20.58,0.003894844261541057,0.4149281104231579
1990-02-02,20.73,0.007262196041784696,0.4168415944646923
1990-02-05,20.73,0.0,0.4012175266258519
1990-02-06,20.6,-0.006290850652152831,0.2997596915068428
1990-02-07,20.15,-0.022086787402843512,0.3038125902313062
1990-02-08,20.05,-0.004975134640113732,0.25630513222633494
1990-02-09,19.75,-0.015075662405447386,0.25894374891879857
1990-02-12,19.68,-0.003550599723023552,0.2522265332719835
1990-02-13,20.03,0.017628258053619554,0.25489802812075874
1990-02-14,19.6,-0.02170158344125535,0.2554667049440396
1990-02-15,19.9,0.01519016549397502,0.23859392001449417
1990-02-16,19.88,-0.0010055305020187607,0.230175232900308
1990-02-19,19.95,0.003514942107444592,0.21140073929470887
1990-02-20,19.68,-0.01362625171176511,0.20709863407789955
1990-02-21,19.5,-0.009188426054406255,0.1806746391416256
1990-02-22,19.35,-0.007722046093910278,0.18185037053760045
1990-02-23,18.78,-0.02989994569567395,0.19069777213506114
1990-02-26,18.9,0.006369448285479707,0.19222744003298614
1990-02-27,19.23,0.017309637535091824,0.20408257118402554
1990-02-28,19.2,-0.0015612805669525758,0.20380928584788746
1990-03-01,19.33,0.006748014186503724,0.2049354773962654
1990-03-02,19.18,-0.007790223764947247,0.20412280470855837
1990-03-05,19.15,-0.001565353828637219,0.2005976618989728
1990-03-06,19.18,0.0015653538286372396,0.20104165232624951
1990-03-07,18.95,-0.012064137926856849,0.20296441755540484
1990-03-08,18.73,-0.011677415072438106,0.19427802743628955
1990-03-09,18.68,-0.002673083655300575,0.19421844344689757
1990-03-12,18.3,-0.020552372953321237,0.1992391359691622
1990-03-13,18.53,0.012489980449893148,0.20692115168412417
1990-03-14,18.33,-0.010851978445654971,0.19452556848728647
1990-03-15,18.48,0.008150004361924628,0.18811031463093708
1990-03-16,18.4,-0.004338401598598242,0.17637347390342126
1990-03-19,17.83,-0.03146823273989091,0.20037570312547318
1990-03-20,17.75,-0.004496915953624197,0.19790074415450964
1990-03-21,17.78,0.001688714164333759,0.19714906410823876
1990-03-22,17.83,0.002808201789290326,0.19818825670069257
1990-03-23,17.88,0.002800337870319156,0.19922382179792122
1990-03-26,18.23,0.019385818945203658,0.1907256171367685
1990-03-27,18.1,-0.007156650418791599,0.18952095380065437
1990-03-28,18.03,-0.0038749010565542284,0.1759641282948499
1990-03-29,17.9,-0.007236324368516696,0.17644921616527084
1990-03-30,17.95,0.0027894020875785922,0.17411538556602268
1990-04-02,18.18,0.01273197381504488,0.18211358399440325
1990-04-03,18.2,0.0010995053334168679,0.18252858868533217
1990-04-04,17.95,-0.013831479148461737,0.1860483483815616
1990-04-05,17.55,-0.022536165022412947,0.19565463804342703
1990-04-06,17.1,-0.025975486403260563,0.20886505022021998
1990-04-09,16.53,-0.03390155167568134,0.2324195974486123
1990-04-10,15.93,-0.03697278791097573,0.2516932461450104
1990-04-11,15.3,-0.040351295523567345,0.26726303136497237
1990-04-12,15.8,0.03215711163453144,0.3029037491238602
1990-04-17,15.7,-0.006349227678658892,0.2978444061549466
1990-04-18,15.33,-0.02384901947053961,0.30264727236617983
1990-04-19,16.13,0.05086919925339473,0.35452928318977084
1990-04-20,16.35,0.013547005206145121,0.3601706065547498
1990-04-23,16.95,0.03603993648319666,0.3856571506405856
1990-04-24,16.75,-0.011869575555383769,0.38656947111543294
1990-04-25,16.5,-0.015037877364540559,0.3881469249642002
1990-04-26,16.6,0.006042314455962662,0.38077536962236685
1990-04-27,16.43,-0.010293763313320988,0.3812101021910944
1990-04-30,16.35,-0.004881034705914183,0.38120160020581906
1990-05-01,16.43,0.004881034705914167,0.3824776925600883
1990-05-02,16.58,0.009088217657972018,0.3845201640009683
1990-05-03,15.93,-0.039993025785191705,0.3990928201873126
1990-05-04,15.58,-0.02221608347935496,0.4018158434593241
1990-05-07,15.65,0.004482876543560011,0.40312954414894514
1990-05-08,16.18,0.033304994644183426,0.42119792960286656
1990-05-09,16.45,0.016549565581035142,0.418831392446109
1990-05-10,16.7,0.0150832422113285,0.4057624662328673
1990-05-11,16.73,0.001794795576023339,0.3822067244697833
1990-05-14,17.4,0.0392666912217506,0.3694712789393677
1990-05-15,17.4,0.0,0.3575224863902849
1990-05-16,17.25,-0.008658062743114541,0.35850099689142745
1990-05-17,17.05,-0.011661939747842975,0.3487176063829045
1990-05-18,17.08,0.001757984630897962,0.3063624458850747
1990-05-21,16.65,-0.025497971933970943,0.3185969963418593
1990-05-22,16.48,-0.01026269194512705,0.29357992169309227
1990-05-23,15.7,-0.0484868121270633,0.3346582011269304
1990-05-24,15.8,0.0063492276786587445,0.3332292443013584
1990-05-25,15.95,0.009448889197932289,0.33448005128860175
1990-05-29,15.48,-0.029909961069272406,0.34733656368104987
1990-05-30,15.98,0.031789072176547535,0.36727297586875457
1990-05-31,15.3,-0.04348511193973878,0.39456709607076446
1990-06-01,15.43,0.008460837976679663,0.394322947058509
1990-06-04,15.35,-0.005198192341863332,0.3714203595300805
1990-06-05,14.78,-0.037840558513150435,0.38592029522104393
1990-06-06,14.8,0.0013522652500137541,0.38535748779043366
1990-06-07,15.03,0.01542102299481364,0.36895828589327695
1990-06-08,14.68,-0.023562180578513548,0.3676414838261218
1990-06-11,14.73,0.0034002072881694576,0.3616095921886132
1990-06-12,14.95,0.014825069362156473,0.36790081372304734
1990-06-13,14.9,-0.003350086885281863,0.33048787947933483
1990-06-14,15.3,0.026491615446976285,0.35010685813490605
1990-06-15,15.15,-0.009852296443011707,0.3502401591792721
1990-06-18,14.83,-0.02134837580553748,0.35373981645143376
1990-06-19,14.75,-0.005409073364011859,0.3524641830164458
1990-06-20,14.75,0.0,0.3466073583234634
1990-06-21,14.75,0.0,0.3467543805592129
1990-06-22,15.4,0.04312442663375462,0.3481455597049553
1990-06-25,15.58,0.01162053102301879,0.35000603161699095
1990-06-26,15.58,0.0,0.3480900984288386
1990-06-27,15.33,-0.016176347558879468,0.33684628288024876
1990-06-28,15.4,0.004555816535860661,0.31659259095645864
1990-06-29,15.73,0.021202207650602906,0.28710296363987453
1990-07-02,15.4,-0.021202207650602937,0.2960555985336938
1990-07-03,15.48,0.0051813587419975845,0.29598363995282506
1990-07-04,15.48,0.0,0.26138512207391984
1990-07-05,15.23,-0.016281701254510606,0.269131828611484
1990-07-06,15.35,0.007848307126135575,0.26540068012079643
1990-07-09,14.98,-0.024399495944132727,0.2663912016247616
1990-07-10,15.58,0.03927206235352882,0.2976719953996167
1990-07-11,15.7,0.007672671911660186,0.2950117566850066
1990-07-12,15.88,0.011399743464727288,0.2958564160486409
1990-07-13,17.03,0.06991603885560735,0.36855056206685555
1990-07-16,17.7,0.03858814490518637,0.3817507069680004
1990-07-17,17.58,-0.006802747322752523,0.3711225256169109
1990-07-18,17.7,0.00680274732275262,0.36791857183884336
1990-07-19,17.85,0.008438868645864824,0.36656833516997556
1990-07-20,18.0,0.00836824967051658,0.36509872437337204
1990-07-23,18.73,0.03975475855983257,0.3613538341426236
1990-07-24,19.08,0.018514149564143267,0.3626929567397699
1990-07-25,19.0,-0.00420168685369997,0.36438964088588405
1990-07-26,18.73,-0.014312462710443292,0.3627917173124182
1990-07-27,19.03,0.01589016485206093,0.3629547791680935
1990-07-30,18.98,-0.0026308881262763,0.36314123445948737
1990-07-31,19.23,0.013085766418906507,0.3463117440319649
1990-08-01,19.93,0.03575457462401485,0.35635924635393085
1990-08-02,22.25,0.1101158743875459,0.48898818826130425
1990-08-03,24.13,0.08111387102469118,0.5201707317872407
1990-08-06,27.28,0.12269795333832102,0.6230204888210299
1990-08-07,27.35,0.0025626958927289704,0.6014106113633708
1990-08-08,25.15,-0.08385863232224214,0.7146477503598198
1990-08-09,25.9,0.0293850721597439,0.7128111753630558
1990-08-10,26.3,0.01532597047822699,0.7120773668969994
1990-08-13,26.63,0.012469460642121894,0.6929790866871115
1990-08-14,27.1,0.017495328059814536,0.690190950505205
1990-08-15,26.53,-0.02125755973600698,0.699097696104695
1990-08-16,27.2,0.024940805152303278,0.6977377501996035
1990-08-17,28.45,0.044931187270388244,0.7012587724284481
1990-08-20,28.9,0.015693434546046547,0.6998964103308287
1990-08-21,29.05,0.0051768881795337274,0.6994337923186271
1990-08-22,30.45,0.04706751085798573,0.7051770787062175
1990-08-23,32.35,0.06052802679100368,0.7102049529003646
1990-08-24,31.65,-0.021875872356724477,0.7159857066940749
1990-08-27,27.65,-0.13511242062184145,0.9060087564765812
1990-08-28,27.65,0.0,0.9053071267430585
1990-08-29,27.65,0.0,0.9073195286579604
1990-08-30,27.5,-0.005439723295818098,0.9079799196921718
1990-08-31,27.8,0.010850016024065844,0.8399814227475242
1990-09-03,30.53,0.09367378605019519,0.8542708742291025
1990-09-04,30.08,-0.014849307665147499,0.7552121661195837
1990-09-05,31.23,0.03751867221334825,0.7636539763951976
1990-09-06,32.15,0.029033279388641208,0.6925049660980036
1990-09-07,31.45,-0.022013467537178835,0.6988200099863925
1990-09-10,31.45,0.0,0.6991564021543816
1990-09-11,32.1,0.0204570469895208,0.700272183596121
1990-09-12,31.28,-0.025877114458859898,0.7096170093013653
1990-09-13,31.88,0.0189999382449039,0.7032133680094059
1990-09-14,33.35,0.04507891843961859,0.7124557703987376
1990-09-17,34.9,0.045429056846748694,0.7127679402573032
1990-09-18,35.95,0.029642254958674265,0.7158694260564724
1990-09-19,35.08,-0.02449791666307354,0.7259049708787867
1990-09-20,35.65,0.016117979356322566,0.7132518482767756
1990-09-21,36.95,0.03581650053390589,0.6950099164235177
1990-09-24,40.75,0.09789019229266095,0.7550061715762484
1990-09-25,39.9,-0.021079515791053934,0.5506646923585994
1990-09-26,40.85,0.02353049741019425,0.5472842281426119
1990-09-27,41.45,0.014581060275292152,0.5433621808914922
1990-09-28,41.0,-0.010915814876996242,0.5468212262765064
1990-10-01,38.95,-0.05129329438755046,0.5984535932377705
1990-10-02,35.45,-0.09415551933862072,0.6435307097157887
1990-10-03,37.55,0.05755012523200716,0.6610286815157531
1990-10-04,37.2,-0.009364616931042746,0.6568773428291864
1990-10-05,39.05,0.04853411500659395,0.6680009518309682
1990-10-08,39.2,0.0038338705107220784,0.6586904760195198
1990-10-09,40.9,0.04245331625233912,0.6665423662846698
1990-10-10,40.2,-0.017263067423780597,0.6736462898625182
1990-10-11,41.15,0.023356931498103417,0.6614285266687316
1990-10-12,39.9,-0.030847603227261048,0.6781169713229365
1990-10-15,38.28,-0.04144875731106418,0.6889793428800455
1990-10-16,38.93,0.01683759503761078,0.67564829511971
1990-10-17,35.33,-0.0970327002513106,0.7556760378761381
1990-10-18,35.65,0.009016685489251023,0.7513551158608603
1990-10-19,33.2,-0.07119927093786199,0.7888276574847726
1990-10-22,27.45,-0.1901837079669033,1.0059178008171747
1990-10-23,28.95,0.05320403606346467,0.9537624085286687
1990-10-24,30.1,0.03895496773582586,0.9724462812356549
1990-10-25,32.9,0.08894748601649612,1.0285523802313494
1990-10-26,33.73,0.024914991302232695,1.0323190141717182
1990-10-29,34.65,0.026910076562353436,1.0400971795965832
1990-10-30,35.5,0.024234970845457966,1.0333830726226017
1990-10-31,34.3,-0.034387342309475946,0.9877176807218533
1990-11-01,35.65,0.03860379268841071,0.9755341299521744
1990-11-02,35.05,-0.016973533379705846,0.9765669956858197
1990-11-05,33.8,-0.036314810991626055,0.964488615679803
1990-11-06,33.2,-0.017910926566530105,0.9643878948563136
1990-11-07,34.55,0.03985767429123589,0.9627203820587066
1990-11-08,34.85,0.008645586992854032,0.9637739665903482
1990-11-09,34.25,-0.01736657249829859,0.9580252656274627
1990-11-12,32.85,-0.04173481977761475,0.9619252655464748
1990-11-13,33.65,0.024061311160117293,0.9610709291739101
1990-11-14,31.95,-0.05184087526719293,0.9697901596856303
1990-11-15,32.2,0.007794271726818923,0.916999203118874
1990-11-16,30.55,-0.052601766932758365,0.9303704913632087
1990-11-19,30.85,0.009772064733792522,0.9022116576307685
1990-11-20,30.1,-0.02461157859656683,0.6033371981690163
1990-11-21,30.65,0.018107490627390206,0.5793297313353624
1990-11-22,31.4,0.024175230531987203,0.5698662241897493
1990-11-23,32.05,0.020489290452471415,0.48063695218858044
1990-11-26,35.1,0.09090394710514117,0.57163871219657
1990-11-27,34.83,-0.00772204609391039,0.5650953878275089
1990-11-28,34.1,-0.021181700088438622,0.5626991582255949
1990-11-29,34.65,0.01600034134644112,0.5530517162080538
1990-11-30,31.2,-0.10487963082047552,0.6442679891386999
1990-12-03,31.25,0.0016012813669738276,0.6436213050021116
1990-12-04,31.5,0.007968169649176881,0.6351011283332065
1990-12-05,30.2,-0.042145621450763504,0.6475262698729045
1990-12-06,27.35,-0.09912539551283372,0.7040553782775358
1990-12-07,28.3,0.03414527578120172,0.7184728454157413
1990-12-10,28.75,0.0157759625941674,0.7232979517689238
1990-12-11,28.03,-0.02536240206666247,0.71595852440561
1990-12-12,27.28,-0.02712153220143555,0.7094029439657031
1990-12-13,27.8,0.018882187721330015,0.6990650289959903
1990-12-14,28.45,0.0231121398757484,0.7050345750375809
1990-12-17,28.2,-0.008826182628272072,0.6845043998234671
1990-12-18,27.55,-0.023319442345144416,0.6858275174348997
1990-12-19,28.13,0.020834086902841834,0.6878422059730562
1990-12-20,27.55,-0.020834086902841914,0.6858511471699819
1990-12-21,26.9,-0.023876248991130198,0.6802035936919633
1990-12-24,27.7,0.029306126585499487,0.6854186523346552
1990-12-26,27.7,0.0,0.5872040059764203
1990-12-27,27.05,-0.023745407900802287,0.5886042815177932
1990-12-28,27.43,0.013950299657021336,0.5942816507808807
1990-12-31,28.35,0.032989725224249165,0.6065658323065882
1991-01-02,26.78,-0.05697168991073459,0.5295106514529935
1991-01-03,25.05,-0.06678151273215265,0.5667459688343733
1991-01-04,24.08,-0.03949220709025366,0.5710570176834893
1991-01-07,25.93,0.0740189791099528,0.6341173335257052
1991-01-08,25.73,-0.007742973256920173,0.5392222866204172
1991-01-09,22.35,-0.14083130523407492,0.703406818665296
1991-01-10,26.58,0.17333273222552137,0.9486490030274805
1991-01-11,26.05,-0.02014128508572327,0.9473208336326037
1991-01-14,29.55,0.12606597565273123,1.0429680517045998
1991-01-15,29.25,-0.010204170174241736,1.042537385850214
1991-01-16,30.28,0.03460785489138266,1.0461663545132343
1991-01-17,21.1,-0.3612143880872272,1.6399184954675645
1991-01-18,19.1,-0.0995847054294366,1.6665538825990094
1991-01-21,19.25,0.007822725681208858,1.6633949267894044
1991-01-22,20.73,0.0740708657138951,1.6936171438190484
1991-01-23,22.15,0.06625557004345624,1.715329629526953
1991-01-24,20.9,-0.058088337520379375,1.717291896921408
1991-01-25,20.8,-0.004796172263492944,1.7169001999997873
1991-01-28,20.4,-0.01941808585710174,1.716644759510643
1991-01-29,20.75,0.017011345826536756,1.7172926921252791
1991-01-30,20.95,0.009592399691439508,1.7112499144028313
1991-01-31,20.7,-0.012004946096823375,1.7042313564857974
1991-02-01,20.8,0.004819286435948922,1.693385529650929
1991-02-04,20.45,-0.01697010421846159,1.6900450316869815
1991-02-05,20.2,-0.012300278081651676,1.6636494807565834
1991-02-06,20.93,0.03550093205074932,1.671732837280216
1991-02-07,20.9,-0.0014343774871431064,1.602402687560696
1991-02-08,20.65,-0.012033839563723565,1.4681364209052234
1991-02-11,21.23,0.027699956308123122,1.4741439244517738
1991-02-12,21.1,-0.006142235233143877,1.3893815056175818
1991-02-13,21.0,-0.004750602758597865,1.38979843527768
1991-02-14,20.5,-0.02409755157906053,1.3778078976814911
1991-02-15,18.35,-0.1107953116437832,0.6990141341670048
1991-02-18,17.68,-0.037195517291082,0.6238722268515018
1991-02-19,17.85,0.009569451016150893,0.6243071640575885
1991-02-20,18.75,0.049190244190771566,0.5903319015526425
1991-02-21,18.55,-0.010723963362975611,0.5308487531633811
1991-02-22,17.8,-0.04127133175540472,0.5139613987302595
1991-02-25,17.83,0.0016839745770094808,0.5149033735320424
1991-02-26,18.0,0.009489326021115813,0.5160932593357059
1991-02-27,18.65,0.03547438819365973,0.5302176691079057
1991-02-28,19.5,0.0445683194798766,0.5556469678323985
1991-03-01,19.33,-0.008756172349461714,0.5551279058746209
1991-03-04,20.2,0.0440243111869196,0.5784411721620816
1991-03-05,20.05,-0.007453450654580779,0.5761471101274671
1991-03-06,19.85,-0.010025146619378707,0.5756355811540708
1991-03-07,19.65,-0.010126668817929271,0.5608585620699857
1991-03-08,19.1,-0.02838900326268591,0.5676390177224359
1991-03-11,18.6,-0.026526754333428597,0.5723314713782178
1991-03-12,18.43,-0.009181809037423775,0.5599234143066175
1991-03-13,20.33,0.09811785595852322,0.6674681231271822
1991-03-14,19.98,-0.01736585441984768,0.6696050290296053
1991-03-15,19.05,-0.04766467164769749,0.6840606894590621
1991-03-18,18.3,-0.04016604172533476,0.5803606831318596
1991-03-19,18.95,0.03490287168106003,0.5760667942436983
1991-03-20,18.98,0.001581861653346408,0.5756364126970832
1991-03-21,18.8,-0.00952892334587828,0.5516065721897732
1991-03-22,18.95,0.00794706169253172,0.5507700960020557
1991-03-25,18.6,-0.018642350809279718,0.5342080437207148
1991-03-26,18.35,-0.013532006218576273,0.5369483862525661
1991-03-27,18.15,-0.010959013789719654,0.5377236744385205
1991-03-28,18.0,-0.008298802814695066,0.5229192389552214
1991-04-01,18.0,0.0,0.4953056293776899
1991-04-02,17.63,-0.02076976148638594,0.498554437522554
1991-04-03,17.75,0.006783519511646047,0.46879605546873576
1991-04-04,18.0,0.01398624197473987,0.47390423320620406
1991-04-05,18.35,0.019257816604414738,0.480902613078908
1991-04-08,18.58,0.012456158885113035,0.48348060334232923
1991-04-09,18.6,0.0010758473334633318,0.4744176693000718
1991-04-10,19.25,0.03434948001463764,0.48040268725916935
1991-04-11,19.5,0.012903404835907782,0.48022845750858073
1991-04-12,19.93,0.02181166865500211,0.3420324171385767
1991-04-15,20.23,0.014940516954950887,0.3407976905205887
1991-04-16,19.9,-0.016446919449207446,0.29979096264055943
1991-04-17,19.85,-0.002515724597247136,0.2584644604896083
1991-04-18,19.4,-0.022930941063917132,0.2484260061965058
1991-04-19,19.18,-0.011404996613990245,0.25216549483516204
1991-04-22,19.78,0.030803256739274074,0.2700285269461493
1991-04-23,19.6,-0.009141759958094513,0.27210193146362877
1991-04-24,19.55,-0.0025542798050968538,0.26255724420121546
1991-04-25,19.6,0.0025542798050967007,0.2561140754238704
1991-04-26,19.63,0.0015294420518981147,0.2510567063261634
1991-04-29,19.95,0.016170135047502848,0.2505899709305201
1991-04-30,19.7,-0.012610507591929696,0.2574104367729492
1991-05-01,19.7,0.0,0.24148828151534663
1991-05-02,19.7,0.0,0.24210096519458088
1991-05-03,19.55,-0.007643349312568012,0.2435342910909402
1991-05-06,19.8,0.012706651269114883,0.23936182370838385
1991-05-07,19.85,0.002522069432709939,0.2372059577426882
1991-05-08,19.8,-0.0025220694327099465,0.23792840879831284
1991-05-09,20.08,0.014042357123038765,0.21331672053889458
1991-05-10,19.53,-0.02777254993494074,0.23279276125065876
1991-05-13,19.25,-0.01444068415479436,0.2238389826293939
1991-05-14,18.95,-0.01570712920535788,0.22036251068962373
1991-05-15,18.8,-0.007947061692531721,0.21580181762921752
1991-05-16,18.75,-0.0026631174194837732,0.215800769063104
1991-05-17,18.75,0.0,0.20297241219129286
1991-05-20,18.9,0.007968169649176881,0.20230161008984757
1991-05-21,19.03,0.006854759242461477,0.16969339529346913
1991-05-22,18.58,-0.023930947922365855,0.18477419842368498
1991-05-23,18.78,0.01070674039442445,0.19039075767165248
1991-05-24,18.83,0.0026588688889439883,0.190422024115258
1991-05-28,19.0,0.008987636497379587,0.193840630268044
1991-05-29,18.75,-0.01324522675002068,0.1865999108138239
1991-05-30,18.73,-0.00106723596042267,0.1833290092442613
1991-05-31,19.0,0.014312462710443315,0.1921845066229647
1991-06-03,19.0,0.0,0.1921845066229647
1991-06-04,18.83,-0.00898763649737949,0.1927618563110031
1991-06-05,18.63,-0.01067815805556394,0.1875589045067979
1991-06-06,18.03,-0.032736147398271104,0.21278657752284239
1991-06-07,18.28,0.013770528810778036,0.22205447443664517
1991-06-10,18.0,-0.015435808129839362,0.2155896907185823
1991-06-11,17.85,-0.00836824967051658,0.19990766541543228
1991-06-12,17.73,-0.00674538813953165,0.1967331722941179
1991-06-13,18.0,0.015113637810048106,0.2023502663725428
1991-06-14,17.7,-0.01680711831638129,0.20764193910386602
1991-06-17,17.85,0.008438868645864824,0.2113111443336696
1991-06-18,18.0,0.00836824967051658,0.21444508491423303
1991-06-19,17.88,-0.006688988150796652,0.2119045877289405
1991-06-20,18.15,0.014987790965491708,0.2182742874499929
1991-06-21,18.43,0.015309210970872107,0.2113916335676083
1991-06-24,18.18,-0.013657682932399143,0.21213006890930472
1991-06-25,18.15,-0.0016515280384730646,0.21157825132748387
1991-06-26,18.1,-0.0027586224390795284,0.20794762767840014
1991-06-27,18.08,-0.0011055833077497552,0.2041215853921881
1991-06-28,18.48,0.021882711249507806,0.21993386583574157
1991-07-01,18.53,0.002701974083730262,0.2135737019960825
1991-07-02,18.55,0.0010787487561756094,0.21368227603228754
1991-07-03,18.5,-0.002699056969165058,0.21187557175036859
1991-07-04,18.48,-0.0010816658707410232,0.20884841388161635
1991-07-05,18.7,0.011834457647002798,0.17640845064513572
1991-07-08,18.98,0.014862269321241012,0.1773846007102042
1991-07-09,19.03,0.0026308881262763952,0.16595131574736097
1991-07-10,19.23,0.010454878292630174,0.162988490241363
1991-07-11,19.2,-0.0015612805669525758,0.15982262960322413
1991-07-12,19.78,0.02976104716083025,0.17971216133240456
1991-07-15,19.6,-0.009141759958094513,0.16996342087768815
1991-07-16,19.83,0.01166637629523293,0.17118415562589226
1991-07-17,20.13,0.015015297119995653,0.17434700954865276
1991-07-18,20.28,0.007423939071282487,0.16886091034147147
1991-07-19,20.28,0.0,0.16677571137382313
1991-07-22,20.08,-0.009910883899454132,0.1705148327336547
1991-07-23,19.58,-0.0252156577211641,0.18932918186861084
1991-07-24,19.33,-0.012850343882124816,0.197011524041351
1991-07-25,19.6,0.01387127301623211,0.1992966161323781
1991-07-26,19.73,0.006610753798052347,0.19869935381179346
1991-07-29,19.58,-0.007631682932159722,0.191708665751303
1991-07-30,19.48,-0.005120338887975224,0.1936403767596955
1991-07-31,19.65,0.00868904010088115,0.19478676343979315
1991-08-01,19.73,0.004062981719253772,0.1938122891590902
1991-08-02,19.4,-0.016867253965241635,0.20543378089315115
1991-08-05,19.5,0.005141399500418652,0.20281704497349773
1991-08-06,19.45,-0.0025673955052458097,0.19780932287415695
1991-08-07,19.35,-0.0051546505886644264,0.19891774185431899
1991-08-08,19.7,0.017926216268151895,0.20507811010299787
1991-08-09,19.58,-0.006109998641578585,0.20643665653250023
1991-08-12,19.63,0.00255037118600551,0.17813945765421949
1991-08-13,19.5,-0.006644542718668501,0.17679372508144767
1991-08-14,19.23,-0.01394290596901275,0.17731303060904052
1991-08-15,19.25,0.0010395011331048442,0.16727303930858656
1991-08-16,19.35,0.0051813587419975845,0.16583358507389634
1991-08-19,20.55,0.0601685214664527,0.27264108521079505
1991-08-20,20.98,0.020708662025907414,0.27829933127060974
1991-08-21,19.55,-0.07059431653677632,0.36521764496047127
1991-08-22,19.53,-0.0010235415427871405,0.3622903685900906
1991-08-23,19.85,0.016252262244611883,0.3634903292162993
1991-08-26,20.03,0.009027142544527396,0.3640893895794573
1991-08-27,20.03,0.0,0.3628416726041001
1991-08-28,19.98,-0.0024993764573194707,0.36239047648239325
1991-08-29,20.3,0.01588911282733427,0.3651116754321539
1991-08-30,20.53,0.01126634498310053,0.36658617132573024
1991-09-02,20.65,0.005828088376199511,0.3603291771069319
1991-09-03,20.55,-0.004854378464798088,0.3612340070185091
1991-09-04,20.25,-0.014706147389695449,0.36579710020392414
1991-09-05,20.1,-0.007434978487517978,0.36643747522677006
1991-09-06,20.13,0.0014914245866698983,0.3617227599909423
1991-09-09,19.85,-0.014007232518500539,0.36470855428162036
1991-09-10,19.93,0.004022127091503924,0.36484068257610097
1991-09-11,20.0,0.0035061393292876095,0.36395158533399263
1991-09-12,20.25,0.01242251999855711,0.3615765181058757
1991-09-13,20.35,0.004926118336056003,0.3616346388729872
1991-09-16,20.53,0.00880631914223826,0.3621724476355246
1991-09-17,20.3,-0.011266344983100555,0.2986060419133545
1991-09-18,20.53,0.01126634498310053,0.29183765306430265
1991-09-19,20.43,-0.0048828222013115475,0.14763379181528705
1991-09-20,20.55,0.0058565321127129685,0.14772539958781772
1991-09-23,20.83,0.013533314330636821,0.14478965772903968
1991-09-24,20.75,-0.0038480085961732175,0.1441143174058314
1991-09-25,20.65,-0.00483092726966558,0.14578654388836512
1991-09-26,21.0,0.016807118316381407,0.15428657914911148
1991-09-27,21.48,0.022599831917240992,0.16318947855943264
1991-09-30,21.43,-0.002330460155178272,0.16096855128272577
1991-10-01,21.15,-0.01315190399319878,0.16859240752445934
1991-10-02,21.3,0.007067167223092573,0.16830998346315956
1991-10-03,21.75,0.020906684819313643,0.16975777778846668
1991-10-04,21.83,0.003671413027159405,0.16512006276012223
1991-10-07,21.98,0.006847778413622961,0.16516517489060129
1991-10-08,21.95,-0.0013658094542950423,0.15297469469399877
1991-10-09,22.43,0.021632209010936657,0.16365342259399093
1991-10-10,22.13,-0.01346519446915868,0.17648208963532896
1991-10-11,22.08,-0.0022619326540637415,0.17584057431602643
1991-10-14,22.6,0.02327768486934584,0.18797372479615104
1991-10-15,22.83,0.010125554263463838,0.1883660086517671
1991-10-16,22.6,-0.010125554263463881,0.18715800743621175
1991-10-17,22.73,0.005735731586211619,0.18584208194190077
1991-10-18,23.0,0.01180857806469784,0.18381429559747367
1991-10-21,22.95,-0.0021762794225955173,0.1857919702127635
1991-10-22,22.65,-0.013158084577511199,0.19365666959495823
1991-10-23,22.48,-0.007533826903552584,0.1959434500225663
1991-10-24,22.25,-0.010284016413241115,0.1998463009584107
1991-10-25,22.35,0.004484312447328586,0.19402345530385412
1991-10-28,21.9,-0.020339684237122787,0.19628131022321474
1991-10-29,21.85,-0.0022857152808558397,0.196272028730224
1991-10-30,21.95,0.004566217979581184,0.18974967302491832
1991-10-31,22.0,0.0022753138371356054,0.1887871206902888
1991-11-01,22.53,0.023805301085837283,0.19275906912523005
1991-11-04,22.73,0.008837883420298792,0.19425736809874705
1991-11-05,22.53,-0.008837883420298762,0.1968300632227561
1991-11-06,22.0,-0.023805301085837255,0.21499367378718073
1991-11-07,21.85,-0.0068415318167166,0.2012638392749577
1991-11-08,21.8,-0.0022909517465558244,0.19638003475520072
1991-11-11,21.45,-0.01618532442101742,0.203553595161031
1991-11-12,21.2,-0.011723463696059259,0.1854389414926793
1991-11-13,21.5,0.014051753455650287,0.1894088080923419
1991-11-14,21.0,-0.02353049741019416,0.20121368447509227
1991-11-15,21.63,0.02955880224154443,0.22986937488466
1991-11-18,21.35,-0.013029500290333684,0.22665695992383827
1991-11-19,21.08,-0.012727016001472177,0.2287909799018257
1991-11-20,20.48,-0.028875923501854407,0.24273155158410528
1991-11-21,20.73,0.012133126276381185,0.24940543526938272
1991-11-22,20.15,-0.02837763805499635,0.26279470301547353
1991-11-25,19.78,-0.018532962198125814,0.2647249125928214
1991-11-26,19.78,0.0,0.25999983809859883
1991-11-27,19.65,-0.006593987879295908,0.25989311118023617
1991-11-28,19.98,0.01665443490513731,0.2687532665801849
1991-11-29,20.08,0.004992521603120984,0.26977644870882195
1991-12-02,19.6,-0.024194728587056766,0.2576286616118399
1991-12-03,19.2,-0.020619287202735818,0.25553860515339855
1991-12-04,19.18,-0.0010422095784436427,0.25665521503617844
1991-12-05,19.15,-0.001565353828637219,0.25052324513860025
1991-12-06,19.05,-0.00523561405394494,0.25056603665292637
1991-12-09,18.25,-0.04290202154420946,0.2797070304378158
1991-12-10,18.1,-0.008253141756720414,0.2782941650905363
1991-12-11,18.28,0.00989562775422384,0.28473627002447743
1991-12-12,18.58,0.016278167359688265,0.28691207254343304
1991-12-13,19.05,0.02498136818701754,0.30048412650696765
1991-12-16,18.55,-0.026597312519265854,0.2823754531895562
1991-12-17,18.13,-0.022901764286684567,0.2869270589608911
1991-12-18,18.15,0.0011025359441001607,0.28792338924239075
1991-12-19,18.15,0.0,0.277631321035333
1991-12-20,18.55,0.02179922834258458,0.28732691389654275
1991-12-23,17.6,-0.052570887009338055,0.32195606792569875
1991-12-24,17.78,0.010175328041652446,0.32372722005202276
1991-12-26,17.78,0.0,0.32372722005202276
1991-12-27,17.75,-0.0016887141643337775,0.323883338714705
1991-12-30,18.0,0.01398624197473987,0.3217769871686066
1991-12-31,17.75,-0.01398624197473984,0.3210891693108711
1992-01-02,18.45,0.03867885456511134,0.34857787001958196
1992-01-03,18.5,0.0027063615977430673,0.34294005617638795
1992-01-06,18.75,0.01342302033214077,0.3469633481503804
1992-01-07,18.4,-0.018843087801479943,0.35238792034092303
1992-01-08,17.3,-0.0616441631112066,0.4087766824213926
1992-01-09,17.18,-0.006960584947624059,0.3845756431535273
1992-01-10,17.23,0.0029061339837290613,0.384552938517152
1992-01-13,18.08,0.04815430442419212,0.42100805175386413
1992-01-14,18.23,0.00826223372654134,0.4178813292071688
1992-01-15,18.38,0.008194528236969135,0.4087241961834079
1992-01-16,18.68,0.01619031587315564,0.40272161362715364
1992-01-17,18.48,-0.01076436658715843,0.3960378645409455
1992-01-20,18.45,-0.001624695727001922,0.3961338757606668
1992-01-21,17.85,-0.03306086226088795,0.4131448741914609
1992-01-22,17.83,-0.0011210763505992614,0.40489912557143765
1992-01-23,18.1,0.015029506396731188,0.3639180218651433
1992-01-24,18.33,0.012627123579833475,0.3647666771128779
1992-01-27,18.55,0.011930727201830634,0.3665060362862893
1992-01-28,18.43,-0.006490017371712278,0.36749407046664434
1992-01-29,18.15,-0.01530921097087221,0.3692518171766155
1992-01-30,18.1,-0.0027586224390795284,0.3657739674736033
1992-01-31,18.15,0.0027586224390796607,0.33926938853331634
1992-02-03,18.35,0.010959013789719602,0.3415350312382304
1992-02-04,18.4,0.0027210901143605863,0.3380768638180805
1992-02-05,18.48,0.004338401598598362,0.3320558433388972
1992-02-06,18.53,0.002701974083730262,0.24424125188258916
1992-02-07,18.58,0.0026946930884238474,0.24141888703114406
1992-02-10,18.95,0.019718198142742897,0.24764003027707587
1992-02-11,18.48,-0.025114865314897226,0.21260476428262573
1992-02-12,18.33,-0.008150004361924527,0.2131828642246421
1992-02-13,18.53,0.01085197844565485,0.2146229301957269
1992-02-14,18.63,0.005382144316228501,0.20775112103816462
1992-02-17,17.65,-0.054037401234191325,0.27790348544920357
1992-02-18,17.7,0.002828856200477623,0.27844497538409996
1992-02-19,17.5,-0.011363758650315095,0.2572638643343463
1992-02-20,17.85,0.01980262729617973,0.26710373902809437
1992-02-21,18.0,0.00836824967051658,0.2633684277493752
1992-02-24,17.4,-0.03390155167568146,0.28324374574805083
1992-02-25,17.43,0.0017226533114463776,0.2788737132380435
1992-02-26,17.28,-0.008643096156019858,0.27931595912677337
1992-02-27,17.55,0.015504186535965254,0.28267612867549824
1992-02-28,17.45,-0.005714301263438776,0.2830138955134057
1992-03-02,17.35,-0.0057471422555678475,0.2828435140319297
1992-03-03,17.05,-0.017442302663342485,0.28337295017713365
1992-03-04,17.28,0.01339955964638371,0.28869083889108743
1992-03-05,17.43,0.008643096156020014,0.2904475754456124
1992-03-06,17.3,-0.007486358028196287,0.2901663728360359
1992-03-09,17.35,0.002886004889135073,0.29021668214049107
1992-03-10,17.35,0.0,0.27833934343808636
1992-03-11,17.2,-0.008683122573460994,0.2684261830117179
1992-03-12,17.35,0.008683122573460857,0.2710085017507111
1992-03-13,17.73,0.021665613693248265,0.28021248045361713
1992-03-16,17.73,0.0,0.27901904559535684
1992-03-17,17.88,0.008424649659251403,0.20814385979685246
1992-03-18,17.65,-0.012946986366062282,0.2131452020293304
1992-03-19,17.65,0.0,0.2092005514675332
1992-03-20,17.75,0.0056497325421191276,0.19811817378845217
1992-03-23,17.58,-0.009623623664393918,0.19804010379479103
1992-03-24,17.65,0.003973891122274857,0.15858700882392288
1992-03-25,17.7,0.002828856200477623,0.15872494467178522
1992-03-26,17.98,0.015695389463690874,0.16294763229068882
1992-03-27,17.85,-0.007256520817826059,0.15798859256271777
1992-03-30,17.98,0.007256520817826105,0.1576314656946701
1992-03-31,19.09,0.05990460869418192,0.25437001903635437
1992-04-01,18.38,-0.03790152081011536,0.2847213150182517
1992-04-02,18.53,0.008127923369727456,0.28301025233155913
1992-04-03,18.63,0.005382144316228501,0.2824631878746417
1992-04-06,18.93,0.015974780607734464,0.28300177163170204
1992-04-07,18.93,0.0,0.28335823925270437
1992-04-08,19.18,0.013120104234060603,0.2845792524560946
1992-04-09,18.95,-0.012064137926856849,0.28682604796427447
1992-04-10,19.05,0.005263170044274691,0.2864591568619675
1992-04-13,19.03,-0.0010504202646518758,0.27999421718441836
1992-04-14,18.85,-0.009503767414038338,0.28335064546869004
1992-04-15,18.6,-0.013351333174864225,0.2880199693945376
1992-04-16,18.95,0.018642350809279774,0.2883177774543287
1992-04-20,18.95,0.0,0.2883177774543287
1992-04-21,19.0,0.0026350476380052534,0.28820841047281487
1992-04-22,18.73,-0.014312462710443292,0.291286690004564
1992-04-23,18.7,-0.001602992595456267,0.2916962929552981
1992-04-24,18.9,0.010638398205055797,0.2929739919055631
1992-04-27,18.9,0.0,0.28951250837092835
1992-04-28,19.18,0.014706147389695487,0.29030059436577066
1992-04-29,19.28,0.005200219727107498,0.29004565447503117
1992-04-30,19.65,0.01900904913287062,0.21420990125221276
1992-05-01,19.83,0.009118604216434338,0.1608584163178166
1992-05-04,19.88,0.0025182586967233927,0.1600475156966042
1992-05-05,19.98,0.005017571991979571,0.15999412718141337
1992-05-06,19.68,-0.01512888159630009,0.16521896683314025
1992-05-07,19.65,-0.0015255533088371798,0.16551847350079624
1992-05-08,19.63,-0.0010183300269005545,0.1604802193067605
1992-05-11,19.73,0.005081311746154307,0.1535964175275575
1992-05-12,19.8,0.003541617665965686,0.15323975038420157
1992-05-13,19.95,0.007547205635382904,0.1540891683961837
1992-05-14,19.75,-0.010075651988741587,0.15465044453989893
1992-05-15,19.7,-0.0025348556031880663,0.14517605640750256
1992-05-18,19.7,0.0,0.13331900550458672
1992-05-19,19.3,-0.020513539833102903,0.15420471265102612
1992-05-20,19.28,-0.0010368067284402492,0.15420019373672758
1992-05-21,19.6,0.01646127705407193,0.15330508305582716
1992-05-22,19.58,-0.0010209291341073447,0.15313813510523064
1992-05-26,20.5,0.04591624904199834,0.2142345863098347
1992-05-27,20.8,0.014528100562909808,0.2168237316944954
1992-05-28,20.73,-0.0033710602595840578,0.21520361661530824
1992-05-29,20.7,-0.001448226176364875,0.21585129391325836
1992-06-01,20.9,0.009615458699441973,0.20964716459138824
1992-06-02,20.85,-0.0023952107259547105,0.20916284643895458
1992-06-03,21.23,0.018061327470354292,0.21609945388847676
1992-06-04,21.08,-0.0070905520420032776,0.21881930631393892
1992-06-05,21.35,0.012727016001472101,0.21161721426086308
1992-06-08,21.25,-0.004694844304207841,0.21291777849895302
1992-06-09,21.13,-0.005663063742460543,0.2148216958862914
1992-06-10,21.05,-0.0037932714995748025,0.21619725204836554
1992-06-11,21.33,0.01321397235486869,0.21903307977124895
1992-06-12,21.28,-0.002346868009815438,0.21943605563335658
1992-06-15,21.3,0.0009394082419358841,0.21437885081516028
1992-06-16,21.13,-0.008013241087414124,0.21717524818885117
1992-06-17,21.03,-0.0047438419133568705,0.21870996237177162
1992-06-18,21.23,0.009465286000556284,0.20191891582428695
1992-06-19,21.13,-0.004721444087199444,0.20359729322304712
1992-06-22,20.83,-0.014299576355084788,0.20839493527227787
1992-06-23,21.35,0.024657484401753145,0.22091828928696913
1992-06-24,21.55,0.009324076875123244,0.1622728508595675
1992-06-25,21.5,-0.0023228814161397496,0.1567824299855304
1992-06-26,21.3,-0.009345862418237658,0.16048050345970463
1992-06-29,21.08,-0.010382349042217912,0.16531386924794622
1992-06-30,20.6,-0.023033647877626007,0.18144354344929733
1992-07-01,20.25,-0.017136282242987355,0.19016665711196973
1992-07-02,20.53,0.013732437478294047,0.1851115189081533
1992-07-03,20.65,0.005828088376199511,0.18568900456412285
1992-07-06,20.45,-0.009732436918231,0.18103829928219212
1992-07-07,19.8,-0.03230094478832118,0.20918735916496337
1992-07-08,19.7,-0.005063301956546762,0.2091146624294061
1992-07-09,19.78,0.004052690450623289,0.21065949132579107
1992-07-10,20.0,0.011060947359424976,0.2086991371522717
1992-07-13,19.83,-0.008536331022286448,0.20953020028966998
1992-07-14,19.98,0.007535830688702924,0.2124613872178173
1992-07-15,19.85,-0.006527766087207948,0.21208581686043995
1992-07-16,20.23,0.0189626440464547,0.225095697207489
1992-07-17,20.2,-0.0014840467724951075,0.22132657697455926
1992-07-20,19.95,-0.012453461071286625,0.22396736478310061
1992-07-21,20.03,0.004002006341854466,0.22101544375150783
1992-07-22,20.23,0.009935501501927171,0.20398289009628134
1992-07-23,20.48,0.012282148991652843,0.20639851130010478
1992-07-24,20.6,0.005842275624228361,0.2083780574278054
1992-07-27,20.58,-0.0009713453896320032,0.20668915460170964
1992-07-28,20.78,0.00967125526517789,0.2076702931930006
1992-07-29,20.68,-0.004823936030853047,0.1919622367652203
1992-07-30,20.48,-0.00971824946892134,0.1851268842234275
1992-07-31,20.38,-0.004894772376728392,0.17956058965309185
1992-08-03,20.33,-0.0024564001543235636,0.1782581592086098
1992-08-04,19.85,-0.0238936205070557,0.1933654001780136
1992-08-05,19.68,-0.008601115509092124,0.1602684893964235
1992-08-06,19.78,0.0050684345704587325,0.16030895864883832
1992-08-07,19.75,-0.0015178348474352362,0.15977958723160207
1992-08-10,19.55,-0.01017820491575604,0.15806307879089768
1992-08-11,19.48,-0.0035869882169857086,0.1560396321610848
1992-08-12,19.65,0.00868904010088115,0.15686926560080156
1992-08-13,19.83,0.009118604216434338,0.15901115613583877
1992-08-14,19.88,0.0025182586967233927,0.14370656781362545
1992-08-17,19.95,0.003514942107444592,0.14446175187580268
1992-08-18,19.9,-0.002509411605425807,0.13814376280687707
1992-08-19,19.8,-0.00503779402995707,0.13829470223953638
1992-08-20,19.63,-0.008622929412119968,0.1354793203450914
1992-08-21,19.68,0.002543883335737681,0.12699104093869817
1992-08-24,19.65,-0.0015255533088371798,0.12385926993791366
1992-08-25,19.68,0.0015255533088371917,0.1244840529718122
1992-08-26,19.63,-0.0025438833357376888,0.11685164818743547
1992-08-27,19.5,-0.006644542718668501,0.11743517724752063
1992-08-28,19.65,0.007662872745569097,0.1199376918310162
1992-08-31,19.65,0.0,0.11963192915263629
1992-09-01,19.88,0.011636862913157674,0.1282175450481936
1992-09-02,20.0,0.006018072325563166,0.0998462669651641
1992-09-03,19.95,-0.0025031302181185884,0.09507200755755119
1992-09-04,20.03,0.004002006341854466,0.09451752476411665
1992-09-07,20.13,0.0049800899739731,0.09536121586494335
1992-09-08,20.3,0.008409646396041701,0.08970594626852038
1992-09-09,20.33,0.001476741592513604,0.08756928314264308
1992-09-10,20.3,-0.0014767415925135176,0.0848738294511398
1992-09-11,20.35,0.002460025840862399,0.08040878387275772
1992-09-14,20.68,0.016086137751624225,0.09546829258830068
1992-09-15,20.5,-0.008742163495865915,0.10203742352609553
1992-09-16,20.43,-0.0034204773148318077,0.10251313105358137
1992-09-17,20.35,-0.0039234969409265765,0.10172134735154967
1992-09-18,20.3,-0.002460025840862423,0.09623510207248002
1992-09-21,20.15,-0.007416597655049819,0.10106609116666165
1992-09-22,20.33,0.008893339247563315,0.10402581810707225
1992-09-23,20.53,0.00978960339058709,0.10780182438906837
1992-09-24,20.43,-0.0048828222013115475,0.10934121469616673
1992-09-25,20.33,-0.0049067811892755,0.10778434590588558
1992-09-28,20.28,-0.0024624489172727225,0.10676588078969047
1992-09-29,20.18,-0.004943163797519542,0.10899250620948787
1992-09-30,20.18,0.0,0.102291354404892
1992-10-01,20.28,0.004943163797519509,0.10165476060981654
1992-10-02,20.4,0.005899722127188102,0.10252196879983085
1992-10-05,20.2,-0.009852296443011594,0.10857106992607457
1992-10-06,20.23,0.0014840467724950225,0.10738274376437495
1992-10-07,20.28,0.002468527543328386,0.1035899847629981
1992-10-08,20.48,0.00981362144832467,0.10901851546653409
1992-10-09,20.48,0.0,0.10882657611172251
1992-10-12,20.8,0.015504186535965254,0.12064611073132209
1992-10-13,20.83,0.00144126856560822,0.10759612591594853
1992-10-14,20.68,-0.007227205632652217,0.10610174244818392
1992-10-15,20.73,0.0024148768074598644,0.10536600661653979
1992-10-16,20.78,0.0024090592233930405,0.10414567562276511
1992-10-19,20.73,-0.002409059223393161,0.10412451444044386
1992-10-20,20.68,-0.0024148768074598753,0.10040666606077489
1992-10-21,20.28,-0.01953187091724584,0.11955154060654206
1992-10-22,20.13,-0.007423939071282392,0.11640804025363295
1992-10-23,20.03,-0.004980089973973135,0.1164500634578726
1992-10-26,19.78,-0.012559823483160834,0.12258939884540306
1992-10-27,19.78,0.0,0.12259348884500613
1992-10-28,19.65,-0.006593987879295908,0.12336147064201249
1992-10-29,19.4,-0.01280427224598774,0.12952415687386495
1992-10-30,19.13,-0.01401528261712089,0.13353345076529338
1992-11-02,19.25,0.006253277281631694,0.1338283009967806
1992-11-03,19.35,0.0051813587419975845,0.1339268165790946
1992-11-04,19.03,-0.016675738167732726,0.14239998385762384
1992-11-05,19.2,0.00889359772567764,0.14711998097771567
1992-11-06,19.13,-0.0036524955815743715,0.1400206826333241
1992-11-09,19.1,-0.0015694483995771446,0.13966718600295064
1992-11-10,19.53,0.022263409836003407,0.1525184108189886
1992-11-11,19.4,-0.0066786788193052135,0.15213241546318076
1992-11-12,19.18,-0.011404996613990245,0.1541364536466775
1992-11-13,19.05,-0.006800967882582127,0.1529171872254508
1992-11-16,19.2,0.007843177461025879,0.1569045383081743
1992-11-17,19.15,-0.0026075634070809417,0.1568844173821117
1992-11-18,19.1,-0.0026143805740707093,0.15686414191213552
1992-11-19,19.48,0.019699963161804796,0.16585440413730518
1992-11-20,19.48,0.0,0.164738324431737
1992-11-23,19.15,-0.017085582587734117,0.17303075984302518
1992-11-24,19.18,0.0015653538286372396,0.16918839407108469
1992-11-25,19.28,0.005200219727107498,0.1707086422970457
1992-11-26,18.93,-0.018320323961168124,0.17994386870105986
1992-11-27,19.08,0.007892700798908983,0.1782387566225022
1992-11-30,19.25,0.008870394713652889,0.17443622569551742
1992-12-01,18.65,-0.03166491464396881,0.204916463337341
1992-12-02,18.38,-0.014583029162283523,0.2081986628974061
1992-12-03,18.2,-0.00984152284479132,0.20360992899295555
1992-12-04,18.35,0.008207980417829802,0.20315583724595335
1992-12-07,18.25,-0.0054644944720788485,0.2034207894865396
1992-12-08,18.08,-0.009358725064470167,0.2048803956465456
1992-12-09,17.8,-0.01560789766599083,0.1882695541067816
1992-12-10,18.28,0.026609108727964507,0.21643702074704904
1992-12-11,18.2,-0.0043859719432544405,0.2142889241338221
1992-12-14,18.03,-0.009384556867523618,0.21512793600904945
1992-12-15,17.8,-0.012838579917186427,0.21438143182497227
1992-12-16,17.9,0.0056022555486697516,0.21673632862531353
1992-12-17,18.18,0.015521375902623556,0.22626470553996367
1992-12-18,18.3,0.0065789710980425605,0.21440752807482588
1992-12-21,18.33,0.001638002004238148,0.214768735545864
1992-12-22,18.08,-0.013732706887583202,0.21227748809210967
1992-12-23,18.23,0.00826223372654134,0.2152350740084629
1992-12-24,18.28,0.0027389773354322177,0.21430412739587715
1992-12-29,17.93,-0.019332278408962483,0.21526974225221293
1992-12-30,17.83,-0.005592855741992549,0.21204453299323717
1992-12-31,17.85,0.0011210763505993101,0.2081373952972259
1993-01-04,17.73,-0.00674538813953165,0.18206103908735624
1993-01-05,17.48,-0.01420074985872715,0.18174349340687249
1993-01-06,17.53,0.002856328705753858,0.1805031318397137
1993-01-07,17.58,0.0028481933238877354,0.17769705378584272
1993-01-08,17.23,-0.020109841717192573,0.18818460119054836
1993-01-11,17.28,0.0028977128360713703,0.18754043956865485
1993-01-12,16.85,-0.02519910657753876,0.19881357681461204
1993-01-13,16.85,0.0,0.16860992679294295
1993-01-14,17.0,0.008862687257845324,0.1742593957825803
1993-01-15,17.28,0.0163364193196936,0.18527721029517719
1993-01-18,17.25,-0.0017376198985408486,0.18105491343022626
1993-01-19,16.98,-0.015775962594167435,0.18558537327597585
1993-01-20,16.7,-0.016627461460491953,0.17953904337241353
1993-01-21,16.88,0.010720769745101695,0.18316338071746022
1993-01-22,17.08,0.011778699192612705,0.19022173669565476
1993-01-25,17.58,0.028853703896607057,0.21637791806846374
1993-01-26,17.93,0.01971339536001068,0.22619140004064092
1993-01-27,17.88,-0.002792517871673522,0.22591542593755432
1993-01-28,18.15,0.014987790965491708,0.2221790936149765
1993-01-29,18.48,0.01801850550267843,0.22886717846601193
1993-02-01,18.55,0.0037807228399061523,0.22896709027293544
1993-02-02,18.4,-0.008119124438504353,0.22966388084971362
1993-02-04,18.65,0.013495481474884509,0.2254026213568786
1993-02-05,18.7,0.0026773777707163942,0.2254057630460401
1993-02-08,18.55,-0.008053734807096716,0.22868482312290375
1993-02-09,18.33,-0.011930727201830641,0.22006242308708668
1993-02-10,18.48,0.008150004361924628,0.2207985172979852
1993-02-11,18.43,-0.002709294531806248,0.1967946155991491
1993-02-12,18.48,0.0027092945318061656,0.19627737018343408
1993-02-15,17.98,-0.027429037170063827,0.22415583371357156
1993-02-16,18.2,0.012161565039275435,0.22139801284368588
1993-02-17,17.93,-0.014946306465708104,0.22915341074462553
1993-02-18,17.83,-0.005592855741992549,0.2218892585094283
1993-02-19,18.3,0.02601862797232639,0.22514476233987932
1993-02-22,18.63,0.01787212476612183,0.2290212825760497
1993-02-23,18.88,0.0133299761038576,0.2296877270909175
1993-02-24,18.88,0.0,0.21268796166325427
1993-02-25,18.83,-0.002651818048293607,0.20504326690776836
1993-02-26,18.83,0.0,0.20439101211489316
1993-03-01,19.03,0.010565338638997177,0.20153111265860899
1993-03-02,18.83,-0.010565338638997238,0.1976468128358946
1993-03-03,18.93,0.0052966225521704855,0.19799528814601777
1993-03-04,19.35,0.021944454254559365,0.2077626805778111
1993-03-05,19.6,0.012837146760680682,0.20733164702597634
1993-03-08,19.28,-0.016461277054071962,0.2173284018448677
1993-03-09,19.23,-0.0025967295817111834,0.21513121556459283
1993-03-10,19.08,-0.007830893580548056,0.21230494413408102
1993-03-11,18.7,-0.020117142159599484,0.2240904460672373
1993-03-12,18.83,0.006927818808519998,0.22480255566129076
1993-03-15,18.88,0.0026518180482936107,0.22479720960160945
1993-03-16,18.55,-0.017633371663910352,0.21133539424909345
1993-03-17,18.6,0.002691791665711353,0.20782495593138492
1993-03-18,18.7,0.005361943141385373,0.19990365508995828
1993-03-19,18.58,-0.00643779047484853,0.2003291216585557
1993-03-22,18.18,-0.02176364463635958,0.1963738107605277
1993-03-23,18.23,0.0027464999412389465,0.1854088262428465
1993-03-24,18.53,0.01632245160669681,0.18859228756575305
1993-03-25,18.6,0.0037705404218872705,0.18926785357759127
1993-03-26,18.55,-0.0026917916657114146,0.18927306760155224
1993-03-29,18.65,0.005376357036380275,0.1904410988114962
1993-03-30,18.45,-0.010781775603288362,0.18922620460234305
1993-03-31,18.7,0.01345915337400471,0.19294706433762954
1993-04-01,18.98,0.014862269321241012,0.19920563578653924
1993-04-02,18.88,-0.005282632464427224,0.18332554405149037
1993-04-05,18.95,0.0037007708110806873,0.17715745950974754
1993-04-06,18.65,-0.015957785438610806,0.17663330291138143
1993-04-07,18.7,0.0026773777707163942,0.17719552456578994
1993-04-08,18.53,-0.009132483563272474,0.17785326857398256
1993-04-13,18.8,0.0144658295386351,0.17223678188479025
1993-04-14,18.73,-0.0037303533799063677,0.1709858660520386
1993-04-15,18.63,-0.005353331842500152,0.1715198343757843
1993-04-16,18.5,-0.007002452529217873,0.1619300381840519
1993-04-19,18.48,-0.0010816658707410232,0.1616292603596562
1993-04-20,18.53,0.002701974083730262,0.1607135508020271
1993-04-21,18.68,0.008062392503427999,0.161735642277743
1993-04-22,18.48,-0.01076436658715843,0.14665228286150386
1993-04-23,18.63,0.008084118399958838,0.14870564035814737
1993-04-26,18.63,0.0,0.13791924486837012
1993-04-27,18.58,-0.0026874512278046415,0.13765998838732
1993-04-28,18.48,-0.005396667172154276,0.13862920618338306
1993-04-29,18.8,0.017167803622365498,0.15012516865512715
1993-04-30,18.85,0.0026560440581162104,0.14465208129019655
1993-05-04,18.9,0.0026490081715768625,0.13761644377824803
1993-05-05,18.85,-0.0026490081715767307,0.1276052094630628
1993-05-06,19.13,0.014744869558141565,0.13636483255687912
1993-05-07,18.98,-0.00787199027037961,0.13894576811278087
1993-05-10,18.98,0.0,0.12615166575689324
1993-05-11,18.83,-0.00793445051272089,0.12951041514760983
1993-05-12,18.9,0.0037105793965357746,0.12525903234251615
1993-05-13,18.7,-0.010638398205055754,0.12122963241784164
1993-05-14,18.4,-0.016172859245601072,0.13283237391730823
1993-05-17,18.28,-0.006543098588935836,0.13340371586657332
1993-05-18,18.18,-0.005485477276671203,0.13263107567074753
1993-05-19,18.13,-0.0027540639825731406,0.13279734229004989
1993-05-20,18.1,-0.0016560864949794933,0.13216016946579112
1993-05-21,18.05,-0.002766253492890185,0.12793845475532223
1993-05-24,18.15,0.005524875931969807,0.12571509383348503
1993-05-25,18.15,0.0,0.1215188427005997
1993-05-26,18.08,-0.003864205746829342,0.12175785425502851
1993-05-27,18.43,0.019173416717701654,0.1409445504952506
1993-05-28,18.43,0.0,0.13976202455794476
1993-06-01,18.48,0.0027092945318061656,0.1254584919845442
1993-06-02,18.48,0.0,0.1248679092287654
1993-06-03,18.15,-0.018018505502678365,0.1372823245851426
1993-06-04,18.25,0.00549451931764078,0.13962202875782573
1993-06-07,18.0,-0.013793322132335873,0.13249798822373024
1993-06-08,18.23,0.012696830794406977,0.14161615623596244
1993-06-09,18.23,0.0,0.14161615623596244
1993-06-10,18.2,-0.0016469946078221211,0.13991621388496683
1993-06-11,17.63,-0.03181959767297081,0.17306664330301902
1993-06-14,17.58,-0.0028401041527479826,0.17100332161513848
1993-06-15,17.3,-0.01605539075329754,0.17088924088248766
1993-06-16,17.33,0.0017326022237813096,0.17109240139347787
1993-06-17,17.23,-0.0057870531876763,0.1711609642194179
1993-06-18,17.13,-0.005820738203809838,0.17153500495115873
1993-06-21,17.18,0.002914604220080849,0.17261342147590225
1993-06-22,17.18,0.0,0.17282230790799963
1993-06-23,17.18,0.0,0.17069597783312998
1993-06-24,17.23,0.0029061339837290613,0.17155175975515913
1993-06-25,17.23,0.0,0.17168026971761938
1993-06-28,17.23,0.0,0.15334142676334647
1993-06-29,17.48,0.014405319687551233,0.1648259833936546
1993-06-30,17.43,-0.0028645106954598683,0.16372504466998972
1993-07-01,16.98,-0.026156678648728234,0.18215343129069966
1993-07-02,16.63,-0.020827887678364986,0.18510765294637385
1993-07-05,16.88,0.01492119596297485,0.19397370858487278
1993-07-06,17.13,0.01470182316821754,0.20033263685348154
1993-07-07,16.9,-0.013517690407000816,0.19604479643353126
1993-07-08,16.55,-0.020927520105955763,0.2044178540980534
1993-07-09,16.53,-0.001209189990139109,0.2045032567887559
1993-07-12,16.78,0.015010789206127204,0.18972635019417633
1993-07-13,16.95,0.010080132787398974,0.19452686725992163
1993-07-14,16.5,-0.02690745291992427,0.20777238858914204
1993-07-15,16.48,-0.0012128564252092936,0.2073102109511442
1993-07-16,16.6,0.007255170881172016,0.20953238271146463
1993-07-19,16.58,-0.0012055456553487812,0.20901853150488678
1993-07-20,16.58,0.0,0.2084765569465565
1993-07-21,16.73,0.009006365291583779,0.21170745948446087
1993-07-22,16.65,-0.004793298572279846,0.2119978446805841
1993-07-23,16.85,0.01194044037191807,0.21661913496399401
1993-07-26,16.85,0.0,0.21661913496399401
1993-07-27,16.85,0.0,0.21661913496399401
1993-07-28,17.13,0.016480655537657676,0.21859654480877813
1993-07-29,17.08,-0.002923123975604812,0.21860306276145566
1993-07-30,16.85,-0.01355753156205292,0.20419142537111623
1993-08-02,16.85,0.0,0.19015797150283192
1993-08-03,16.53,-0.019173744965437955,0.19449205636481048
1993-08-04,16.63,0.006031381371903455,0.18788028152311462
1993-08-05,16.6,-0.0018055978423385712,0.18267933507025935
1993-08-06,16.38,-0.013341616937574373,0.17385261256193826
1993-08-09,16.45,0.004264398786457518,0.17460034925984927
1993-08-10,16.3,-0.009160369398664166,0.1679649764264934
1993-08-11,16.58,0.01703204189443217,0.17549990345136762
1993-08-12,16.78,0.011990551331911322,0.15366064854300449
1993-08-13,16.93,0.008899495105983767,0.15596615174906356
1993-08-16,16.8,-0.007708309735830593,0.1573539490452396
1993-08-17,16.88,0.004750602758597799,0.1578588897049038
1993-08-18,16.63,-0.014921195962974806,0.16706950789372516
1993-08-19,16.63,0.0,0.16393306832268553
1993-08-20,16.68,0.0030021037257644124,0.1634556124661055
1993-08-23,16.83,0.008952611272113884,0.16103503344994732
1993-08-24,16.93,0.0059241879423293075,0.16236341045853364
1993-08-25,16.68,-0.014876799214443199,0.1705938579431472
1993-08-26,16.75,0.0041878613404747154,0.1601895251085308
1993-08-27,17.05,0.01775194545845032,0.1726955989913874
1993-08-31,16.73,-0.01894668873079322,0.17889136834453043
1993-09-01,16.55,-0.010817413175660645,0.18251997835548817
1993-09-02,16.5,-0.0030257209165370676,0.17025974614341666
1993-09-03,16.33,-0.010356473924161249,0.17229218353174824
1993-09-06,16.23,-0.006142525455873813,0.17324230805795127
1993-09-07,15.85,-0.023691881203210263,0.18573721236636412
1993-09-08,15.65,-0.012698583337127319,0.18830509210497667
1993-09-09,15.73,0.005098800084024211,0.18830865855486872
1993-09-10,15.43,-0.019256050695117016,0.1847617719014093
1993-09-13,15.43,0.0,0.17664879676795503
1993-09-14,15.58,0.009674374067532744,0.17738030700373877
1993-09-15,15.35,-0.0148725664093961,0.18098876312785533
1993-09-16,15.43,0.005198192341863225,0.18127713822573763
1993-09-17,15.55,0.007746972250173811,0.18151350231691465
1993-09-20,16.03,0.030401327996218447,0.2156100505445366
1993-09-21,16.25,0.01363094215428475,0.22162163467240267
1993-09-22,15.88,-0.02303245295675682,0.23059536288276522
1993-09-23,15.88,0.0,0.2286873446828446
1993-09-24,16.1,0.013758816171427747,0.2315224796879343
1993-09-27,16.1,0.0,0.23063672483305322
1993-09-28,16.4,0.018462062839735352,0.2314103438308579
1993-09-29,16.78,0.022906366208907618,0.2377814276634597
1993-09-30,17.23,0.026464349500778167,0.2508439638621562
1993-10-01,17.08,-0.008743862179414523,0.2530362688035364
1993-10-04,16.9,-0.010594566431396028,0.2531798617707801
1993-10-05,16.78,-0.007125920889967549,0.25358303693096745
1993-10-06,16.98,0.01184847984414113,0.2383728058473149
1993-10-07,16.88,-0.005906691715390244,0.23375293689608587
1993-10-08,16.98,0.00590669171539018,0.23383482389277424
1993-10-11,17.13,0.008795131452827124,0.2189412602128883
1993-10-12,17.15,0.0011668612759203679,0.2186441517488815
1993-10-13,17.0,-0.008784829555732803,0.22301333236461093
1993-10-14,16.8,-0.011834457647002796,0.21997513260931056
1993-10-15,16.7,-0.005970166986503908,0.2227836753031831
1993-10-18,16.5,-0.01204833851617448,0.22879938261153723
1993-10-19,16.53,0.001816530926398007,0.20564321613189573
1993-10-20,16.68,0.009033485097667826,0.2028127193583237
1993-10-21,16.88,0.011919092237210284,0.18550043103592276
1993-10-22,16.48,-0.023981964686485325,0.20753190588112028
1993-10-25,16.13,-0.02146663234420828,0.2175171835241788
1993-10-26,15.95,-0.011222062906263913,0.22102038580372993
1993-10-27,15.95,0.0,0.21010341442530103
1993-10-28,15.83,-0.007551955337932792,0.19151310713481984
1993-10-29,15.43,-0.02559320751785128,0.17561071631492664
1993-11-01,15.83,0.02559320751785141,0.20486082896990823
1993-11-02,15.63,-0.012714729459535468,0.20589945549171468
1993-11-03,15.83,0.01271472945953545,0.2131091986521269
1993-11-04,15.78,-0.0031635584751926902,0.2063677529771629
1993-11-05,15.73,-0.003173598347541625,0.2061815931350975
1993-11-08,15.28,-0.029024933331812126,0.22135090899147133
1993-11-09,15.33,0.003266909145348321,0.2178023957725043
1993-11-10,15.23,-0.006544525976652314,0.2165580259136711
1993-11-11,15.18,-0.0032883949395866633,0.21639370759771623
1993-11-12,15.08,-0.006609409387673852,0.21518731406265412
1993-11-15,15.25,0.011210140473610516,0.22246247645143985
1993-11-16,15.33,0.0052321898303021065,0.2229568654547971
1993-11-17,15.55,0.014248945741520492,0.2307182738593071
1993-11-18,15.4,-0.00969312920565968,0.22760218747051805
1993-11-19,15.25,-0.00978800636616282,0.22103704629953155
1993-11-22,15.35,0.006535970979785449,0.21285921718157882
1993-11-23,15.25,-0.006535970979785533,0.20292838898546317
1993-11-24,15.13,-0.007899975253156048,0.2014858349369108
1993-11-25,14.35,-0.05292958559463446,0.2662005450626021
1993-11-26,14.28,-0.004889985294191792,0.2660429256468331
1993-11-29,14.05,-0.0162375611316835,0.2587511297610372
1993-11-30,14.23,0.0127300163220061,0.24330101690764552
1993-12-01,14.43,0.013956960684018537,0.250192747338229
1993-12-02,14.15,-0.019594748696532837,0.24834201510914503
1993-12-03,13.95,-0.014235115821872098,0.2500735504229357
1993-12-06,13.9,-0.0035906681307284844,0.25002106206909214
1993-12-07,13.88,-0.0014398850579876432,0.23571032258964697
1993-12-08,13.45,-0.03146984903081049,0.2513436956308736
1993-12-09,13.6,0.011090686694158138,0.2583910585319973
1993-12-10,13.8,0.014598799421152851,0.2674936109451705
1993-12-13,13.9,0.007220247973487097,0.27041864889771094
1993-12-14,14.78,0.061386075383409566,0.3498831954999383
1993-12-15,13.8,-0.06860632335689659,0.41872937136316946
1993-12-16,13.63,-0.012395346454717727,0.413429912396087
1993-12-17,13.85,0.016011986924906244,0.4202850851442985
1993-12-20,13.63,-0.01601198692490615,0.4217194520937428
1993-12-21,13.45,-0.013294139660593285,0.4202707384800096
1993-12-22,13.6,0.011090686694158138,0.424555773533937
1993-12-23,13.55,-0.0036832454162962934,0.42450081087722047
1993-12-24,13.38,-0.012625492625627456,0.3889340025628614
1993-12-29,13.13,-0.018861366385377554,0.3926325288266691
1993-12-30,13.2,0.005317141277620339,0.39126379497478575
1993-12-31,13.18,-0.0015163005179639638,0.38715090223482085
1994-01-04,13.43,0.018790481460785134,0.39027016037549656
1994-01-05,14.1,0.04868378684897642,0.424762973210323
1994-01-06,14.55,0.031416196233378914,0.4350284415909269
1994-01-07,14.63,0.005483221414531401,0.4346932059226375
1994-01-10,14.15,-0.03335959094278634,0.4519993264660532
1994-01-11,14.1,-0.0035398267051240623,0.4368856667880138
1994-01-12,13.9,-0.014285957247476428,0.43925115523937935
1994-01-13,13.75,-0.010850016024065818,0.438197727432612
1994-01-14,14.1,0.02513597327154224,0.44632581537828864
1994-01-17,14.4,0.02105340919783248,0.3962664191135626
1994-01-18,14.1,-0.02105340919783238,0.32161389226737325
1994-01-19,14.25,0.010582109330537008,0.31937558939838473
1994-01-20,14.1,-0.010582109330536972,0.3180826134576565
1994-01-21,14.23,0.009177614717638364,0.3131867298041026
1994-01-24,14.35,0.008397530103869004,0.308778144805628
1994-01-25,14.63,0.019324272826402842,0.3127597429587447
1994-01-26,14.8,0.011552965738036483,0.3128184746214053
1994-01-27,14.78,-0.0013522652500137608,0.30757113099775973
1994-01-28,14.65,-0.008834580056979326,0.2997386809303087
1994-01-31,14.83,0.012211820686764463,0.30071789193765064
1994-02-01,15.03,0.013396047615042306,0.3007430576984015
1994-02-02,15.4,0.02431930565470034,0.3042363772496877
1994-02-03,15.48,0.0051813587419975845,0.26276322858678935
1994-02-04,14.93,-0.036176256610482065,0.2791610750666083
1994-02-07,14.6,-0.022351082836808246,0.2902463749447024
1994-02-08,14.13,-0.03272133201785463,0.28933174559461294
1994-02-09,13.53,-0.043390754513739506,0.32597120182667794
1994-02-10,13.58,0.0036886799478533672,0.3233471380910387
1994-02-11,13.7,0.008797710703529131,0.3230523361901012
1994-02-14,13.4,-0.022141125877213518,0.3178538286681477
1994-02-15,13.13,-0.020355018642160824,0.3116210101727986
1994-02-16,13.08,-0.0038153422856522312,0.3056759030004706
1994-02-17,13.28,0.015174798019235132,0.30875465994883045
1994-02-18,13.0,-0.021309786586750985,0.3141076960026492
1994-02-21,13.05,0.003838776307165667,0.31185021889846487
1994-02-22,13.2,0.01142869582362263,0.3135556281072408
1994-02-23,13.2,0.0,0.30240838060536357
1994-02-24,13.4,0.015037877364540502,0.30502668977552283
1994-02-25,13.33,-0.0052375727662484104,0.30478109793395836
1994-02-28,13.59,0.019317093972435112,0.31563036427845936
1994-03-01,13.45,-0.010355122115204247,0.31105486381861497
1994-03-02,13.5,0.0037105793965357746,0.3057384381118335
1994-03-03,13.55,0.0036968618813262026,0.28859006953917044
1994-03-04,13.43,-0.008895536790563803,0.2857660282434482
1994-03-07,13.13,-0.022591322220441343,0.271676373631158
1994-03-08,13.15,0.0015220703090686718,0.26623515368096884
1994-03-09,13.3,0.01134227660393451,0.2517486149441026
1994-03-10,13.23,-0.005277057100843781,0.204701275037567
1994-03-11,13.7,0.03490885470721491,0.2394600315361645
1994-03-14,14.03,0.02380206128029043,0.25141751648227184
1994-03-15,14.28,0.017662062797068796,0.2426457773456684
1994-03-16,14.3,0.0013995803544232636,0.2274570979078737
1994-03-17,14.25,-0.003502630551202112,0.22732313354004352
1994-03-18,14.05,-0.014134510934904693,0.2319254508321024
1994-03-21,14.55,0.034968597837746855,0.2403501382903423
1994-03-22,14.8,0.0170361871525678,0.24362067924341274
1994-03-23,14.5,-0.020478531343540676,0.2592232970365501
1994-03-24,14.53,0.002066828155662667,0.2588725747429898
1994-03-25,14.58,0.003435248998320617,0.25606678307665953
1994-03-28,13.75,-0.05861190246793177,0.33497198718616705
1994-03-29,13.38,-0.02727776941249788,0.34250810220127753
1994-03-30,13.23,-0.011274076573218108,0.34284772257426316
1994-03-31,13.25,0.0015105743053668514,0.34256880597465766
1994-04-05,14.33,0.07835768940784929,0.43917469452279717
1994-04-06,14.33,0.0,0.43730131811432643
1994-04-07,14.4,0.004872964741874408,0.4272127021412839
1994-04-08,14.3,-0.006968669316093316,0.42894155476716356
1994-04-11,14.73,0.02962669320867732,0.4374806697394069
1994-04-12,14.8,0.0047409502955305894,0.43592863627787587
1994-04-13,15.0,0.01342302033214055,0.4237494825033769
1994-04-14,15.28,0.01849458263616431,0.4210647719059391
1994-04-15,15.23,-0.0032776168313038753,0.4187861413247732
1994-04-18,15.48,0.01628170125451061,0.4212056827943168
1994-04-19,15.13,-0.02286934036131647,0.43065900243925254
1994-04-20,15.3,0.011173300598125255,0.4269880637872627
1994-04-21,15.63,0.02133931603499539,0.41705108650885686
1994-04-22,16.28,0.04074521614100904,0.4345324862194823
1994-04-25,16.38,0.006123717850528984,0.42489969345081896
1994-04-26,16.05,-0.02035222884889842,0.4343768377906003
1994-04-27,15.75,-0.018868484304382805,0.4420235379347497
1994-04-28,15.65,-0.006369448285479823,0.38227458490550403
1994-04-29,15.35,-0.01935544295295609,0.3744472297292744
1994-05-03,15.93,0.03708864988875093,0.382840163093503
1994-05-04,15.95,0.001254705308896434,0.3829029370301696
1994-05-05,15.85,-0.00628932890756399,0.2903263618753771
1994-05-06,16.25,0.024923408452456934,0.2978730433188577
1994-05-09,16.33,0.004910998206627138,0.2978712793608819
1994-05-10,16.25,-0.004910998206627139,0.2968268730739483
1994-05-11,16.1,-0.009273636785329102,0.28842612897592673
1994-05-12,16.25,0.009273636785329033,0.288953243631196
1994-05-13,16.5,0.01526747213078838,0.28974442854134896
1994-05-16,16.23,-0.016498999380035077,0.2938358488581398
1994-05-17,15.83,-0.024954507633579082,0.308767796311461
1994-05-18,15.98,0.009431066445207775,0.30562651472093355
1994-05-19,16.15,0.010582109330536788,0.2937365732210224
1994-05-20,16.23,0.004941331857834443,0.2923703098782504
1994-05-23,16.63,0.02434691167833648,0.2949462898417893
1994-05-24,16.63,0.0,0.26098135705058334
1994-05-25,16.33,-0.01820438622246258,0.26847768890197643
1994-05-26,16.08,-0.015427643231553441,0.2643173314933152
1994-05-27,16.08,0.0,0.2551899476045642
1994-05-31,16.18,0.006199647879525429,0.2543373170707745
1994-06-01,16.4,0.013505423199806972,0.24556886845009082
1994-06-02,16.35,-0.0030534374868901202,0.21286098618570315
1994-06-03,16.13,-0.013547005206145055,0.21893632340655705
1994-06-06,16.18,0.003095019493228137,0.21766073590644539
1994-06-07,15.95,-0.01431708239949205,0.20537415943953388
1994-06-08,15.65,-0.018987912244691343,0.21340191708630654
1994-06-09,16.13,0.03020997515095514,0.240391887809265
1994-06-10,16.38,0.015380186287805868,0.2440077497791571
1994-06-13,16.23,-0.009199696898423487,0.2443358945099577
1994-06-14,16.4,0.010419953303652878,0.24105976635030518
1994-06-15,16.73,0.01992218016857999,0.2432087949688388
1994-06-16,16.88,0.008925974169078263,0.22446757561506914
1994-06-17,17.13,0.01470182316821754,0.22708043525452462
1994-06-20,17.38,0.014488807501217378,0.2290516970204697
1994-06-21,17.63,0.014281876572532975,0.23206036386086876
1994-06-22,17.48,-0.008544626182389421,0.22342709158667293
1994-06-23,17.3,-0.010350868723656162,0.22765001330463158
1994-06-24,17.4,0.005763704716749913,0.21583964114592757
1994-06-27,17.4,0.0,0.2055967593732412
1994-06-28,16.98,-0.024434025337282023,0.22748081787721772
1994-06-29,17.23,0.014615869656637099,0.231002977667168
1994-06-30,17.45,0.012687598108597877,0.23055101800405275
1994-07-01,17.65,0.011396134730869582,0.23123872607171103
1994-07-04,17.5,-0.008534902449837331,0.22715983295953987
1994-07-05,17.13,-0.02136956859343993,0.24345205480384938
1994-07-06,16.9,-0.013517690407000816,0.24276207847295758
1994-07-07,16.78,-0.007125920889967549,0.2326423714371032
1994-07-08,17.0,0.013025643017155843,0.21452610113319256
1994-07-11,17.48,0.027844026171173396,0.22788297908648195
1994-07-12,18.25,0.04310770980111111,0.26183417482230154
1994-07-13,18.25,0.0,0.2618982595271214
1994-07-14,18.33,0.004373981823112986,0.25628124119605056
1994-07-15,18.15,-0.009868501140753891,0.2602907216991874
1994-07-18,17.5,-0.03646967978139133,0.2909805020820382
1994-07-19,17.2,-0.01729149711006111,0.2932591068766253
1994-07-20,17.35,0.008683122573460857,0.2903310210091279
1994-07-21,17.45,0.005747142255567851,0.2897246161041944
1994-07-22,17.58,0.007422243608594798,0.28832554223681606
1994-07-25,17.35,-0.013169385864162525,0.291629888040705
1994-07-26,17.43,0.004600353139061213,0.292092171598633
1994-07-27,17.83,0.022689572343119364,0.2878406881155197
1994-07-28,18.0,0.009489326021115813,0.2856219983427207
1994-07-29,18.48,0.026317308317373358,0.2957226443908371
1994-08-01,19.03,0.029327615094520136,0.3085869656724066
1994-08-02,18.48,-0.029327615094520063,0.32674821831706957
1994-08-03,18.48,0.0,0.31518128063250656
1994-08-04,18.43,-0.002709294531806248,0.3099602899020703
1994-08-05,17.78,-0.03590554159597334,0.33789893696697093
1994-08-08,17.93,0.00840105753128285,0.336504935930976
1994-08-09,17.68,-0.014041230407544165,0.3279870902810444
1994-08-10,17.33,-0.019994953481982707,0.2960929569883978
1994-08-11,17.5,0.009761777201953833,0.2990325595236491
1994-08-12,17.1,-0.02312241742085415,0.3067208593372138
1994-08-15,16.75,-0.020680205237538746,0.31187808177816834
1994-08-16,16.68,-0.004187861340474741,0.28846972031549645
1994-08-17,16.28,-0.02427303635620642,0.29400646452156975
1994-08-18,16.3,0.0012277472383223377,0.2915195405516257
1994-08-19,16.13,-0.010484215675599208,0.29082371582323696
1994-08-22,15.25,-0.05610138908369685,0.3392991809132054
1994-08-23,15.3,0.0032733253449691085,0.34017187663448867
1994-08-24,15.8,0.03215711163453144,0.36356842976443426
1994-08-25,15.75,-0.0031695747612790672,0.3498199048040516
1994-08-26,15.85,0.00632913505164753,0.3482351387522291
1994-08-30,15.78,-0.004426184905561499,0.32791450613002915
1994-08-31,16.03,0.015718651203733554,0.31162992703519277
1994-09-01,16.03,0.0,0.3029807276012575
1994-09-02,15.88,-0.009401510802471976,0.30208178135457353
1994-09-05,15.6,-0.01778954156349841,0.3037565549701007
1994-09-06,15.95,0.022187914975362138,0.30302437629378154
1994-09-07,16.03,0.0050031373906080775,0.301330517745234
1994-09-08,16.05,0.0012468829545633521,0.30041676688598046
1994-09-09,15.93,-0.0075047256540678045,0.2954294514122698
1994-09-12,15.83,-0.0062972500290363305,0.2912035744126709
1994-09-13,15.48,-0.02235800573133971,0.2906081925612861
1994-09-14,15.4,-0.005181358741997629,0.28479767936727474
1994-09-15,15.25,-0.00978800636616282,0.2855036999865175
1994-09-16,15.3,0.0032733253449691085,0.2770040081015199
1994-09-19,15.45,0.009756174945364656,0.2801843546261121
1994-09-20,15.78,0.02113431207397379,0.29013514205037266
1994-09-21,15.8,0.0012666246151929834,0.2099461129796627
1994-09-22,15.9,0.006309169193264756,0.21049777451785662
1994-09-23,16.3,0.024845998586530804,0.1984025991287856
1994-09-26,16.1,-0.012345835822299266,0.20359282942911963
1994-09-27,16.1,0.0,0.20270225507137585
1994-09-28,16.2,0.00619197024792098,0.20262624029903945
1994-09-29,16.6,0.024391453124159267,0.21241941296042174
1994-09-30,16.73,0.007800819636235019,0.2133662598888918
1994-10-03,16.85,0.00714714179963824,0.2098618659476361
1994-10-04,16.7,-0.008941937375661393,0.2009614962509226
1994-10-05,16.5,-0.01204833851617448,0.19521171112970345
1994-10-06,16.63,0.007847912298301321,0.19608075098260094
1994-10-07,16.93,0.017878902940207764,0.20385375492671273
1994-10-10,16.7,-0.013678476722334501,0.2087504815226535
1994-10-11,16.38,-0.01934764099778612,0.22006984752348055
1994-10-12,16.08,-0.018484814674103102,0.21510410066557964
1994-10-13,15.63,-0.028384119317434897,0.23836650350482924
1994-10-14,15.58,-0.003204103990783125,0.23579157721296826
1994-10-17,15.75,0.010852324829039908,0.23815421750176713
1994-10-18,16.13,0.023840526865475296,0.24913982228987636
1994-10-19,16.28,0.009256468437276963,0.24093902363660938
1994-10-20,16.53,0.015239551258538545,0.24559617208843393
1994-10-21,16.35,-0.010949014489670358,0.24916484801633615
1994-10-24,16.48,0.007919627138063224,0.23556335445448126
1994-10-25,16.48,0.0,0.23090138562967713
1994-10-26,16.88,0.023981964686485405,0.24401991036689935
1994-10-27,17.08,0.011778699192612705,0.24591629463003375
1994-10-28,17.18,0.005837728195685625,0.2331933032390728
1994-10-31,17.18,0.0,0.23215801992672855
1994-11-01,17.4,0.012724289664374073,0.23472846626932953
1994-11-02,17.58,0.010291686036547506,0.2333693770782933
1994-11-03,17.75,0.009623623664394043,0.2284334564543877
1994-11-04,18.0,0.01398624197473987,0.23088969603859222
1994-11-07,17.78,-0.012297527810406083,0.23131830704926687
1994-11-08,17.38,-0.022754110248512645,0.24116056875170439
1994-11-09,17.55,0.009733830074628929,0.2296419095705794
1994-11-10,17.2,-0.020144566092467574,0.23168732835840142
1994-11-11,17.38,0.010410736017838509,0.20212797113672223
1994-11-14,17.25,-0.007507976359877195,0.20487464317031265
1994-11-15,16.98,-0.015775962594167435,0.21553148981540649
1994-11-16,16.8,-0.01065729447398798,0.2076590576994646
1994-11-17,16.53,-0.01620197457628037,0.2149527582144067
1994-11-18,16.45,-0.004851434621552012,0.2090459236815873
1994-11-21,17.25,0.047486666265987874,0.26247637872457974
1994-11-22,17.2,-0.0029027596579614626,0.26236492872997
1994-11-23,16.88,-0.01877989465159636,0.272086833568171
1994-11-24,16.95,0.004138344658648129,0.25949015433467365
1994-11-25,17.0,0.0029455102297569658,0.256307263011303
1994-11-28,16.95,-0.002945510229756803,0.255494744521425
1994-11-29,17.0,0.0029455102297569658,0.25579154919758534
1994-11-30,16.95,-0.002945510229756803,0.25130304810322907
1994-12-01,16.98,0.0017683470567419492,0.24808558907588604
1994-12-02,16.35,-0.037808283539938786,0.27397882640056587
1994-12-05,15.93,-0.02602377342130536,0.27609382160557805
1994-12-06,16.05,0.007504725654067792,0.2787466766797825
1994-12-07,15.83,-0.013801975683104182,0.27318103653045067
1994-12-08,16.13,0.01877401824419661,0.28078361285661596
1994-12-09,16.08,-0.0031046283862971816,0.27458841697683734
1994-12-12,15.98,-0.006238323412691591,0.2702072598881353
1994-12-13,15.73,-0.01576822326794219,0.2730588475188225
1994-12-14,15.83,0.006337156822734371,0.27218664807997156
1994-12-15,15.6,-0.014635959637429493,0.27387812799084627
1994-12-16,15.48,-0.007722046093910278,0.2704884242292657
1994-12-19,15.58,0.006439172281021233,0.27240145312634473
1994-12-20,15.73,0.009581676627584329,0.20883697572038468
1994-12-21,15.65,-0.005098800084024181,0.20877813867408937
1994-12-22,15.6,-0.0032000027306709027,0.2022213661644342
1994-12-23,15.55,-0.0032102756302480988,0.20019926372047647
1994-12-28,16.08,0.033515625125576924,0.23817155266050083
1994-12-29,16.25,0.010516645024926366,0.24248708113604675
1994-12-30,16.23,-0.0012315272492466737,0.24184273477824708
1995-01-03,15.88,-0.021800925707510195,0.25120713427025443
1995-01-04,15.93,0.0031436681029675356,0.251588209642933
1995-01-05,16.13,0.012476768215160246,0.22266880489566
1995-01-06,16.35,0.013547005206145121,0.20751952428070558
1995-01-09,16.08,-0.016651633592442257,0.21506428855684595
1995-01-10,16.0,-0.004987541511038939,0.2099987630838993
1995-01-11,16.4,0.024692612590371414,0.21735705621862791
1995-01-12,16.48,0.004866189651172906,0.21731107716011946
1995-01-13,16.2,-0.017136282242987355,0.22513072654192842
1995-01-16,16.38,0.011049836186584935,0.21958577076645713
1995-01-17,16.78,0.024126622614136884,0.2323618320751972
1995-01-18,16.95,0.010080132787398974,0.2246733907378056
1995-01-19,17.08,0.007640354533964579,0.22088612326231066
1995-01-20,17.23,0.008743862179414624,0.2212608613379008
1995-01-23,17.0,-0.013438706483622213,0.22921158930743202
1995-01-24,17.15,0.008784829555732811,0.2275379969008117
1995-01-25,16.98,-0.009961992728747576,0.23153878541148545
1995-01-26,16.73,-0.014832665884468648,0.23948615355210348
1995-01-27,16.38,-0.02114243657380935,0.22767789132069116
1995-01-30,16.68,0.01814931850567727,0.23321624160275223
1995-01-31,16.8,0.007168489478612497,0.23390721174757198
1995-02-01,17.05,0.014771317320312503,0.2217112797198416
1995-02-02,17.0,-0.0029368596733097135,0.2227926819553773
1995-02-03,17.4,0.023256862164267183,0.23147258179747077
1995-02-06,17.08,-0.018562017860059538,0.2406452361578927
1995-02-07,17.05,-0.0017579846308978433,0.23139061774821912
1995-02-08,17.03,-0.0011737090549288167,0.23014940113778495
1995-02-09,16.85,-0.01062583787622619,0.2204643920805374
1995-02-10,16.85,0.0,0.220113707292464
1995-02-13,16.88,0.0017788323694402312,0.2099315545639885
1995-02-14,17.0,0.007083854888405042,0.20820985555735597
1995-02-15,17.1,0.005865119452398058,0.19252130745892987
1995-02-16,17.13,0.0017528488274141652,0.1896577364305853
1995-02-17,17.4,0.01563889388445473,0.19538781931249918
1995-02-20,17.43,0.0017226533114463776,0.19333202327912039
1995-02-21,17.18,-0.014446942975820243,0.1942804094313017
1995-02-22,17.08,-0.005837728195685639,0.19302439052440518
1995-02-23,17.1,0.0011702751481904663,0.18975118382398073
1995-02-24,17.1,0.0,0.18159311515785598
1995-02-27,17.35,0.014514042884254012,0.16822395507912613
1995-02-28,17.23,-0.006940455853029956,0.1615867288282232
1995-03-01,16.85,-0.02230139374146741,0.17987664279980115
1995-03-02,16.55,-0.017964554975298884,0.18206176290518578
1995-03-03,16.68,0.007824295107528705,0.18472695913057352
1995-03-06,16.75,0.0041878613404747154,0.1639417736953762
1995-03-07,16.85,0.005952398527295352,0.15408252696704788
1995-03-08,16.73,-0.007147141799638196,0.15569525070577034
1995-03-09,16.65,-0.004793298572279846,0.15627857000340523
1995-03-10,16.5,-0.009049835519917815,0.15515626427989207
1995-03-13,16.3,-0.012195273093818243,0.1598467516063644
1995-03-14,16.33,0.0018387991696568618,0.15986276394159335
1995-03-15,16.38,0.0030571714425495786,0.15770793908765862
1995-03-16,16.5,0.007299302481611535,0.15865809182635596
1995-03-17,16.55,0.0030257209165371114,0.15906795730737375
1995-03-20,16.83,0.01677690637964268,0.16066638003883282
1995-03-21,16.8,-0.00178412179350122,0.16021504977937745
1995-03-22,17.08,0.016529301951210506,0.16514939309765964
1995-03-23,17.48,0.023149181866965622,0.18247188454116176
1995-03-24,17.65,0.009678413151916369,0.18487621482700914
1995-03-27,17.83,0.010146648495743312,0.18716091921301897
1995-03-28,17.85,0.0011210763505993101,0.18153510351208568
1995-03-29,18.05,0.011142176553241803,0.1819330507650071
1995-03-30,17.98,-0.0038856557354157418,0.1605997988764595
1995-03-31,17.98,0.0,0.14189094653200748
1995-04-03,17.88,-0.005577259298106265,0.14483995826218907
1995-04-04,18.03,0.008354267469857945,0.14587418754217946
1995-04-05,18.35,0.01759253728535336,0.1536965184963442
1995-04-06,18.5,0.008141157583699866,0.14869208723565389
1995-04-07,18.45,-0.0027063615977430252,0.14716543100297985
1995-04-10,18.15,-0.016393809775676497,0.1577478217379375
1995-04-11,18.63,0.02610262390263739,0.16228112463968317
1995-04-12,18.73,0.00535333184250008,0.1615015735206988
1995-04-13,17.98,-0.04086648741252292,0.23038622719547722
1995-04-18,18.55,0.031209760009969934,0.2483190799216469
1995-04-19,18.73,0.009656727402552903,0.24852313094340894
1995-04-20,19.15,0.02217619917065783,0.2521795878316147
1995-04-21,19.18,0.0015653538286372396,0.2511165466753545
1995-04-24,19.05,-0.006800967882582127,0.25215549664226694
1995-04-25,19.35,0.015625317903080815,0.24669441900925348
1995-04-26,18.9,-0.023530497410194272,0.2646560476194747
1995-04-27,19.08,0.009478743954543739,0.26444704392385576
1995-04-28,18.98,-0.0052548728383585855,0.26600445807365736
1995-05-01,19.38,0.020855813280838333,0.27185024721633455
1995-05-02,18.83,-0.0287902637935592,0.2931020175534981
1995-05-03,18.33,-0.02691228081744742,0.30998674056133296
1995-05-04,18.68,0.01891437094908295,0.3150889164515229
1995-05-05,18.85,0.009059481093323385,0.3152751478846216
1995-05-08,18.78,-0.003720440113902988,0.31070582124835666
1995-05-09,18.12,-0.035776173165283594,0.334505065059396
1995-05-10,18.1,-0.0011043623430532139,0.33444742011385675
1995-05-11,18.08,-0.0011055833077497552,0.3296896570112446
1995-05-12,18.23,0.00826223372654134,0.31732749077071953
1995-05-15,18.43,0.010911182991160215,0.31931480728294254
1995-05-16,18.53,0.005411268615536677,0.28442876349373364
1995-05-17,18.5,-0.0016203082129893137,0.2630591917690074
1995-05-18,18.23,-0.014702143393707427,0.2651674536268542
1995-05-19,18.43,0.010911182991160215,0.2552948723230581
1995-05-22,18.38,-0.0027166547541910132,0.2550091526978537
1995-05-23,18.48,0.005425949285997205,0.2556428131657973
1995-05-24,18.55,0.0037807228399061523,0.24887968635795382
1995-05-25,18.0,-0.030098031157279527,0.25694410068822293
1995-05-26,17.8,-0.011173300598125189,0.2549434782185039
1995-05-30,17.43,-0.02100559776610995,0.26219541946437613
1995-05-31,17.58,0.008569032725101367,0.2506878562293479
1995-06-01,17.7,0.00680274732275262,0.23745950284077197
1995-06-02,17.9,0.011236073266925752,0.22541476718929504
1995-06-05,18.23,0.018267875843862476,0.22470040020160556
1995-06-06,17.95,-0.015478473756283816,0.22670595683903974
1995-06-07,18.13,0.009977909832471833,0.23058020787126607
1995-06-08,17.93,-0.011092737149718122,0.1981622091571398
1995-06-09,17.68,-0.014041230407544165,0.20364921486400245
1995-06-12,17.63,-0.002832060799718507,0.20373569014676732
1995-06-13,17.83,0.011280435465270206,0.20576016808314135
1995-06-14,17.63,-0.01128043546527019,0.2038484688329589
1995-06-15,17.95,0.01798811852450893,0.21409603547079126
1995-06-16,17.75,-0.011204599012863019,0.2167141257850437
1995-06-19,16.93,-0.04729831977638086,0.2649019239995696
1995-06-20,16.98,0.0029489847381573005,0.2608402244274222
1995-06-21,16.5,-0.02867579997666631,0.27449714375264367
1995-06-22,16.55,0.0030257209165371114,0.27345718676719616
1995-06-23,16.4,-0.009104766992919316,0.2717315568092697
1995-06-26,16.55,0.009104766992919287,0.26142185959404185
1995-06-27,16.63,0.004822191381764228,0.2617631039945212
1995-06-28,16.95,0.01905954062162296,0.2642786896622086
1995-06-29,16.5,-0.02690745291992427,0.2758561238962331
1995-06-30,16.58,0.0048367688006138,0.27505704962592253
1995-07-03,16.35,-0.013969252363886277,0.2723345135574559
1995-07-04,15.93,-0.02602377342130536,0.26926467414998206
1995-07-05,16.0,0.004384598317824126,0.26963829555360364
1995-07-06,16.15,0.009331327428884222,0.2691802722548253
1995-07-07,16.1,-0.003100777678248048,0.26851356110461927
1995-07-10,15.88,-0.013758816171427697,0.2683971771977662
1995-07-11,15.93,0.0031436681029675356,0.2698315103610334
1995-07-12,16.03,0.006257842699504494,0.26659495068369765
1995-07-13,15.98,-0.003124026283333032,0.26569569950655847
1995-07-14,15.8,-0.011328000305207472,0.2533012906659314
1995-07-17,15.73,-0.004440222962734687,0.2526583941492855
1995-07-18,15.68,-0.0031837021479246904,0.2024948334564247
1995-07-19,15.8,0.007623925110659366,0.20504663368527318
1995-07-20,15.68,-0.007623925110659371,0.18430714693452793
1995-07-21,15.35,-0.02127054088905562,0.19420117194364214
1995-07-24,15.38,0.0019524900442918897,0.1940180814375834
1995-07-25,15.48,0.0064809040840831415,0.19214949352816643
1995-07-26,16.0,0.03303985407820009,0.22840412163189378
1995-07-27,15.98,-0.0012507819016526025,0.21545822227828224
1995-07-28,15.93,-0.0031338164161714595,0.1968895903141381
1995-07-31,15.78,-0.00946080850422896,0.19716160250455547
1995-08-01,16.1,0.020075956572689225,0.2069232750499887
1995-08-02,16.13,0.0018616201467001076,0.1854097592287234
1995-08-03,15.99,-0.008717365291254517,0.18757723704762072
1995-08-04,16.08,0.005612736904957385,0.1856715931650984
1995-08-07,15.9,-0.011257154524634334,0.1893860576850744
1995-08-08,16.0,0.006269613013595395,0.18449082503893288
1995-08-09,16.13,0.008092169897336195,0.18622039272443552
1995-08-10,16.08,-0.0031046283862971816,0.18545522787135504
1995-08-11,16.23,0.009285117775679698,0.18766510944443007
1995-08-14,15.93,-0.0186572576045427,0.1951706706858311
1995-08-15,15.85,-0.005034623598667589,0.19536679562601086
1995-08-16,15.78,-0.004426184905561499,0.1956980445180977
1995-08-17,15.85,0.0044261849055613825,0.19450055724640622
1995-08-18,16.03,0.011292466298172026,0.19600620384180376
1995-08-21,16.25,0.01363094215428475,0.1827659809286499
1995-08-22,16.23,-0.0012315272492466737,0.18326510180423558
1995-08-23,16.5,0.01649899938003507,0.18915575162221124
1995-08-24,16.3,-0.012195273093818243,0.16166435285292102
1995-08-25,16.15,-0.009245058144051273,0.16532527739183073
1995-08-29,16.23,0.004941331857834443,0.16545298137576633
1995-08-30,16.18,-0.003085469896154216,0.1618633162217712
1995-08-31,16.2,0.0012353306079928082,0.1466068916638532
1995-09-01,16.25,0.0030816665374081144,0.14683192186527141
1995-09-04,16.62,0.022513880651555743,0.1616345037990213
1995-09-05,16.68,0.0036036075032983964,0.16119288444712807
1995-09-06,16.63,-0.0030021037257644844,0.15522951126142973
1995-09-07,16.6,-0.0018055978423385712,0.15504147901658036
1995-09-08,16.93,0.019684500782546292,0.16583809371989014
1995-09-11,16.75,-0.010688937873968494,0.17095747792377292
1995-09-12,16.9,0.008915363657952329,0.17076210320397414
1995-09-13,16.85,-0.0029629651306568496,0.1548376847008322
1995-09-14,17.0,0.008862687257845324,0.15359948512674612
1995-09-15,17.18,0.010532572499893152,0.15281411769896272
1995-09-18,17.23,0.0029061339837290613,0.15285740053395383
1995-09-19,17.23,0.0,0.15104102841448727
1995-09-20,17.0,-0.013438706483622213,0.157013240557252
1995-09-21,16.6,-0.023810648693718447,0.1808154462480118
1995-09-22,16.4,-0.012121360532344963,0.17719557067415673
1995-09-25,16.18,-0.013505423199807007,0.17835904046834067
1995-09-26,16.15,-0.0018558619616801562,0.17553110495136623
1995-09-27,16.28,0.008017310905728874,0.1769399171722482
1995-09-28,16.65,0.022472855852058358,0.1925223940581934
1995-09-29,16.58,-0.004213066719303912,0.193490814988273
1995-10-02,16.55,-0.001811047884076871,0.1936030251978503
1995-10-03,16.58,0.0018110478840769714,0.17701450790132867
1995-10-04,16.4,-0.01091581487699613,0.180286975915246
1995-10-05,15.85,-0.03411183450686303,0.21409981899483632
1995-10-06,15.75,-0.006329135051647512,0.21454449562537928
1995-10-09,16.0,0.015748356968139112,0.20979624881551004
1995-10-10,15.95,-0.0031298930089277044,0.20778958508855397
1995-10-11,16.05,0.006250020345171326,0.20617084360164786
1995-10-12,15.9,-0.009389740349839032,0.20756671586637068
1995-10-13,15.98,0.0050188311119427655,0.2052683137757418
1995-10-16,16.15,0.010582109330536788,0.20530936736383396
1995-10-17,16.03,-0.007458083047203847,0.20472662058554703
1995-10-18,15.98,-0.003124026283333032,0.20435135232128404
1995-10-19,15.85,-0.008168440014839075,0.20195120697327829
1995-10-20,15.8,-0.0031595602903684815,0.1877403497270266
1995-10-23,15.88,0.0050505157860685716,0.1858962791349964
1995-10-24,16.08,0.012515807931830599,0.1866355098754925
1995-10-25,15.98,-0.006238323412691591,0.18771158526273135
1995-10-26,16.3,0.019827167474588132,0.19860840509663158
1995-10-27,16.35,0.003062789530545731,0.18166637820224085
1995-10-30,16.45,0.0060975798681183165,0.182780409199067
1995-10-31,16.58,0.007871672495768013,0.18488725750688054
1995-11-01,16.53,-0.003020237874215913,0.18507674434395235
1995-11-02,16.83,0.017986096369781702,0.19087089971065693
1995-11-03,16.88,0.002966480965096527,0.1410834631463245
1995-11-06,16.78,-0.005941788128750803,0.14076682708160432
1995-11-07,16.7,-0.004778981616350804,0.13522474273834134
1995-11-08,16.75,0.002989538848365986,0.1339328179713181
1995-11-09,16.9,0.008915363657952329,0.13522763353623285
1995-11-10,16.83,-0.004150613726313126,0.13058241744949095
1995-11-13,16.63,-0.01195471499787833,0.13971425303529209
1995-11-14,16.58,-0.003011143497687413,0.1369775560729221
1995-11-15,16.73,0.009006365291583779,0.1356548296563428
1995-11-16,16.78,0.0029841860403274512,0.1343718524107446
1995-11-17,17.03,0.014788793635536836,0.13531015701686774
1995-11-20,16.8,-0.013597608265383677,0.14610540556837517
1995-11-21,16.6,-0.01197619104671565,0.15463682527785977
1995-11-22,16.9,0.017910926566530025,0.1602384753744251
1995-11-23,16.88,-0.0011841327612166937,0.15775519252034292
1995-11-24,16.93,0.002957706977232991,0.1448519057285931
1995-11-27,17.2,0.01582218767436345,0.15277390321460674
1995-11-28,17.25,0.00290275965796141,0.15220294669646378
1995-11-29,17.3,0.0028943580263645565,0.15086191529731358
1995-11-30,17.13,-0.009875189167704858,0.1555461716728321
1995-12-01,17.18,0.002914604220080849,0.14399340204386568
1995-12-04,17.35,0.00984658983675903,0.1471275642811295
1995-12-05,17.53,0.010321192540274892,0.1478149930090638
1995-12-06,17.55,0.0011402509787316571,0.14576102200327828
1995-12-07,17.48,-0.003996579684485438,0.14738327532547427
1995-12-08,17.73,0.014200749858727102,0.15157157518638337
1995-12-11,17.68,-0.00282406287661924,0.15093040471844416
1995-12-12,17.48,-0.011376686982107934,0.15025206944437003
1995-12-13,17.7,0.012507269352393961,0.1528387840822364
1995-12-14,17.9,0.011236073266925752,0.1541119983041382
1995-12-15,18.15,0.013869847864150377,0.15845532274923205
1995-12-18,18.33,0.009868501140753784,0.155010671247197
1995-12-19,18.03,-0.016502024636387534,0.1593146255928353
1995-12-20,18.05,0.001108647563664023,0.1495902432139197
1995-12-21,18.1,0.00276625349289011,0.14076880820456134
1995-12-22,18.18,0.0044101504775525685,0.1398712447322004
1995-12-27,18.73,0.029804427706664492,0.16680445960978513
1995-12-28,18.78,0.002665957324119696,0.16201938058649812
1995-12-29,18.65,-0.0069463276902924104,0.1665309568154318
1996-01-02,18.95,0.015957785438610816,0.1717845898766937
1996-01-03,19.15,0.01049878409821957,0.16490527724606321
1996-01-04,19.13,-0.0010449321744934277,0.16619481209001044
1996-01-05,19.5,0.01915668211753976,0.17253946196520686
1996-01-08,19.68,0.00918842605440617,0.17219011710631857
1996-01-09,19.05,-0.03253579005139737,0.21671601649635358
1996-01-10,18.48,-0.030378035359171884,0.24611163056923088
1996-01-11,17.85,-0.034685557987889984,0.2738951286936906
1996-01-12,17.58,-0.015241615968617315,0.2790217103306534
1996-01-15,17.5,-0.0045610113275624505,0.27659165649244855
1996-01-16,17.73,0.013057239156648132,0.27691002257604924
1996-01-17,17.43,-0.017065260554186983,0.27988348322660117
1996-01-18,17.88,0.025489910213438473,0.2904953397074984
1996-01-19,17.53,-0.0197690708122248,0.294999444692697
1996-01-22,17.53,0.0,0.290368353973408
1996-01-23,17.38,-0.008593579095897266,0.29128145940558803
1996-01-24,17.33,-0.002881016109731354,0.29082225879025825
1996-01-25,17.0,-0.019225759671298553,0.2956715095885179
1996-01-26,16.7,-0.017804624633506707,0.27391479951746417
1996-01-29,16.23,-0.028547337896209543,0.28341967985687677
1996-01-30,16.53,0.018315530306432976,0.29662504475819684
1996-01-31,16.63,0.006031381371903455,0.28937808990120945
1996-02-01,16.78,0.008979407834223874,0.28831803943792367
1996-02-02,17.05,0.01596250269046561,0.2980718138961093
1996-02-05,16.93,-0.007063007584481888,0.2842837610130486
1996-02-06,16.83,-0.005924187942329401,0.2783804231645588
1996-02-07,16.93,0.0059241879423293075,0.26633118268159894
1996-02-08,17.05,0.007063007584481915,0.2537575966347768
1996-02-09,17.23,0.010501846810312404,0.2318743588448964
1996-02-12,17.18,-0.0029061339837290028,0.22666508528389712
1996-02-13,18.08,0.05106043840792108,0.28921486422315723
1996-02-14,18.28,0.011001211061973583,0.28827051454664215
1996-02-15,18.18,-0.005485477276671203,0.2816108238271466
1996-02-16,18.2,0.0010995053334168679,0.26834556907278034
1996-02-19,18.2,0.0,0.25773970402204843
1996-02-20,18.58,0.02066413930294272,0.2657512988163035
1996-02-21,19.05,0.02498136818701754,0.2730135533890694
1996-02-22,19.28,0.01200118760968968,0.272901468605348
1996-02-23,18.85,-0.02255537528837982,0.27685276106519885
1996-02-26,18.85,0.0,0.26505836666745186
1996-02-27,19.0,0.007926065272420723,0.23383849351103944
1996-02-28,18.65,-0.01859283307661597,0.2469234304969146
1996-02-29,18.8,0.008010723746078979,0.2470474065046559
1996-03-01,18.55,-0.013387080782459409,0.2554726742070566
1996-03-04,18.4,-0.008119124438504353,0.2558053457547172
1996-03-05,18.75,0.018843087801479915,0.2578954204132827
1996-03-06,19.18,0.02267431703887226,0.2618224022943044
1996-03-07,19.03,-0.007851388147233974,0.2663311171411996
1996-03-08,18.85,-0.009503767414038338,0.2712962403747016
1996-03-11,18.93,0.004235051327211566,0.27049802236678305
1996-03-12,19.3,0.01935713068960835,0.2738114608449287
1996-03-13,19.58,0.014403541191524243,0.22146922746443282
1996-03-14,19.4,-0.009235571033081837,0.2242502944691486
1996-03-15,19.3,-0.005167970158442449,0.2241045674403045
1996-03-18,20.5,0.06031979023352262,0.29949920015423587
1996-03-19,20.35,-0.007343974255758394,0.3023172620333796
1996-03-20,20.38,0.0014731159059745836,0.29731000092671633
1996-03-21,20.35,-0.0014731159059746708,0.28822361214556136
1996-03-22,21.15,0.03855899360368287,0.312193389257998
1996-03-25,21.3,0.007067167223092573,0.2964231536687118
1996-03-26,21.68,0.017683103856065936,0.2983723606057814
1996-03-27,21.33,-0.01627564408818629,0.30867958786760447
1996-03-28,20.25,-0.051959738930710986,0.3590385564683439
1996-03-29,20.33,0.003942834087707021,0.35873090037796995
1996-04-01,20.8,0.02285535906701717,0.3589160364851913
1996-04-02,21.18,0.018104353465988047,0.3579173358447563
1996-04-03,20.93,-0.011873803715352004,0.3605937424658112
1996-04-04,20.85,-0.0038295882130977787,0.3561058568112769
1996-04-09,21.43,0.027437861240675158,0.36226760295280697
1996-04-10,22.63,0.05448465015996033,0.3948757348845892
1996-04-11,23.9,0.054601999292018935,0.42508568023077753
1996-04-12,22.73,-0.05019282107301309,0.47357660139202423
1996-04-15,22.68,-0.0022021590049005418,0.47414773405782706
1996-04-16,21.2,-0.0674822971815846,0.5379194584710041
1996-04-17,19.88,-0.06428698044953877,0.5876154282111565
1996-04-18,19.33,-0.028055908008188492,0.5548142753827101
1996-04-19,19.53,0.010293451668348098,0.556355542431365
1996-04-22,19.38,-0.007710138425967546,0.5565512828519432
1996-04-23,20.88,0.0745501565518178,0.6171478820258073
1996-04-24,20.73,-0.007209836566749644,0.602451727539008
1996-04-25,20.35,-0.018501014559084195,0.6046684607748631
1996-04-26,20.05,-0.014851758136025814,0.6017032726532812
1996-04-29,20.05,0.0,0.6000639453541804
1996-04-30,19.5,-0.027814688182877145,0.5807326695766232
1996-05-01,18.95,-0.028610534041265775,0.5875868628039563
1996-05-02,19.45,0.026043138536019875,0.5894787351849693
1996-05-03,19.38,-0.0036054636018350954,0.5843698152916436
1996-05-07,20.08,0.035482688360908315,0.5993971374685851
1996-05-08,19.85,-0.011520287690328904,0.6002884854546954
1996-05-09,19.35,-0.02551158765740862,0.5951940741987596
1996-05-10,19.23,-0.006220859875102506,0.5546988670165891
1996-05-13,19.48,0.012916738613700612,0.5128754262583594
1996-05-14,19.63,0.0076707100739805065,0.49419558439087674
1996-05-15,19.5,-0.006644542718668501,0.49389368720019733
1996-05-16,18.63,-0.045641280956204025,0.4652664935029558
1996-05-17,18.05,-0.031627499834607074,0.42594346163553143
1996-05-20,18.63,0.03162749983460712,0.4346178653851262
1996-05-21,18.7,0.0037503392470438685,0.43291982413612
1996-05-22,19.4,0.03674954220874144,0.452568429080675
1996-05-23,19.53,0.006678678819305315,0.3642429721818075
1996-05-24,19.73,0.01018857514593632,0.3667966891415184
1996-05-28,19.53,-0.010188575145936352,0.36329970493365366
1996-05-29,18.95,-0.03014781336015232,0.37385042187529227
1996-05-30,18.1,-0.04589199325665514,0.40240486997026
1996-05-31,18.1,0.0,0.3938686510881606
1996-06-03,18.25,0.008253141756720261,0.384911979122672
1996-06-04,18.5,0.013605652055778678,0.37588456132259934
1996-06-05,18.2,-0.016349138001529526,0.37898560811383564
1996-06-06,18.18,-0.0010995053334168876,0.35244998211708695
1996-06-07,18.4,0.012028575865607122,0.3561573365340692
1996-06-10,18.48,0.004338401598598362,0.3479469167282002
1996-06-11,18.28,-0.010881500187534062,0.3490000830583251
1996-06-12,18.23,-0.00273897733543235,0.3445206728779782
1996-06-13,17.98,-0.013808559647097474,0.34404857236003067
1996-06-14,17.83,-0.008377597168425264,0.3442572530981482
1996-06-17,18.7,0.04764109198549187,0.35449217481971784
1996-06-18,18.8,0.005333345975362603,0.33531080833162435
1996-06-19,18.4,-0.02150620522096373,0.3264339679205198
1996-06-20,18.43,0.0016291070667921082,0.3261610569785527
1996-06-21,18.45,0.0010845988048041818,0.29663708160638025
1996-06-24,18.38,-0.0038012535589952677,0.2948156788806105
1996-06-25,18.38,0.0,0.29121132275341804
1996-06-26,18.6,0.011898463791614737,0.29472996035618393
1996-06-27,19.38,0.04108002574346445,0.31273520611617595
1996-06-28,19.28,-0.005173317280220528,0.26365283006543716
1996-07-01,19.77,0.025097348000125898,0.27417014611463647
1996-07-02,19.43,-0.017347373793176843,0.28358550734018784
1996-07-03,19.13,-0.015560479937187304,0.2877873334876144
1996-07-04,19.77,0.03290785373036396,0.29943847895619763
1996-07-05,19.99,0.011066511329783068,0.2998240440711873
1996-07-08,19.62,-0.01868269437509158,0.3088708619540031
1996-07-09,19.63,0.0005095541511525829,0.3089554982848522
1996-07-10,19.8,0.008622929412119899,0.3053804378424498
1996-07-11,20.01,0.01055021089515261,0.305262893322268
1996-07-12,19.93,-0.0040060143709387585,0.2997191638260705
1996-07-15,20.2,0.013456470182455786,0.2970605721980271
1996-07-16,20.3,0.004938281640582577,0.2554514255471722
1996-07-17,19.75,-0.027467394700610798,0.2774690776087491
1996-07-18,19.95,0.01007565198874164,0.26452563224057296
1996-07-19,19.45,-0.02538207327141716,0.28326966099504686
1996-07-22,19.23,-0.011375510463766869,0.2873493088390029
1996-07-23,19.5,0.013942905969012667,0.28942436574445135
1996-07-24,19.36,-0.007205383721270224,0.2913776311574789
1996-07-25,19.5,0.0072053837212701635,0.2899147955208368
1996-07-26,18.92,-0.03019490194596886,0.2743510813301041
1996-07-29,18.99,0.0036929612004620574,0.2744295073342584
1996-07-30,18.9,-0.004750602758597753,0.2580350425741095
1996-07-31,19.0,0.005277057100843819,0.2530927210043776
1996-08-01,18.84,-0.008456710018223509,0.24913189556337842
1996-08-02,19.63,0.041076739140152745,0.2641807839653512
1996-08-05,19.65,0.0010183300269005506,0.26098886965453105
1996-08-06,19.45,-0.010230268250814922,0.25527842980210197
1996-08-07,19.48,0.0015412281499338238,0.25535048472271554
1996-08-08,20.03,0.027842851463337887,0.2720112104614571
1996-08-09,20.05,0.0009980040748513695,0.2695882389145742
1996-08-12,20.65,0.029486165654463485,0.2875364033901459
1996-08-13,21.03,0.01823467030756671,0.290461650732261
1996-08-14,20.9,-0.006200830743843219,0.2915629888887792
1996-08-15,20.88,-0.0009573959563273326,0.2723344657239213
1996-08-16,21.3,0.019915309700941516,0.27779360340446635
1996-08-19,21.58,0.013059887114609009,0.25941012748161846
1996-08-20,21.35,-0.010715220155354942,0.25889616562161744
1996-08-21,20.8,-0.0260987529673613,0.2778906765413735
1996-08-22,21.25,0.02140390866315358,0.2821961982476243
1996-08-23,20.78,-0.022365909699344436,0.2967561376305732
1996-08-27,20.45,-0.01600810318227069,0.2803607548066962
1996-08-28,20.68,0.011184167151417582,0.28155580771872085
1996-08-29,21.0,0.015355388083194737,0.2822423404357533
1996-08-30,20.98,-0.0009528347552718544,0.28299412791051043
1996-09-02,22.23,0.05787312500795417,0.332949798249314
1996-09-03,21.9,-0.014956091153650104,0.31883489199371884
1996-09-04,22.2,0.013605652055778678,0.3197297457431751
1996-09-05,22.15,-0.0022547923870890937,0.31585844369718435
1996-09-06,22.43,0.012561852040972382,0.3161217249742585
1996-09-09,22.25,-0.008057339919867698,0.31029762033447283
1996-09-10,22.68,0.01914147024730207,0.31369196669034954
1996-09-11,23.3,0.026969881712103586,0.31141784373656256
1996-09-12,23.35,0.002143623543251369,0.3082619669799005
1996-09-13,23.83,0.020348306995744372,0.3098405764599043
1996-09-16,22.6,-0.052995384832410466,0.37140909774698566
1996-09-17,21.7,-0.04063764573182639,0.39661958671181824
1996-09-18,22.38,0.03085544233736526,0.4081257778699602
1996-09-19,22.08,-0.013495481474884621,0.4093062290231437
1996-09-20,21.78,-0.01368010390408004,0.40089105065085007
1996-09-23,22.15,0.01684537898633009,0.39844205200626825
1996-09-24,22.78,0.0280454615278915,0.39790643192130937
1996-09-25,23.05,0.011782811423621484,0.3915636113748526
1996-09-26,23.35,0.012931214672248784,0.39191857249425016
1996-09-27,22.9,-0.019460073554712503,0.39968323315038345
1996-09-30,24.15,0.053147469538387795,0.4335282375675345
1996-10-01,23.18,-0.040994542186975944,0.4216043317257568
1996-10-02,23.13,-0.0021593616682578217,0.4174322417526561
1996-10-03,23.63,0.02138661495546858,0.4208726397561434
1996-10-04,23.88,0.010524197325584777,0.4212006965004984
1996-10-07,24.28,0.016611677666896175,0.4225202628400369
1996-10-08,24.55,0.01105888804923216,0.4209620463259009
1996-10-09,24.58,0.0012212498973590857,0.4177725926836818
1996-10-10,23.63,-0.039416012939072285,0.43440680314868046
1996-10-11,23.85,0.009267126135533956,0.43541105771948646
1996-10-14,24.75,0.037041271680349076,0.44839938749586195
1996-10-15,24.58,-0.00689238487681059,0.4036116650835118
1996-10-16,24.5,-0.003259986587207374,0.37097607043807096
1996-10-17,24.83,0.01337948196939388,0.36089427021865794
1996-10-18,25.18,0.01399742909612597,0.3557214084133264
1996-10-21,25.08,-0.003979312851481207,0.35041887060405497
1996-10-22,25.4,0.012678458259770872,0.3491966594554181
1996-10-23,24.6,-0.03200273108617372,0.364190187951561
1996-10-24,24.28,-0.013093476747019658,0.3673806004206206
1996-10-25,24.13,-0.0061970865543572095,0.3664959016136394
1996-10-28,24.45,0.013174336283940678,0.3602898715892263
1996-10-29,23.3,-0.04817685534922614,0.3539296289118776
1996-10-30,23.15,-0.006458580039411931,0.3246322823719256
1996-10-31,22.8,-0.01523424457184786,0.32882930518610487
1996-11-01,22.3,-0.022173857494321967,0.3266054759262949
1996-11-04,22.1,-0.009009069942365857,0.3235914424313374
1996-11-05,21.85,-0.011376686982107934,0.3159012142716302
1996-11-06,21.85,0.0,0.3110945378597801
1996-11-07,21.75,-0.004587164006906154,0.3101512764092991
1996-11-08,22.4,0.029447201326301055,0.30790711159843653
1996-11-11,22.7,0.013303965626362886,0.31016773581395773
1996-11-12,22.38,-0.014197221603577793,0.2772038185106594
1996-11-13,22.88,0.02209546362781792,0.29221923313906634
1996-11-14,23.18,0.013026671400008514,0.2977211504907894
1996-11-15,23.28,0.004304784951631393,0.293195036801176
1996-11-18,22.75,-0.023029477466277683,0.29409271015091654
1996-11-19,23.13,0.01656533084638842,0.30331054361724874
1996-11-20,23.4,0.01160554612030789,0.3025955998812027
1996-11-21,22.9,-0.021599111803461815,0.29239802722171593
1996-11-22,23.86,0.04106650610957606,0.3278412818661005
1996-11-25,23.22,-0.027189440400024644,0.3400099832719166
1996-11-26,22.78,-0.019131018250709304,0.3404629264574896
1996-11-27,23.07,0.012650114166626194,0.3027055719386304
1996-11-28,23.0,-0.0030388562565125924,0.30208463330827523
1996-11-29,23.17,0.007364122515135259,0.2981343028012152
1996-12-02,23.5,0.014142082705828308,0.2893372418019697
1996-12-03,24.12,0.02604095070887139,0.29714677811395074
1996-12-04,24.21,0.003724399090982494,0.29175057098317225
1996-12-05,24.49,0.011499100014109044,0.2920442828221196
1996-12-06,24.56,0.002854232314865457,0.28995793143144194
1996-12-09,24.18,-0.015593258092295106,0.28559298962885066
1996-12-10,23.74,-0.018364456005124697,0.2930643216798508
1996-12-11,22.95,-0.03384345267496777,0.3140116545693831
1996-12-12,22.65,-0.013158084577511199,0.308142267637496
1996-12-13,22.83,0.007915608612661218,0.30581914072759714
1996-12-16,23.98,0.049144689057664157,0.3511917754512133
1996-12-17,24.05,0.0029148469524019134,0.339755822519138
1996-12-18,23.69,-0.015081978381076094,0.3411040241689663
1996-12-19,24.18,0.020472827015952353,0.34588187106817714
1996-12-20,23.96,-0.00914007193939799,0.33797239452405037
1996-12-23,23.51,-0.01895991069527038,0.3140108997942479
1996-12-24,23.66,0.006359995998262531,0.2995285589059581
1996-12-27,23.55,-0.004660038087813955,0.2914237605314414
1996-12-30,23.95,0.01684250339449748,0.29378213561925337
1996-12-31,23.9,-0.002089864919459242,0.293604234254306
1997-01-02,24.45,0.022751756983416027,0.3019794704721797
1997-01-03,24.19,-0.010690891298945047,0.30223188320356753
1997-01-06,24.76,0.023290123194459385,0.29954175341962685
1997-01-07,24.76,0.0,0.2994314691141854
1997-01-08,24.78,0.0008074283846010674,0.2970201204560636
1997-01-09,24.83,0.0020157233190787626,0.2969527287226332
1997-01-10,24.22,-0.02487386139512905,0.3049312309845092
1997-01-13,23.41,-0.0340154566221268,0.3212422481814881
1997-01-15,23.31,-0.0042808284551536565,0.29827490656159505
1997-01-16,23.31,0.0,0.2940013202514149
1997-01-17,22.87,-0.019056445012975865,0.3011911684174201
1997-01-20,22.86,-0.00043734966802519464,0.24272645484912728
1997-01-21,22.98,0.005235614053945164,0.24348396305185532
1997-01-22,22.93,-0.00217817555079658,0.23892039809984728
1997-01-23,22.93,0.0,0.22527602151467258
1997-01-24,22.8,-0.005685560909417962,0.22431417752582364
1997-01-27,22.56,-0.010582109330536972,0.21830064990461936
1997-01-28,22.62,0.002656044058116432,0.21689359426289154
1997-01-29,23.01,0.01709443335930004,0.2265848539000449
1997-01-30,23.43,0.018088348472429596,0.22786569876182122
1997-01-31,23.28,-0.006422629656467135,0.2286090627825634
1997-02-03,22.91,-0.016021126397832975,0.21644632251810564
1997-02-04,22.65,-0.011413644536361173,0.21678000907760028
1997-02-05,22.69,0.0017644468627074747,0.1955020040741727
1997-02-06,21.86,-0.0372658160433579,0.2257913395011379
1997-02-10,20.73,-0.05307655630070419,0.2768976177800433
1997-02-11,21.25,0.024774968922737645,0.29819116974685866
1997-02-12,21.15,-0.00471698987813891,0.29141862802487223
1997-02-13,20.47,-0.032679505819088746,0.2898592050964843
1997-02-14,20.56,0.0043870409137661695,0.29219990292933884
1997-02-17,20.48,-0.0038986404156571976,0.2915062211844046
1997-02-18,20.56,0.003898640415657323,0.2895530253320811
1997-02-19,20.98,0.020222162381186903,0.3022826511368918
1997-02-20,20.57,-0.01973589930328528,0.30494491716773064
1997-02-21,20.13,-0.02162246401316577,0.30985572719703364
1997-02-24,19.87,-0.013000183087974498,0.3098498610855374
1997-02-25,20.08,0.010513238259802774,0.3156249847462206
1997-02-26,19.82,-0.01303276592168639,0.3161821112736631
1997-02-27,19.96,0.0070387419814760535,0.3180817040149464
1997-02-28,19.44,-0.026397471851024926,0.3140220780112885
1997-03-03,19.1,-0.01764446397970883,0.300690235800146
1997-03-04,19.4,0.015584731016698111,0.3131464449771949
1997-03-05,19.38,-0.0010314596066622707,0.3130250639531485
1997-03-06,19.55,0.008733679968754631,0.31797226900850917
1997-03-10,19.21,-0.017544309650909508,0.3182945396076339
1997-03-11,18.57,-0.03388360141585085,0.31456031684171337
1997-03-12,18.98,0.021838417817167294,0.2841788583893871
1997-03-13,19.3,0.016719302729058076,0.27505342490588636
1997-03-14,19.44,0.0072277031214532635,0.27807604927132196
1997-03-17,18.98,-0.02394700585051124,0.268204031787389
1997-03-18,19.54,0.029077853432854742,0.29020318659203526
1997-03-19,20.0,0.02326862693935427,0.30342115056941404
1997-03-20,19.62,-0.019182819416773873,0.30908395386162246
1997-03-21,19.39,-0.01179198488265664,0.2995322348442188
1997-03-24,18.93,-0.024009504033328976,0.30275403266084777
1997-03-25,18.77,-0.008488114622814086,0.2964505795505417
1997-03-26,18.91,0.007431032071948668,0.29650266551093074
1997-03-27,18.53,-0.02029984237309763,0.298852335563665
1997-03-28,18.53,0.0,0.2971986144622851
1997-03-31,18.53,0.0,0.29513485761306557
1997-04-01,18.15,-0.020720479586408713,0.2902091025802861
1997-04-02,17.97,-0.009966859915392147,0.28661383531805096
1997-04-03,17.28,-0.03915393741955795,0.30430196873025195
1997-04-04,17.25,-0.0017376198985408486,0.3041808083205424
1997-04-07,16.92,-0.019315789299291408,0.30310876443596607
1997-04-08,16.98,0.003539826705123987,0.3025611049211418
1997-04-09,17.02,0.002352942262026836,0.28587544226436457
1997-04-10,17.25,0.01342302033214077,0.2776025934881058
1997-04-11,17.54,0.016671843466668237,0.277556819538746
1997-04-14,17.61,0.003982935564077854,0.2760449464950926
1997-04-15,17.53,-0.004553223574971533,0.2670423896566216
1997-04-16,17.24,-0.016681433697596226,0.24195871557791024
1997-04-17,17.0,-0.014018921179330818,0.21854196945627288
1997-04-18,17.26,0.015178341599065885,0.22807815440838675
1997-04-21,17.74,0.027430291226151298,0.25467045612402384
1997-04-22,17.72,-0.0011280317044985255,0.24441267955726056
1997-04-23,17.46,-0.014781394765478633,0.24710346493186736
1997-04-24,17.8,0.01928590688658325,0.2568963770724643
1997-04-25,18.07,0.015054647306097686,0.2558820824669248
1997-04-28,17.92,-0.008335697057352669,0.25701750059653794
1997-04-29,18.27,0.019342962843130716,0.2670669826708665
1997-04-30,18.25,-0.0010952903614147983,0.25696676508617106
1997-05-01,18.24,-0.0005480953823152442,0.2543004349074714
1997-05-02,17.7,-0.030052345066401823,0.23773839691423485
1997-05-05,17.72,0.001129305597151487,0.2375079385637567
1997-05-06,17.82,0.005627476865728389,0.22567690104678587
1997-05-07,17.84,0.0011217051091999518,0.22568763669809577
1997-05-08,18.32,0.026550232094120964,0.24075123250916056
1997-05-09,18.62,0.01624291260293687,0.2424074407280503
1997-05-12,19.42,0.04206719101425781,0.2735705203655032
1997-05-13,19.4,-0.001030396793896522,0.2743205960686524
1997-05-14,19.1,-0.01558473101669809,0.28153044118558795
1997-05-15,19.4,0.015584731016698111,0.2736196545067318
1997-05-16,19.77,0.018892571113243245,0.2675387175931593
1997-05-19,19.92,0.0075586149739268445,0.2659688800650348
1997-05-20,19.75,-0.008570760809321407,0.2599981048855648
1997-05-21,19.7,-0.0025348556031880663,0.26046871438011315
1997-05-22,20.03,0.01661251393378421,0.25295545070195224
1997-05-23,20.15,0.0059731387149650345,0.24867017606512065
1997-05-27,19.33,-0.04154599517245244,0.2953473083981577
1997-05-28,18.88,-0.023555132502884872,0.3073070742168297
1997-05-29,19.38,0.02613844574526553,0.3128556157921466
1997-05-30,18.99,-0.020329081638425672,0.32281588927469623
1997-06-02,19.17,0.009434032233358714,0.323715651099104
1997-06-03,18.59,-0.030722755324200626,0.32456884895843124
1997-06-04,18.36,-0.012449416541008226,0.32858861948083345
1997-06-05,17.96,-0.02202732231829082,0.33823599347960825
1997-06-06,17.43,-0.029954203342124022,0.35412644247862785
1997-06-09,17.08,-0.020284671171505776,0.3450873687661675
1997-06-10,17.01,-0.004106781952653248,0.337658989667748
1997-06-11,16.69,-0.018991668734026648,0.29563068680932936
1997-06-12,16.79,0.005973733415705726,0.29845875084575313
1997-06-13,16.83,0.002379537113265216,0.2983450755013772
1997-06-16,17.15,0.018835165409234238,0.30150728475614774
1997-06-17,17.55,0.023055776299926015,0.3061250797915152
1997-06-18,17.22,-0.018982450912290234,0.30547768504406736
1997-06-19,17.34,0.006944472352811215,0.30913760692142417
1997-06-20,17.09,-0.014522474224896232,0.3101357746186378
1997-06-23,17.8,0.04070496017053994,0.34255579208283937
1997-06-24,17.65,-0.008462673918733767,0.3400405598199404
1997-06-25,17.65,0.0,0.3153533020758267
1997-06-26,17.6,-0.002836881335199504,0.30750777187730327
1997-06-27,18.0,0.022472855852058576,0.30331333172587926
1997-06-30,18.22,0.012148133935647483,0.30149174186428473
1997-07-02,18.83,0.032931450837248806,0.3229182230968272
1997-07-03,18.18,-0.03512925391972814,0.32836889269890573
1997-07-07,18.28,0.005485477276671278,0.32640373684423485
1997-07-09,18.25,-0.0016424859975035261,0.31672911083041233
1997-07-10,18.16,-0.0049437068553532994,0.2974286725446718
1997-07-11,18.0,-0.0088496152769825,0.2891792615132934
1997-07-14,17.79,-0.011735256218420965,0.2925623127131714
1997-07-15,18.19,0.022235490852287158,0.28989624741135245
1997-07-16,18.27,0.004388377859884384,0.28981902151846856
1997-07-17,18.83,0.03019097227914573,0.3035212710807142
1997-07-18,18.21,-0.03348044892954429,0.32739297181548355
1997-07-21,18.23,0.0010976949510549917,0.3190525688064539
1997-07-22,18.47,0.013079205520576757,0.3119782403087206
1997-07-23,18.71,0.012910346074849869,0.3135281083422443
1997-07-24,18.66,-0.002675944866800508,0.30751833076370505
1997-07-25,18.77,0.005877655179219589,0.27761718112637357
1997-07-28,18.76,-0.0005329070203387711,0.27500883462713943
1997-07-29,18.74,-0.00106666676780268,0.2751755460635197
1997-07-30,19.02,0.014830780306968222,0.27736945552226855
1997-07-31,18.94,-0.004214969359311924,0.26991086032876227
1997-08-01,19.33,0.020382205462307085,0.2751058208632736
1997-08-04,19.64,0.01591000970608032,0.2573757646075364
1997-08-05,19.51,-0.006641148291299952,0.22208568317816746
1997-08-06,19.21,-0.015496177854554632,0.23126202364213788
1997-08-07,18.94,-0.014154889022533024,0.23795762759120723
1997-08-08,18.56,-0.020267360399877785,0.24906436658336212
1997-08-11,18.21,-0.019037833618537774,0.2565484419805571
1997-08-12,18.56,0.019037833618537753,0.2601001574688174
1997-08-13,18.63,0.0037644572554425423,0.24967073617422905
1997-08-14,19.0,0.01966579455294346,0.25765786890986564
1997-08-15,18.77,-0.012179128568023003,0.2401803120055742
1997-08-18,18.41,-0.019365855353430876,0.21959670628804925
1997-08-19,18.88,0.02520916547236806,0.23569045905011876
1997-08-20,18.83,-0.002651818048293607,0.2323704955792876
1997-08-21,18.26,-0.03073846750223844,0.2523272284909097
1997-08-25,17.87,-0.02158954599548573,0.26207745070161304
1997-08-26,17.58,-0.01636143691430587,0.2648982553094483
1997-08-27,17.83,0.014120539618018055,0.2714824262305007
1997-08-28,17.91,0.00447678419757155,0.27250813350828423
1997-08-29,17.98,0.0039008129708539073,0.266486711724685
1997-09-02,18.22,0.013259862788337969,0.2720342436779673
1997-09-03,18.12,-0.00550359121697884,0.25989205215554395
1997-09-04,17.92,-0.011098893068048803,0.25174156898901323
1997-09-05,18.15,0.012753153164075123,0.25840804927681965
1997-09-08,18.03,-0.006633523495633794,0.2549996916471254
1997-09-09,18.18,0.008285051534106865,0.2544997499586443
1997-09-10,18.08,-0.005515733785302441,0.24611421265492528
1997-09-11,18.21,0.007164538775486227,0.23888109437568653
1997-09-12,18.06,-0.008271345750677306,0.23002608707296485
1997-09-15,18.05,-0.0005538632099493088,0.22931333398052128
1997-09-16,18.4,0.019204979836049827,0.22878219860076093
1997-09-17,18.21,-0.010379770875423204,0.22780953566947001
1997-09-18,18.14,-0.0038514490525260493,0.21858204578266746
1997-09-19,18.32,0.009873914558993615,0.20146023015986883
1997-09-22,18.65,0.01785278684384015,0.21213703299306624
1997-09-23,18.57,-0.004298770725210058,0.18225017031901275
1997-09-24,18.52,-0.002696146146581133,0.16382277018805616
1997-09-25,19.05,0.02821587235467662,0.17433520318659554
1997-09-26,19.36,0.016141980275720974,0.175972451448607
1997-09-29,19.48,0.006179216365958118,0.17613902505583237
1997-09-30,19.96,0.024341972668928798,0.18970303621937915
1997-10-01,19.87,-0.0045192143195924685,0.1899168176552612
1997-10-02,20.08,0.010513238259802774,0.1877744933577581
1997-10-03,21.29,0.05851318408185971,0.25565552445379036
1997-10-06,20.94,-0.016576273462997188,0.26892622364213653
1997-10-07,20.71,-0.011044530034898019,0.27211953568329944
1997-10-08,20.79,0.0038554264624287285,0.27220634803991084
1997-10-09,20.6,-0.009181026074386022,0.2745123128431651
1997-10-10,20.73,0.006290850652152667,0.27449085993775146
1997-10-13,20.08,-0.03185763162415992,0.30100783114354807
1997-10-14,19.4,-0.034451228754245965,0.3304239097176091
1997-10-15,19.27,-0.006723583643007401,0.3270215684718297
1997-10-16,19.56,0.014937182180396193,0.3265100097915036
1997-10-17,19.43,-0.006668401217322481,0.32744336990983414
1997-10-20,19.29,-0.007231436471711006,0.3284573322005238
1997-10-21,19.3,0.0005182689932023362,0.3236736511566872
1997-10-22,19.86,0.02860256270618668,0.3359134381241791
1997-10-23,19.89,0.0015094342488543404,0.3352989769875994
1997-10-24,19.45,-0.022370022801425565,0.33391036327193135
1997-10-27,19.63,0.009211938223914444,0.3307963962740132
1997-10-28,18.86,-0.04001573108305824,0.35862011331904226
1997-10-29,19.0,0.0073957019611289926,0.3478528470451029
1997-10-30,19.45,0.023408090898014804,0.3589320610077956
1997-10-31,19.42,-0.0015436072012763064,0.3564733824929141
1997-11-03,19.48,0.003084835351210095,0.2828198252549159
1997-11-04,19.1,-0.019699963161804838,0.28473835757432614
1997-11-05,18.93,-0.008940369831352823,0.28421058835697255
1997-11-06,18.97,0.0021108187256913703,0.2836450937692089
1997-11-07,19.24,0.01413266129063756,0.29007928319857723
1997-11-10,19.14,-0.005211059212752088,0.2880406828649441
1997-11-12,19.26,0.006250020345171326,0.27101608711170083
1997-11-13,19.71,0.023095714794649395,0.257115090063476
1997-11-14,20.24,0.026534723254635906,0.2703955549502315
1997-11-17,19.54,-0.035197197804628134,0.29556454046150116
1997-11-18,19.39,-0.00770617736007621,0.29587909538791174
1997-11-19,19.41,0.001030927926358529,0.294751425234072
1997-11-20,18.82,-0.030868263023685335,0.31388442193018745
1997-11-21,18.83,0.0005312085118274399,0.29478410917057585
1997-11-24,19.01,0.009513813831276969,0.29746011696544256
1997-11-25,19.14,0.006815229524470331,0.289544904445572
1997-11-26,18.5,-0.03400965394052906,0.30884739596086896
1997-11-27,18.64,0.007539077173165914,0.2792014756826219
1997-11-28,18.96,0.017021687569430743,0.2845960748903726
1997-12-01,18.01,-0.051404337639011005,0.32223884611743203
1997-12-02,18.04,0.0016643554466126652,0.32269596752592944
1997-12-03,17.94,-0.005558658003827381,0.3218582391475097
1997-12-04,17.7,-0.013468217050866704,0.3187176204908521
1997-12-05,17.91,0.011794576492837097,0.32243255830592893
1997-12-08,17.87,-0.002235886901283685,0.32197726291765394
1997-12-09,17.57,-0.016930426972330864,0.31930981596662117
1997-12-10,17.08,-0.028284713838582106,0.32994456823513413
1997-12-11,16.98,-0.005872007477222442,0.32720189619756135
1997-12-12,17.12,0.008211189830394844,0.31433463141737
1997-12-15,16.89,-0.013525639893887416,0.29069658374538243
1997-12-16,16.8,-0.0053428444104954695,0.2742301581310332
1997-12-17,16.98,0.010657294473987979,0.2810907451016519
1997-12-18,17.34,0.020979790469194466,0.2957751139362011
1997-12-19,17.2,-0.008106587532988485,0.2812018036678656
1997-12-22,17.04,-0.009345862418237658,0.28115131639155777
1997-12-23,17.09,0.0029299757263298635,0.2778463402200985
1997-12-24,17.04,-0.0029299757263299415,0.27462598719658005
1997-12-29,16.35,-0.04133562405790716,0.2851674294554767
1997-12-30,16.01,-0.02101437033463912,0.28538788892352807
1997-12-31,15.86,-0.009413310801921568,0.2714184188788242
1998-01-02,15.77,-0.005690815231754848,0.2220842541318083
1998-01-05,15.29,-0.030910381033976093,0.2355774427997352
1998-01-06,15.48,0.012349848220610186,0.24574587429774902
1998-01-07,15.33,-0.009737175277858317,0.2448511658260967
1998-01-08,15.47,0.009090971701252105,0.24242493962774223
1998-01-09,15.33,-0.009090971701252075,0.24189922779039477
1998-01-12,15.07,-0.017105680245318666,0.24198788021695908
1998-01-13,15.08,0.0006633499414059723,0.2308946660455843
1998-01-14,14.81,-0.018066734300102562,0.23468901228480424
1998-01-15,14.75,-0.004059545493878616,0.22876475571247556
1998-01-16,14.89,0.009446763910088857,0.23440055177737093
1998-01-19,15.38,0.03237811738158025,0.26952585153524794
1998-01-20,14.95,-0.02835666424080262,0.2762192681778071
1998-01-21,14.67,-0.018906707681805027,0.26116355632449134
1998-01-22,14.35,-0.022054649949260232,0.26569088947434955
1998-01-23,14.26,-0.006291527219480275,0.26579736324820596
1998-01-26,14.79,0.03649286173655851,0.306296001443398
1998-01-27,15.74,0.06225396626654885,0.3889703233014741
1998-01-28,15.64,-0.006373507872092118,0.3645229605887433
1998-01-29,16.28,0.04010562545722925,0.38547917196114184
1998-01-30,15.59,-0.04330767750470912,0.4136430931249089
1998-02-02,15.28,-0.02008489933131074,0.41875354816137855
1998-02-03,14.87,-0.027199023266310723,0.41565547073867265
1998-02-04,14.56,-0.021067717703523708,0.4179153527821911
1998-02-05,14.83,0.018374113381300752,0.4234444478202622
1998-02-06,15.05,0.01472583504504402,0.425677512695823
1998-02-09,14.77,-0.01877989465159636,0.42921729424186106
1998-02-10,14.6,-0.011576567828997622,0.4271508538011991
1998-02-11,14.35,-0.017271586508660595,0.43050676684351835
1998-02-12,14.04,-0.021839543607965122,0.43243488630961996
1998-02-13,14.05,0.0007119971820897821,0.43253985581859133
1998-02-16,13.5,-0.03993271033537111,0.4491263504977404
1998-02-17,13.5,0.0,0.42903226573045167
1998-02-18,13.46,-0.0029673612278020007,0.4214658374830764
1998-02-19,14.02,0.04076255738986215,0.44659453740139654
1998-02-20,13.91,-0.007876875671092482,0.44130505095851835
1998-02-23,13.26,-0.0478560211776351,0.4695935048184659
1998-02-24,13.08,-0.013667638728663757,0.4474438233940889
1998-02-25,13.35,0.020432038817205934,0.38654674045815307
1998-02-26,13.38,0.0022446698538239494,0.38810907439939824
1998-02-27,13.53,0.011148387482614201,0.35496716617724117
1998-03-02,13.37,-0.011896051068844875,0.3324683717051001
1998-03-03,13.18,-0.014312862039490656,0.33026894201698825
1998-03-04,13.09,-0.006851949152552592,0.32203921361421134
1998-03-05,13.18,0.006851949152552595,0.32017531294015705
1998-03-06,12.85,-0.025356717733132327,0.31620680716287763
1998-03-09,12.24,-0.04863453425704872,0.337272341816222
1998-03-10,12.36,0.009756174945364656,0.3421937240011331
1998-03-11,12.41,0.004037147186971163,0.3446804248879279
1998-03-12,12.3,-0.008903336838143953,0.3429791466153367
1998-03-13,12.25,-0.004073325387635898,0.33901476813312836
1998-03-16,11.74,-0.04252412259078554,0.3598770888271969
1998-03-17,11.05,-0.060571386436188555,0.3885141050113635
1998-03-18,12.21,0.09982486015885156,0.542689842460511
1998-03-19,12.41,0.016247311093902445,0.5475597321974831
1998-03-20,12.35,-0.0048465361425296585,0.5229610814041785
1998-03-23,14.53,0.16255941450820527,0.7836957209169082
1998-03-24,14.02,-0.03573059597574753,0.7750392655886996
1998-03-25,14.41,0.027437528404986637,0.7772095997001508
1998-03-26,15.18,0.05205636195605313,0.7928833297459572
1998-03-27,14.92,-0.01727617719186905,0.7969578155462577
1998-03-30,14.35,-0.03895265256998465,0.811010158587105
1998-03-31,13.87,-0.03402170787888991,0.819638405290472
1998-04-01,13.72,-0.010873612029000999,0.8188754777190899
1998-04-02,13.38,-0.02509356759765672,0.8237589833733524
1998-04-03,13.63,0.018512191008358943,0.8257827532394115
1998-04-06,13.13,-0.03737355739373637,0.8317528275403347
1998-04-07,12.82,-0.023893236822180912,0.8174323641947602
1998-04-08,12.79,-0.0023428359017727183,0.8170984476411965
1998-04-09,13.23,0.03382336253611318,0.8246844667223263
1998-04-14,13.15,-0.0060652195030907905,0.8242247525734717
1998-04-15,13.31,0.012093873783246634,0.824334310915656
1998-04-16,13.68,0.02741927978738403,0.810132464973374
1998-04-17,14.06,0.02739897418811456,0.7737944573449276
1998-04-20,13.82,-0.017217068042994967,0.7089072522798091
1998-04-21,13.95,0.009362689927850642,0.7080415031837018
1998-04-22,13.71,-0.017354014693151506,0.7116763942583527
1998-04-23,13.42,-0.02137936203068734,0.42666082073062117
1998-04-24,13.32,-0.007479466431292624,0.4109421638275534
1998-04-27,13.65,0.02447285651872574,0.40834650572166936
1998-04-28,13.88,0.016709433447689645,0.36479127657319727
1998-04-29,14.09,0.015016370831930394,0.36741921772661684
1998-04-30,13.79,-0.021521634105378457,0.350328137670787
1998-05-01,14.6,0.0570778369090804,0.385443901733028
1998-05-05,14.13,-0.03272133201785463,0.4020276721141469
1998-05-06,13.91,-0.015692190761084603,0.39548659915004447
1998-05-07,13.81,-0.00721503851415074,0.39185418887337176
1998-05-08,13.94,0.00936943791117695,0.36743638864688455
1998-05-11,14.41,0.033160004679052876,0.3682657071214242
1998-05-12,14.75,0.02332067277439805,0.3720313036537488
1998-05-13,14.15,-0.04152845869658223,0.3939649374085878
1998-05-14,14.29,0.009845367852529301,0.39310398805848473
1998-05-15,14.33,0.002795249898304414,0.39199758013098
1998-05-18,14.72,0.02685187146064975,0.39156632021790877
1998-05-19,14.87,0.010138647171333393,0.38275238466317585
1998-05-20,14.58,-0.019695033891551597,0.38446682780511915
1998-05-21,14.29,-0.02009073463873609,0.39136640878608864
1998-05-22,14.33,0.002795249898304414,0.3855458928239537
1998-05-26,14.27,-0.004195810351335425,0.3768542037346822
1998-05-27,14.78,0.03511548403131056,0.3906706640063105
1998-05-28,14.71,-0.004747380906709438,0.3853515569689269
1998-05-29,14.03,-0.04732964049897669,0.42010672101414714
1998-06-01,13.66,-0.02672603997172551,0.42678024252209684
1998-06-02,13.62,-0.0029325534212777528,0.42059207354953504
1998-06-03,13.23,-0.029052322594501877,0.3751668557589392
1998-06-04,13.71,0.035638515447358673,0.3854114244938892
1998-06-05,13.95,0.017354014693151572,0.3870081140315256
1998-06-08,13.56,-0.02835522575512501,0.39881662769137605
1998-06-09,12.76,-0.060809004595605745,0.44726565495773574
1998-06-10,12.23,-0.0424233282175628,0.4443181671824683
1998-06-11,12.12,-0.009034969057912656,0.4296483642983779
1998-06-12,11.62,-0.042129229217403225,0.4302199264662295
1998-06-15,10.77,-0.07596326025546792,0.4815323705065354
1998-06-16,10.77,0.0,0.48043907601441965
1998-06-17,11.3,0.048038234549997685,0.5077449368521444
1998-06-18,10.88,-0.03787648429049833,0.5079057863040666
1998-06-19,10.89,0.0009186955170725863,0.5104553412910644
1998-06-22,11.23,0.03074383180548273,0.5325769641866378
1998-06-23,12.09,0.07378989587634953,0.6079894603277463
1998-06-24,12.5,0.03334997968155412,0.6247045890255689
1998-06-25,11.94,-0.04583453634379948,0.6199942457029228
1998-06-26,12.04,0.00834033191621895,0.6230840939107828
1998-06-29,11.83,-0.01759576189037949,0.6087083175225976
1998-06-30,11.84,0.0008449514655640918,0.6055755580502004
1998-07-01,11.93,0.007572606653965086,0.6075131761754008
1998-07-02,11.95,0.0016750422676948956,0.6023215619798088
1998-07-03,11.79,-0.013479563828240105,0.584493074701013
1998-07-06,11.7,-0.007662872745569137,0.5776440123042634
1998-07-07,11.66,-0.0034246608813639917,0.5732180116641684
1998-07-08,11.71,0.004278996687279784,0.5398769228530711
1998-07-09,11.61,-0.008576381899825992,0.5220321908946997
1998-07-10,11.61,0.0,0.521540159842528
1998-07-13,11.56,-0.0043159324655685895,0.5009673331070504
1998-07-14,11.83,0.02308781474606397,0.4239175305577704
1998-07-15,11.79,-0.0033869634410159154,0.42452946787825335
1998-07-16,12.65,0.07040550062424977,0.4592135213354698
1998-07-17,12.38,-0.021574947917079184,0.4430560757071021
1998-07-20,12.11,-0.022050709691449247,0.4534953208376489
1998-07-21,12.01,-0.008291921473108723,0.4457295576268326
1998-07-22,12.21,0.016515652030721133,0.3689882931447274
1998-07-23,12.23,0.001636661576467578,0.3492055971202035
1998-07-24,12.05,-0.014827289762416984,0.31381546530237364
1998-07-27,12.53,0.0390611089713128,0.34047620978241944
1998-07-28,12.74,0.0166208812360405,0.3363976001361336
1998-07-29,12.6,-0.011049836186585046,0.3400966073150588
1998-07-30,12.55,-0.0039761483796392945,0.34047690626263627
1998-07-31,12.63,0.006354270784606798,0.3407349358963742
1998-08-03,12.04,-0.047840496481724885,0.3797660677303674
1998-08-04,12.03,-0.0008309098940875034,0.3785380679872624
1998-08-05,12.32,0.023820428118786298,0.3859247857085289
1998-08-06,12.08,-0.019672765598704893,0.3934742456219379
1998-08-07,12.05,-0.0024865325700048164,0.39207590819103916
1998-08-10,11.62,-0.03633690851289893,0.4137510789040552
1998-08-11,11.16,-0.04039179447060024,0.4367705411181717
1998-08-12,11.24,0.007142887512380204,0.4287990557854535
1998-08-13,11.48,0.021127546425875277,0.43645481415154797
1998-08-14,11.46,-0.0017436796048268398,0.3502049552847682
1998-08-17,11.93,0.040193524823231186,0.37705130191080144
1998-08-18,11.87,-0.005042027488248088,0.3700589085164748
1998-08-19,11.99,0.01005876041784621,0.3709324354555499
1998-08-20,12.21,0.018182319083190547,0.37191557631065536
1998-08-21,12.02,-0.015683359015551866,0.37577473112834064
1998-08-24,12.15,0.010757240679495933,0.3742106564970912
1998-08-25,12.43,0.022783735736062266,0.3568641348052735
1998-08-26,12.24,-0.015403628438439633,0.35487683400140935
1998-08-27,11.9,-0.028170876966696335,0.36523965324376545
1998-08-28,12.06,0.013355791181555636,0.36940075162380165
1998-09-01,12.11,0.0041373662659614265,0.36885627803565774
1998-09-02,12.05,-0.0049668976283368,0.32952721512764827
1998-09-03,12.54,0.039858875268110494,0.3571603989826834
1998-09-04,12.96,0.03294415571935406,0.3654923015070698
1998-09-07,12.51,-0.03533936644530897,0.3811152115184467
1998-09-08,12.53,0.0015974444291570774,0.3808170576161046
1998-09-09,12.53,0.0,0.35480910824278006
1998-09-10,12.82,0.02288068258454703,0.3221836065470045
1998-09-11,12.66,-0.01255903477649391,0.3289261231776089
1998-09-14,12.47,-0.015121657024084996,0.3314149681710423
1998-09-15,12.61,0.011164390284882916,0.33164259906101135
1998-09-16,12.65,0.00316706519670104,0.30526049494056834
1998-09-17,12.97,0.024981783154823346,0.3131693031879454
1998-09-18,13.92,0.07068765657792102,0.38872324355185583
1998-09-21,14.31,0.027631938662085884,0.3934648628489126
1998-09-22,14.36,0.0034879700517186072,0.38470392194825365
1998-09-23,14.67,0.02135802853481234,0.38724227840707176
1998-09-24,14.84,0.01152164558434395,0.3841348985384662
1998-09-25,14.55,-0.019735244121732793,0.3877980512457822
1998-09-28,14.41,-0.009668583606070877,0.37083959614569495
1998-09-29,14.38,-0.0020840577185300127,0.3724675479657431
1998-09-30,14.71,0.022689182320445485,0.37533911994540425
1998-10-01,14.46,-0.017141317882727516,0.383436207569945
1998-10-02,14.21,-0.01744027462160941,0.37603738221274124
1998-10-05,14.1,-0.007771144724886746,0.36551851491593074
1998-10-06,13.98,-0.008547060578458297,0.3400694575437452
1998-10-07,13.88,-0.007178781727005751,0.3426196867321433
1998-10-08,13.23,-0.04796197695179411,0.38843482244776667
1998-10-09,12.87,-0.027587956518829167,0.39451106829494603
1998-10-12,13.18,0.0238015074663259,0.3997831220993236
1998-10-13,12.73,-0.03473911650504597,0.41577376050179066
1998-10-14,12.26,-0.03761948206124991,0.43463692388199704
1998-10-15,11.98,-0.023103337820761956,0.4406890790808005
1998-10-16,12.11,0.01079296487769755,0.43216169442008406
1998-10-19,11.6,-0.043026459452681895,0.360569444818649
1998-10-20,11.29,-0.027087719950748396,0.3403919368559964
1998-10-21,11.94,0.055976729802885386,0.4104528050374485
1998-10-22,11.68,-0.02201613056437505,0.39761364124858045
1998-10-23,12.18,0.04191728488166986,0.4316504983287778
1998-10-26,12.74,0.04495138786226627,0.4687186043665925
1998-10-27,12.46,-0.022223136784710124,0.47185386055592343
1998-10-28,12.26,-0.016181582851241848,0.4725585764674998
1998-10-29,12.31,0.0040700096882969,0.4618032327195043
1998-10-30,12.0,-0.02550529040836189,0.4646793573630778
1998-11-02,12.43,0.03520625573461948,0.4876780813288028
1998-11-03,11.93,-0.04105666941279495,0.5022925248371377
1998-11-04,11.88,-0.004199922175325793,0.5024540023132572
1998-11-05,11.73,-0.012706651269114801,0.5027394935818681
1998-11-06,11.51,-0.018933439931592883,0.48335943648730084
1998-11-09,11.15,-0.031776724827663506,0.48585897907695424
1998-11-10,11.18,0.0026869698208253877,0.47445703381065973
1998-11-11,11.45,0.023863262273295546,0.47601641749131435
1998-11-12,11.56,0.009561133243982844,0.4632232576570456
1998-11-13,11.46,-0.008688151957637927,0.4579233100964576
1998-11-16,11.1,-0.0319176029683052,0.46657598533147715
1998-11-17,10.62,-0.04420609250449568,0.4678307486277098
1998-11-18,10.25,-0.03546131022937551,0.4738522868214822
1998-11-19,10.45,0.019324272826402842,0.42977188050116605
1998-11-20,10.4,-0.004796172263492944,0.4259844951459281
1998-11-23,10.54,0.01337173696588924,0.39637337237509995
1998-11-24,10.58,0.0037878833169371563,0.35167101848269505
1998-11-25,10.51,-0.006638241541293629,0.34832991448964706
1998-11-26,10.41,-0.009560302261982226,0.3471485679249519
1998-11-27,10.77,0.03399760854141962,0.37443831794248317
1998-11-30,9.91,-0.08322014282640056,0.4560868683403312
1998-12-01,9.87,-0.004044494896506526,0.427394639998424
1998-12-02,9.71,-0.016343571142156486,0.41384194505560246
1998-12-03,10.05,0.034416352201851186,0.4411507581707993
1998-12-04,9.73,-0.0323587383071711,0.4489946831324038
1998-12-07,9.7,-0.0030880106885767277,0.4478877495566782
1998-12-08,9.68,-0.0020639842208514825,0.43989169207636636
1998-12-09,9.46,-0.022989518224698604,0.44195179817815916
1998-12-10,9.1,-0.038797969540982656,0.4384011614977228
1998-12-11,9.26,0.017429635135283596,0.44385064828570825
1998-12-14,9.45,0.020310692847563216,0.4565802307037505
1998-12-15,9.57,0.012618463959211684,0.45469996790774647
1998-12-16,10.87,0.1273734956682551,0.6320007315703022
1998-12-17,9.92,-0.0914537798363366,0.6990325131075064
1998-12-18,9.62,-0.030708656619166334,0.7016812546104231
1998-12-21,9.45,-0.017829523171963707,0.7033320172271068
1998-12-22,9.83,0.039424192653423944,0.7173522431284044
1998-12-23,9.91,0.0081054141828214,0.7180469207160423
1998-12-24,9.91,0.0,0.718004765263881
1998-12-29,10.23,0.03178023162163855,0.7273209132620829
1998-12-30,10.45,0.02127739844728488,0.720952982290024
1998-12-31,10.54,0.008575564702396324,0.6570418746910487
1999-01-04,10.94,0.037248253880618996,0.6670101228827904
1999-01-05,10.3,-0.06028190175824498,0.7011366859705275
1999-01-06,10.67,0.03529217007807177,0.7016405433793854
1999-01-07,11.08,0.037705616005475756,0.699314789230913
1999-01-08,11.7,0.0544471604845726,0.7178558074140915
1999-01-11,12.07,0.031134193305729804,0.7206577252486782
1999-01-12,11.78,-0.0243198568859996,0.7214511572576079
1999-01-13,10.9,-0.07764038898834255,0.7660263428560119
1999-01-14,11.1,0.01818231908319033,0.7661401532806934
1999-01-15,10.97,-0.011780834031149453,0.7680386068276935
1999-01-18,10.81,-0.014692642636022034,0.7713868396894668
1999-01-19,11.19,0.03454889067271685,0.643472244199956
1999-01-20,10.85,-0.03085544233736525,0.5624549218807045
1999-01-21,11.14,0.026377154512669487,0.5524002152500178
1999-01-22,11.23,0.00804653425121389,0.5449765758118356
1999-01-25,11.21,-0.0017825316662831905,0.5338261850541414
1999-01-26,10.84,-0.03356324107256849,0.5512379752646335
1999-01-27,11.03,0.01737583725391099,0.552825501485398
1999-01-28,11.14,0.009923401233726878,0.5446583854145207
1999-01-29,11.34,0.017794063800467896,0.5434030175070712
1999-02-01,10.81,-0.04786466664848907,0.5717093561927578
1999-02-02,10.39,-0.039627826539980864,0.5726639392666288
1999-02-03,10.78,0.036848760369715045,0.5473728484887632
1999-02-04,10.42,-0.03396552915563015,0.5471442990758975
1999-02-05,10.18,-0.023302025202844148,0.5332222985412407
1999-02-08,9.97,-0.02084442714862958,0.49131715119434394
1999-02-09,9.77,-0.020264117919055667,0.47212161760980936
1999-02-10,9.88,0.011196045705085216,0.4746356897187224
1999-02-11,9.82,-0.006091389393401928,0.4022730280549263
1999-02-12,9.97,0.015159461607372518,0.40021205957840267
1999-02-16,9.98,0.0010025063496255707,0.39997818799514245
1999-02-17,10.09,0.010961744042144938,0.40161346307876344
1999-02-18,9.93,-0.015984356308436365,0.37915841587561133
1999-02-19,10.29,0.03561207178887694,0.39322033709984117
1999-02-22,10.24,-0.004870930234596454,0.3789217767877771
1999-02-23,10.58,0.032663806818791594,0.3979121425127481
1999-02-24,10.64,0.0056550574833450565,0.39899365365120715
1999-02-25,10.84,0.01862251209800185,0.38859466427653466
1999-02-26,10.58,-0.024277569581346838,0.3919018572249143
1999-03-01,10.52,-0.005687219120589576,0.38965027571384453
1999-03-02,10.41,-0.010511324682686236,0.38315034925644964
1999-03-03,10.81,0.03770474902423933,0.3744907202764406
1999-03-04,11.2,0.03544214664993176,0.3645584194563604
1999-03-05,11.02,-0.01620197457628037,0.34955988240345215
1999-03-08,11.49,0.04176528813589594,0.3524096625004656
1999-03-09,11.25,-0.021108963210235168,0.35029308864707137
1999-03-10,11.46,0.01849458263616453,0.34043202904013153
1999-03-11,11.86,0.03430868228298578,0.3385898971012554
1999-03-12,12.3,0.03642786880879243,0.3514714735854198
1999-03-15,12.17,-0.010625355378936054,0.35449521097406433
1999-03-16,12.11,-0.004942349434434922,0.3577877378935433
1999-03-17,12.95,0.06706423058054584,0.40821059550746713
1999-03-18,13.35,0.03042059670071172,0.41288225252516086
1999-03-19,13.15,-0.015094626222484904,0.412097011068275
1999-03-22,13.37,0.01659163249007826,0.4043592401526724
1999-03-23,13.64,0.019993261301464383,0.4000756958931578
1999-03-24,13.37,-0.019993261301464327,0.4100081907398179
1999-03-25,13.5,0.00967629433053199,0.40956613881866316
1999-03-26,13.97,0.034222487824486725,0.41656806769772803
1999-03-29,14.34,0.026140661902603786,0.39729065022698123
1999-03-30,14.5,0.011095814255054447,0.39075616802254237
1999-03-31,15.02,0.035233996909459865,0.3847996145486697
1999-04-01,14.6,-0.028361117621697983,0.4083368114235068
1999-04-06,14.53,-0.0048060511320992825,0.40588977689772304
1999-04-07,14.14,-0.027207817113764726,0.4172905870587112
1999-04-08,13.72,-0.030153038170687558,0.42663817508991725
1999-04-09,14.11,0.028029143566983324,0.41760838899271674
1999-04-12,14.23,0.00846864623703834,0.4167199469415567
1999-04-13,14.68,0.031133611084608385,0.4145554632794584
1999-04-14,14.45,-0.015791608627928336,0.41232169057420764
1999-04-15,14.82,0.025283205309499828,0.41100584001074536
1999-04-16,15.34,0.03448617607116919,0.4163523894803205
1999-04-19,16.01,0.04274973106951337,0.3824266884450549
1999-04-20,16.04,0.0018720754297449098,0.37604773269090996
1999-04-21,15.96,-0.0050000104167056405,0.36955541317785146
1999-04-22,16.29,0.02046583059229104,0.37077055371908496
1999-04-23,16.07,-0.013597242864532509,0.37689420227611387
1999-04-26,15.63,-0.02776203531603591,0.38498835605918885
1999-04-27,15.91,0.01775569791631031,0.3865944398830247
1999-04-28,16.38,0.029113236075227825,0.3825824682530918
1999-04-29,16.53,0.009115833408009633,0.3766747225638227
1999-04-30,16.45,-0.004851434621552012,0.37841290527404603
1999-05-04,16.98,0.031710703671820356,0.3751672148002012
1999-05-05,16.85,-0.007685524084830469,0.3578550396931612
1999-05-06,16.44,-0.024633267170336846,0.3722756451384146
1999-05-07,15.66,-0.04860769906537693,0.4024036252505722
1999-05-10,15.72,0.0038240964384034758,0.38183938473913903
1999-05-11,15.23,-0.031666620093990086,0.39515461940522506
1999-05-12,14.74,-0.03270228014587994,0.4140955966604698
1999-05-13,15.21,0.03138821951001096,0.4143246794194664
1999-05-14,15.18,-0.0019743343037177405,0.40971857488377467
1999-05-17,14.98,-0.013262793878410445,0.4042516832876066
1999-05-18,14.43,-0.03740660530329391,0.40483349761642046
1999-05-19,14.42,-0.0006932409289765051,0.36952505651859024
1999-05-20,14.44,0.001386001607877153,0.369415296078279
1999-05-21,14.49,0.003456622867910973,0.3705761481189192
1999-05-24,14.83,0.023193399817249664,0.37301332209088905
1999-05-25,14.71,-0.008124621536494523,0.37180611489976123
1999-05-26,15.18,0.03145123735413765,0.3810141255789718
1999-05-27,15.04,-0.009265453445790123,0.3753608659507231
1999-05-28,14.75,-0.019470235735864882,0.3609682893003997
1999-06-01,14.22,-0.036593658410734003,0.3729888014060419
1999-06-02,14.28,0.004210532536343458,0.37501344762333233
1999-06-03,14.26,-0.0014015419252884445,0.34887064739747653
1999-06-04,15.21,0.0644946912850517,0.43054881865656536
1999-06-07,15.98,0.049384834066927015,0.46288682264278785
1999-06-08,16.25,0.01675496843761775,0.4332364832816248
1999-06-09,16.19,-0.0036991410862026986,0.4335688254011773
1999-06-10,15.99,-0.012430240843680974,0.4199901590524398
1999-06-11,16.25,0.016129381929883717,0.40238110126352766
1999-06-14,16.05,-0.012384059199721555,0.3942111029333585
1999-06-15,16.33,0.017295057406348787,0.3970596733720538
1999-06-16,16.29,-0.002452484368419926,0.393062820543664
1999-06-17,16.0,-0.01796270037417248,0.3724920563426905
1999-06-18,15.93,-0.004384598317824099,0.37341106231495097
1999-06-21,15.64,-0.0183723888047921,0.3818267688606137
1999-06-22,15.91,0.01711610723253036,0.38459326232887375
1999-06-23,16.04,0.008137760088672915,0.3788422698036475
1999-06-24,16.28,0.014851758136025978,0.37813978776285306
1999-06-25,16.27,-0.0006144393434478832,0.36580867803529155
1999-06-28,16.27,0.0,0.36319661487698474
1999-06-29,16.38,0.006738157193976898,0.353302866274631
1999-06-30,16.97,0.035386000821211676,0.3340138900297389
1999-07-01,17.25,0.016365064231233878,0.3347373012844188
1999-07-02,17.55,0.017241806434506173,0.3336678747755593
1999-07-06,18.47,0.05109384429927367,0.3082979830036635
1999-07-07,18.36,-0.005973409018804102,0.2753709980885381
1999-07-08,18.74,0.020485891617931726,0.2773985005590532
1999-07-09,18.9,0.008501645255320468,0.274793705036393
1999-07-12,18.94,0.0021141656923355564,0.2660693975613252
1999-07-13,19.49,0.02862542576153714,0.2742389474876189
1999-07-14,19.48,-0.00051321530508031,0.26571320059864223
1999-07-15,18.9,-0.03022637614879243,0.29670882962743544
1999-07-16,19.42,0.02714154079758235,0.3025331929450244
1999-07-19,19.75,0.01685002848395195,0.2880434422205626
1999-07-20,19.33,-0.021495198126891484,0.3044607459325548
1999-07-21,18.62,-0.03742202137131832,0.3321038447397045
1999-07-22,19.01,0.02072888465141673,0.33354425849118224
1999-07-23,19.69,0.035145736150696334,0.3460838690559788
1999-07-26,19.73,0.002029427383489824,0.34655841095613266
1999-07-27,19.46,-0.013779243276664915,0.3541506688112886
1999-07-28,19.65,0.009716261557411116,0.3528003220319961
1999-07-29,19.97,0.01615380911245353,0.35355058841355885
1999-07-30,19.97,0.0,0.34188349261491535
1999-08-02,19.21,-0.038800170647258464,0.3760700253868367
1999-08-03,19.32,0.005709852003906588,0.37350127543335165
1999-08-04,19.38,0.0031007776782481854,0.33299074155361175
1999-08-05,19.64,0.013326696463699736,0.3336669911033836
1999-08-06,19.66,0.0010178117927006245,0.327728366507685
1999-08-09,19.34,-0.01641062469387226,0.33308981542406635
1999-08-10,20.18,0.042516524900314684,0.36273100951858694
1999-08-11,20.58,0.019627715480440622,0.35600479444583005
1999-08-12,20.32,-0.012714107695622276,0.3598336982476882
1999-08-13,20.61,0.014170772192086387,0.3421503493482474
1999-08-16,20.68,0.003390654737860665,0.33175277389999736
1999-08-17,20.61,-0.003390654737860711,0.32849413232936475
1999-08-18,20.69,0.003874096855084033,0.3171624485017912
1999-08-19,20.92,0.01105514743927054,0.2812854465415225
1999-08-20,21.11,0.00904122266350701,0.2762045725485981
1999-08-23,20.96,-0.007131002407387799,0.2561430947795912
1999-08-24,20.48,-0.023167059281534418,0.2717148120240678
1999-08-25,19.71,-0.0383226790066782,0.3011290473407702
1999-08-26,19.8,0.004555816535860661,0.2996894718734188
1999-08-27,20.32,0.025923685009791538,0.3079725831322957
1999-08-31,21.08,0.03671910096288037,0.332055794005996
1999-09-01,21.1,0.0009483168088594818,0.29626937061292064
1999-09-02,20.66,-0.02107357679052843,0.30910522171139976
1999-09-03,20.74,0.0038647391098886943,0.30911367022501074
1999-09-06,21.14,0.01910277764071044,0.31212388106270184
1999-09-07,21.71,0.026606003448109018,0.3219856878032064
1999-09-08,21.96,0.011449632751129337,0.3132914264239005
1999-09-09,22.51,0.024737038277311,0.2925853803443726
1999-09-10,22.36,-0.0066860066317426005,0.2904310288247219
1999-09-13,22.98,0.027350624133711227,0.29459732386604537
1999-09-14,23.18,0.008665565490995925,0.2932542142848008
1999-09-15,23.25,0.003015294121759736,0.29329265988941494
1999-09-16,23.06,-0.008205617192452358,0.29561295865587905
1999-09-17,22.93,-0.0056534179710998455,0.2980442098672921
1999-09-20,22.85,-0.0034949795295992746,0.29851655995657767
1999-09-21,22.68,-0.007467638480662472,0.30061517932720194
1999-09-22,22.49,-0.008412712888327076,0.3012139756068652
1999-09-23,23.41,0.04009251553159526,0.31059820056151566
1999-09-24,23.66,0.010622577047421377,0.2647589389582873
1999-09-27,23.6,-0.0025391465186762985,0.26728630015975996
1999-09-28,23.24,-0.015371780047854,0.27134556276385274
1999-09-29,23.46,0.009421911241618947,0.24841415159975655
1999-09-30,22.98,-0.0206725708047198,0.2637761470074084
1999-10-01,22.98,0.0,0.24810765084961392
1999-10-04,23.3,0.013829088151045181,0.24989350303857613
1999-10-05,22.64,-0.028735107236672736,0.27122134085645483
1999-10-06,23.07,0.018814818850680027,0.26402006667579353
1999-10-07,22.33,-0.032602006333595876,0.2889546746437274
1999-10-08,20.78,-0.07194008018098502,0.3705736578003524
1999-10-11,20.84,0.0028832312140847135,0.3711194834287715
1999-10-12,21.89,0.04915569464960541,0.40038246130028976
1999-10-13,22.26,0.016761434312627263,0.40414433288040935
1999-10-14,22.28,0.0008980692116844054,0.40388446613965817
1999-10-15,21.65,-0.028683960610584567,0.41393516049504814
1999-10-18,22.26,0.027785891398900073,0.4272334058822798
1999-10-19,21.59,-0.030561101320682814,0.43902155210481386
1999-10-20,21.02,-0.026755879077910903,0.446678016719831
1999-10-21,21.68,0.03091581112264045,0.46187831112178773
1999-10-22,22.38,0.03177752631233378,0.4532045341338422
1999-10-25,22.45,0.003122911304484091,0.45128346950673437
1999-10-26,22.14,-0.01390468690777239,0.4530101023468356
1999-10-27,22.18,0.001805054641730019,0.4510224131625727
1999-10-28,21.22,-0.044246848736384,0.4714191270096003
1999-10-29,21.11,-0.005197271325607775,0.4678798558153558
1999-11-01,21.32,0.009898737437414509,0.4702080332723617
1999-11-02,21.98,0.030487349677831607,0.4813830821547673
1999-11-03,22.38,0.018034753908303804,0.4768486804056132
1999-11-04,22.64,0.011550550451203165,0.47378579449102054
1999-11-05,22.8,0.007042282625412951,0.46006251129524367
1999-11-08,23.62,0.03533327480882116,0.3906305867261284
1999-11-09,24.44,0.034127323534178376,0.4022110670985486
1999-11-10,25.42,0.03931513145791336,0.39067598066217946
1999-11-11,24.96,-0.018261722260081163,0.3985438934921239
1999-11-12,25.39,0.017080852215360147,0.400153563854879
1999-11-15,25.93,0.02104520383398592,0.38217174076944777
1999-11-16,24.88,-0.04133633167959438,0.4122539352965035
1999-11-17,24.98,0.004011236826453048,0.3912216454540827
1999-11-18,25.02,0.0016000003413334314,0.37231903334577965
1999-11-19,25.14,0.004784698123336253,0.3632076268855739
1999-11-22,25.86,0.028237170181609986,0.3603667016851599
1999-11-23,25.66,-0.0077640141562209854,0.3637552330743123
1999-11-24,25.77,0.004277665476783255,0.3563678654924446
1999-11-25,25.94,0.006575154224024224,0.35583565879981505
1999-11-26,25.85,-0.003475577933859702,0.305686548247291
1999-11-29,25.67,-0.006987606071389096,0.30682443542239174
1999-11-30,25.2,-0.018479000365671492,0.321536966661135
1999-12-01,24.2,-0.040491361354736875,0.35149846618896746
1999-12-02,25.52,0.05310982531394833,0.38756312476096755
1999-12-03,26.17,0.025151258065465473,0.3927351465885421
1999-12-06,26.46,0.011020442144755123,0.39299502521110496
1999-12-07,26.1,-0.013698844358161915,0.38522234465345606
1999-12-08,25.45,-0.025219571332116077,0.38305665985459214
1999-12-09,25.85,0.015594857957906418,0.3621273506436317
1999-12-10,24.86,-0.03905051487187314,0.38250186068203623
1999-12-13,24.31,-0.0223722977545331,0.384466008979482
1999-12-14,24.88,0.02317647954294666,0.38614775508951094
1999-12-15,25.68,0.03164821095078185,0.37500012271542776
1999-12-16,26.09,0.015839620326876736,0.3782201128665236
1999-12-17,26.22,0.004970379186916653,0.37834748817787045
1999-12-20,25.98,-0.009195467093100275,0.38025310810723784
1999-12-21,25.51,-0.018256479088733436,0.3732053854438545
1999-12-22,25.04,-0.01859598592182232,0.3776670780873807
1999-12-23,25.11,0.002791626937595972,0.37743226513120454
1999-12-29,25.63,0.020497367206486046,0.3840850533527378
1999-12-30,24.93,-0.02769164284051316,0.39538579399782076
2000-01-04,23.95,-0.04010357367854229,0.41699058960938196
2000-01-05,23.72,-0.009649749727399574,0.4140530343608233
2000-01-06,23.55,-0.0071927536670978775,0.39139068348829514
2000-01-07,23.35,-0.008528836347520436,0.3380377283036927
2000-01-10,22.77,-0.025153104039258148,0.3277010425529881
2000-01-11,23.93,0.04968902184463361,0.3775284518581208
2000-01-12,24.62,0.02842621883602551,0.39288713323153684
2000-01-13,24.9,0.011308682714354356,0.3869315159071574
2000-01-14,25.5,0.023810648693718607,0.3923902564877214
2000-01-17,25.99,0.019033396489018275,0.3718149610779203
2000-01-18,26.31,0.01223724639880248,0.3623007464428723
2000-01-19,26.17,-0.005335378510146775,0.3564683603113474
2000-01-20,26.26,0.003433152332595711,0.34034068032191694
2000-01-21,27.18,0.03443453984834754,0.35623725600666806
2000-01-24,27.02,-0.005904076190944848,0.3570659105330023
2000-01-25,27.24,0.008109148749258721,0.3556057234176117
2000-01-26,27.18,-0.00220507255831387,0.3482101612437698
2000-01-27,26.91,-0.00998344398418315,0.34270843712859783
2000-01-28,26.59,-0.011962759483885964,0.34684090475001866
2000-01-31,27.08,0.01826024278914564,0.3454806237792563
2000-02-01,27.35,0.009921080823916163,0.32802792699710304
2000-02-02,27.15,-0.0073394824880459114,0.28936124189948575
2000-02-03,27.6,0.01643872634315994,0.2857046259613261
2000-02-04,27.48,-0.004357305368955813,0.28406722719590677
2000-02-07,27.94,0.016600886474667297,0.2796733334369581
2000-02-08,27.61,-0.011881327886752788,0.26279324236415263
2000-02-09,27.44,-0.006176223084378469,0.22243999500102485
2000-02-10,27.32,-0.004382768155095198,0.2104350961800907
2000-02-11,27.82,0.018136151792707604,0.21432551568545483
2000-02-14,28.03,0.007520178681400184,0.20374720843073235
2000-02-15,28.12,0.003205701765767216,0.19678464516380864
2000-02-16,28.11,-0.00035568202402368713,0.19476681218160571
2000-02-17,27.54,-0.02048589161793174,0.2095917536276688
2000-02-18,27.26,-0.010219067032122145,0.21405632595208476
2000-02-21,26.93,-0.012179519444879116,0.1831276823365156
2000-02-22,27.22,0.01071109039981236,0.18590508993385735
2000-02-23,27.92,0.02539128067085176,0.203773012668011
2000-02-24,28.21,0.010333247119733203,0.2057723044071195
2000-02-25,28.53,0.011279640211503628,0.20363983101537714
2000-02-28,28.7,0.0059409575401668325,0.1966277518368659
2000-02-29,29.01,0.010743475367737202,0.1912338528564823
2000-03-01,29.78,0.026196429122550168,0.20609093970010658
2000-03-02,30.12,0.011352375675829817,0.20322322202924115
2000-03-03,29.83,-0.009674804405035783,0.20473905378474133
2000-03-06,30.08,0.008345900554981913,0.20316309797472515
2000-03-07,31.93,0.05968550764505159,0.27731003553735717
2000-03-08,31.41,-0.016419693176135477,0.28148502600901854
2000-03-09,29.11,-0.07604455579302338,0.3993726002138348
2000-03-10,28.97,-0.004820945976272882,0.399474952546057
2000-03-13,29.25,0.009618761896606435,0.3964308859042587
2000-03-14,28.83,-0.0144630620275547,0.40014105824499274
2000-03-15,28.03,-0.028141146473613824,0.41283242947608756
2000-03-16,27.97,-0.0021428579628286456,0.4128899206927187
2000-03-17,27.87,-0.0035816657200114857,0.4065485070795137
2000-03-20,25.59,-0.08534919132215942,0.5034258070107569
2000-03-21,24.93,-0.02612975263623098,0.5089167034720454
2000-03-22,25.77,0.033139127128807074,0.5226500514386135
2000-03-23,25.32,-0.017616427388298203,0.5147960444321615
2000-03-24,25.74,0.01645160489200506,0.517469863601701
2000-03-27,25.16,-0.022790770335740767,0.517951643744266
2000-03-28,24.8,-0.014411778661303316,0.5168439180054547
2000-03-29,23.77,-0.042419371798834024,0.5266236599733547
2000-03-30,23.94,0.007126418757724607,0.514342810302373
2000-03-31,23.98,0.0016694494695409857,0.5102618587649786
2000-04-03,24.62,0.026338971156939346,0.5263105243051543
2000-04-04,23.26,-0.05682397366578903,0.5470376114687869
2000-04-05,22.98,-0.012110874669908775,0.48059011807421137
2000-04-06,22.9,-0.00348736186041575,0.4824180572230131
2000-04-07,22.63,-0.011860450914747885,0.4283721585042147
2000-04-10,21.08,-0.07095173597228449,0.47332195132064414
2000-04-11,21.05,-0.0014241635447710796,0.46755445136866125
2000-04-12,21.4,0.01649036189941521,0.48066891116243626
2000-04-13,22.65,0.05676892990123716,0.5363871175761551
2000-04-14,22.13,-0.023225697866084697,0.5373934787999086
2000-04-17,22.2,0.0031581348152754218,0.5390943047917663
2000-04-18,22.67,0.02095017564120398,0.4760285038037137
2000-04-19,23.5,0.03595795663067561,0.49092347292725286
2000-04-20,23.57,0.002974295797926462,0.47391536351152314
2000-04-25,23.36,-0.008949558988013508,0.4717814207567607
2000-04-26,22.9,-0.01988824739983234,0.4688768254518227
2000-04-27,23.07,0.007396161625468472,0.4665600332806234
2000-04-28,23.79,0.030732252129203927,0.4800383291459106
2000-05-02,24.73,0.0387517572184586,0.47621678085454516
2000-05-03,25.13,0.016045270022176,0.4784505461639224
2000-05-04,25.06,-0.0027894020875785254,0.47877498312298117
2000-05-05,24.93,-0.005201051932455663,0.47105799262879117
2000-05-08,26.03,0.04317782147100764,0.44407138661376616
2000-05-09,26.69,0.025039244409958663,0.4443051450253913
2000-05-10,26.59,-0.0037537581615043896,0.44438628349170606
2000-05-11,27.22,0.02341679196839155,0.4422044351143179
2000-05-12,27.98,0.02753797201401509,0.3376730202228081
2000-05-15,28.26,0.009957408019046203,0.3336190038156783
2000-05-16,28.78,0.0182333242028403,0.33383578944488124
2000-05-17,28.4,-0.013291556292061439,0.30827085447461317
2000-05-18,28.9,0.017452449951226207,0.28290623699633366
2000-05-19,29.01,0.0037990030149263414,0.2826421907297601
2000-05-22,28.45,-0.01949243756097282,0.3019053471760997
2000-05-23,28.12,-0.01166709362987571,0.2969658240180297
2000-05-24,28.97,0.029779744838794878,0.3050359707912348
2000-05-25,29.62,0.022188997058393677,0.29991911297122026
2000-05-26,30.09,0.01574308180230108,0.2778075241989444
2000-05-30,29.89,-0.006668914346107301,0.28554877985688254
2000-05-31,29.64,-0.008399175867960362,0.28595368173072755
2000-06-01,29.69,0.0016854883477823953,0.26802760898926975
2000-06-02,29.35,-0.011517742501563009,0.27542073666622613
2000-06-05,28.27,-0.03749137456860649,0.3149773977002361
2000-06-06,28.42,0.005291950963455605,0.31247251645864554
2000-06-07,28.32,-0.003524853843435579,0.2834418879159189
2000-06-08,29.34,0.03538350388931666,0.295133539685707
2000-06-09,29.0,-0.011655942728361651,0.29916265961954863
2000-06-12,30.1,0.03722934176835598,0.3138478962907628
2000-06-13,30.4,0.009917436657345924,0.3035209927081159
2000-06-14,30.12,-0.009253205480483159,0.3060153507075206
2000-06-15,29.77,-0.011688227904007914,0.30484315765350034
2000-06-16,28.68,-0.03730115929626539,0.32994431700323146
2000-06-19,27.69,-0.03512867854854909,0.34573735905844916
2000-06-20,28.86,0.04138521616285428,0.37684798044549184
2000-06-21,30.71,0.06213178110700618,0.4270570733833422
2000-06-22,30.61,-0.003261581495409963,0.42424431871306145
2000-06-23,31.02,0.013305404791071718,0.4153965083341157
2000-06-26,30.9,-0.003875973844693072,0.4102082495833965
2000-06-27,30.47,-0.014013590906082103,0.41061145083891537
2000-06-28,31.15,0.02207165223584453,0.416234476956072
2000-06-29,31.05,-0.0032154368539743547,0.4149934479210004
2000-06-30,31.58,0.016925200448008205,0.4180956150394166
2000-07-03,32.15,0.0178884418561324,0.41769348733889616
2000-07-04,30.73,-0.04517307454123502,0.4281044676626826
2000-07-05,30.35,-0.012442858636885941,0.43180825116831845
2000-07-06,30.67,0.010488460620652982,0.4318161919771669
2000-07-07,30.62,-0.0016315878966225118,0.4164642333185036
2000-07-10,30.58,-0.0013071897286214885,0.41371196623401824
2000-07-11,29.83,-0.02483160197425906,0.4038599353642381
2000-07-12,30.27,0.014642524506970116,0.4057126407851458
2000-07-13,31.15,0.028657122199834743,0.4161779180950585
2000-07-14,30.82,-0.010650415341492378,0.41577569415088894
2000-07-17,28.44,-0.08036722495692954,0.48723571114075565
2000-07-18,28.46,0.0007029877266662111,0.47058171105845437
2000-07-19,28.33,-0.004578278819281205,0.44763381037749433
2000-07-20,27.85,-0.01708834746913207,0.38715284688080764
2000-07-21,26.68,-0.042918745325870165,0.4091052060231384
2000-07-24,26.84,0.0059790910560580095,0.4053968551012015
2000-07-25,25.78,-0.04029431459243968,0.4213002765629163
2000-07-26,25.92,0.005415873973032638,0.42354025464367034
2000-07-27,25.6,-0.012422519998557209,0.40961478567836784
2000-07-28,25.96,0.013964540350372322,0.417108284164238
2000-07-31,25.3,-0.02575249610241474,0.4104436066972361
2000-08-01,25.24,-0.0023743580604622403,0.3985793432649425
2000-08-02,26.8,0.05997184984379861,0.44985540989702516
2000-08-03,27.04,0.008915363657952329,0.45238701942282994
2000-08-04,28.01,0.035244338097254004,0.47114967050847045
2000-08-07,27.56,-0.016196143126559422,0.47280096102999086
2000-08-08,27.58,0.000725426219698026,0.473054100771774
2000-08-09,28.13,0.01974575013660981,0.47461007471936545
2000-08-10,28.98,0.029769314390770914,0.4844041187441519
2000-08-11,29.44,0.015748356968139112,0.47607790042088016
2000-08-14,29.24,-0.006816658979097792,0.47545487725094127
2000-08-15,30.0,0.025659746780577742,0.3910526365014848
2000-08-16,29.66,-0.011398044952369311,0.39400565549093314
2000-08-17,30.71,0.03478899774294508,0.40907812200820703
2000-08-18,30.76,0.0016268101847122757,0.4020909350649893
2000-08-21,31.34,0.0186800922904315,0.3650226842967124
2000-08-22,30.18,-0.03771578358817192,0.3975043110240631
2000-08-23,32.38,0.07036149490978627,0.42072597249344995
2000-08-24,31.67,-0.022171087698940696,0.4358022845486218
2000-08-25,33.26,0.04898561321423309,0.4485391435075597
2000-08-28,33.29,0.0009015778221520307,0.4502681390363988
2000-08-29,34.03,0.021985436925880886,0.4299549448507615
2000-08-30,34.13,0.0029342744058014204,0.4277772559513538
2000-08-31,35.08,0.027454404585366403,0.3978858139335447
2000-09-01,35.09,0.000285022091141556,0.4000702549376105
2000-09-04,36.02,0.026158150152686358,0.3947383581653274
2000-09-05,35.72,-0.008363583739511826,0.3885791685197017
2000-09-06,36.7,0.027065999052226307,0.3893631208629687
2000-09-07,37.43,0.019695766855812917,0.3893532251869877
2000-09-08,36.27,-0.031481568621526484,0.4143198330826944
2000-09-11,36.87,0.016407258951242083,0.4144275661010726
2000-09-12,33.3,-0.10184081525965502,0.5675297808823463
2000-09-13,31.08,-0.06899287148695143,0.6190013854216148
2000-09-14,31.35,0.008649741579483158,0.6175568800809959
2000-09-15,33.68,0.07168992229519613,0.6539214081919738
2000-09-18,34.55,0.025503360839552874,0.6578663215578107
2000-09-19,33.48,-0.03145930459240437,0.6680898527156873
2000-09-20,33.67,0.005658987551708664,0.6513504739101259
2000-09-21,32.18,-0.045262091608746044,0.6283731568765653
2000-09-22,31.59,-0.018504526750243288,0.6268914257183341
2000-09-25,30.01,-0.05130995536171797,0.6241716588918751
2000-09-26,29.94,-0.00233528046079349,0.623893461187982
2000-09-27,29.78,-0.00535835173561934,0.6161052906357548
2000-09-28,28.91,-0.029649471227608252,0.6202423334173126
2000-09-29,28.42,-0.017094433359300068,0.6073063726760487
2000-10-02,29.65,0.042369002774779764,0.6332522189829307
2000-10-03,30.64,0.032844219428656125,0.6382035168412632
2000-10-04,30.07,-0.018778347871952903,0.6393579950136824
2000-10-05,29.19,-0.029701812134414324,0.6300802320405853
2000-10-06,29.62,0.014623623973629343,0.627215131245205
2000-10-09,29.99,0.012414183921264844,0.6277132542855327
2000-10-10,30.95,0.03150900636968734,0.6375344655610337
2000-10-11,31.25,0.009646377051805335,0.5412015832140761
2000-10-12,33.45,0.06803241039182698,0.5389090102261961
2000-10-13,33.5,0.0014936522567831501,0.5386173563971101
2000-10-16,32.03,-0.0448724752099539,0.5018448275238152
2000-10-17,30.38,-0.05288846645344001,0.5200818064399958
2000-10-18,30.98,0.019557337821095908,0.5187938575666801
2000-10-19,31.29,0.0099567226920681,0.5199825343625457
2000-10-20,30.16,-0.036782014541035433,0.512170241771482
2000-10-23,30.98,0.026825291848967214,0.5190032138104386
2000-10-24,31.81,0.0264388707723302,0.49314503596854165
2000-10-25,31.17,-0.020324611981806944,0.4993911590559646
2000-10-26,31.48,0.009896329769956762,0.4993867734150576
2000-10-27,31.31,-0.005414888210888259,0.48653179324949014
2000-10-30,31.09,-0.0070513112676518445,0.48232360256862705
2000-10-31,30.15,-0.03070130089746808,0.4759870369121964
2000-11-01,31.62,0.04760490860813153,0.49101836029499185
2000-11-02,30.81,-0.02595051917274942,0.4953597188830894
2000-11-03,30.81,0.0,0.4825657820810704
2000-11-06,31.0,0.006147891876569838,0.48078863781293707
2000-11-07,31.59,0.01885341032884759,0.48302985232966306
2000-11-08,31.3,-0.009222517267886275,0.472678642373705
2000-11-09,31.79,0.015533677376603819,0.47454474487055714
2000-11-10,32.26,0.014676297774351331,0.41106877893029553
2000-11-13,32.5,0.0074120166386289965,0.4121624619902384
2000-11-14,33.05,0.016781476962003387,0.3847299017207315
2000-11-15,33.82,0.023030777172738954,0.33636522048255674
2000-11-16,34.16,0.01000302544993469,0.3328032910471937
2000-11-17,33.09,-0.0318242469868481,0.35513612118372884
2000-11-20,34.23,0.03387133060857293,0.3402839339849944
2000-11-21,33.33,-0.026644560222445587,0.3493969289562303
2000-11-22,33.11,-0.006622540760493382,0.34068783405598124
2000-11-23,33.29,0.005421700027778606,0.3310565029868282
2000-11-24,33.35,0.0018007207746991221,0.33015930944034083
2000-11-27,33.47,0.00359174286160239,0.32882506597551164
2000-11-28,32.59,-0.02664402237376498,0.34319438615785985
2000-11-29,32.45,-0.0043050496993712025,0.32284507745513424
2000-11-30,32.53,0.002462297335160967,0.28019739156563983
2000-12-01,31.59,-0.029322125671266276,0.2845464078312797
2000-12-04,30.37,-0.039385335756336404,0.3174314664607218
2000-12-05,28.88,-0.05030596503303197,0.35956436247736445
2000-12-06,27.47,-0.05005481391744305,0.3842790244416869
2000-12-07,27.85,0.013738466266110519,0.3905265629874997
2000-12-08,26.85,-0.03656714541841936,0.3967223534631598
2000-12-11,27.28,0.015888012020387695,0.3976178545376145
2000-12-12,26.81,-0.01737888072739352,0.3947864660919424
2000-12-13,26.84,0.001118359855613233,0.38543352456977
2000-12-14,24.32,-0.09859425500551476,0.4744536409210718
2000-12-15,24.44,0.004922077205428455,0.4713010844569472
2000-12-18,25.11,0.027045038866098957,0.4900552083958257
2000-12-19,24.36,-0.030323730327797355,0.4621182702294967
2000-12-20,23.29,-0.04491835894544662,0.4715623716820311
2000-12-21,22.4,-0.038963125035255536,0.4758244811295958
2000-12-22,22.23,-0.007618230884888874,0.4696307108328011
2000-12-27,22.58,0.015621830745410566,0.4797602033565861
2000-12-28,22.29,-0.012926411323738464,0.4735172586548887
2000-12-29,22.58,0.012926411323738356,0.4855333882957727
2001-01-02,23.43,0.03695269379818832,0.5194806393174196
2001-01-03,23.44,0.0004267121891076239,0.5186405335392574
2001-01-04,24.57,0.047082221824275745,0.5591332107303244
2001-01-05,24.77,0.00810705696818034,0.5539695003991337
2001-01-08,24.75,-0.0008077544865688944,0.5344532538048337
2001-01-09,24.13,-0.025369609377758996,0.5161264912265006
2001-01-10,24.98,0.034619625060491245,0.5311275613375069
2001-01-11,25.6,0.024516846788085106,0.527783222071009
2001-01-12,25.63,0.0011711888904627726,0.523851061745597
2001-01-15,26.03,0.015486178630494417,0.5248320235641066
2001-01-16,25.52,-0.0197872605298849,0.5285483179190766
2001-01-17,24.27,-0.050221438738079084,0.4361008537049701
2001-01-18,24.74,0.019180347225831767,0.4409391004893287
2001-01-19,26.29,0.06076727177744798,0.4801694874304824
2001-01-22,27.69,0.05188269844108073,0.49427588754771684
2001-01-23,27.02,-0.024494004650817768,0.47228695349317545
2001-01-24,27.04,0.0007399186427105144,0.4426172950934569
2001-01-25,26.94,-0.003705080192545351,0.44097456640216814
2001-01-26,27.04,0.003705080192545424,0.4407033572841681
2001-01-29,26.95,-0.003333953819757212,0.43603216850309706
2001-01-30,26.32,-0.023654190897889716,0.4501103735991851
2001-01-31,26.59,0.010206098797811942,0.43726014930192597
2001-02-01,27.17,0.021578218183327922,0.4399787081341169
2001-02-02,28.9,0.06172817168013007,0.45927879078254813
2001-02-05,29.25,0.012037978559479098,0.45952133051396116
2001-02-06,29.1,-0.005141399500418652,0.4608014487571861
2001-02-07,29.54,0.01500710292578686,0.44524478198425943
2001-02-08,30.68,0.03786569939582167,0.4476754478939613
2001-02-09,29.53,-0.0382042807432241,0.4736450494338544
2001-02-12,29.32,-0.007136818737380575,0.4757588777215497
2001-02-13,28.0,-0.04606536684324681,0.5076651601780406
2001-02-14,27.89,-0.0039363085358063024,0.5014452724223905
2001-02-15,26.33,-0.05755922813117965,0.5120175835469188
2001-02-16,26.61,0.010578111481379777,0.5096401767379334
2001-02-19,27.05,0.016399920302892754,0.4682870847736922
2001-02-20,26.45,-0.0224308469881822,0.43697071826664785
2001-02-21,26.1,-0.013320843975660565,0.4314616343936746
2001-02-22,25.75,-0.013500687218902576,0.4332841591869976
2001-02-23,26.12,0.014266677298485145,0.4370208141270553
2001-02-26,25.84,-0.010777625493829266,0.4377382185759074
2001-02-27,25.28,-0.021910109635744343,0.44306256064498306
2001-02-28,25.16,-0.004758137446416923,0.43677915197377537
2001-03-01,24.76,-0.016025984015844343,0.43688432773193203
2001-03-02,25.28,0.020784121462261263,0.4363206706598872
2001-03-05,25.98,0.027313441963796842,0.3848075160844147
2001-03-06,25.59,-0.015125361070756104,0.38107590799047236
2001-03-07,25.91,0.012427344402321149,0.38660674693867064
2001-03-08,26.37,0.017598005791176822,0.3884406624907336
2001-03-09,25.78,-0.02262800285415394,0.358936483980444
2001-03-12,25.34,-0.017214822618048343,0.343943937487887
2001-03-13,24.8,-0.021540521722056415,0.34746596621732356
2001-03-14,24.31,-0.01995586484290463,0.32225708022711014
2001-03-15,23.37,-0.039434639777265273,0.3412808971050196
2001-03-16,23.84,0.01991169364638241,0.3042370962961062
2001-03-19,23.19,-0.027643690929708635,0.30878119395071213
2001-03-20,23.63,0.01879593993137614,0.31112774169336227
2001-03-21,23.21,-0.01793387091247077,0.3085945940353984
2001-03-22,23.45,0.010287274605942566,0.31256323466675123
2001-03-23,23.94,0.020680205237538822,0.32323107881835533
2001-03-26,24.01,0.002919710103334846,0.3177286511602585
2001-03-27,24.41,0.016522474171706745,0.3244069249147737
2001-03-28,24.5,0.003680233145812683,0.3173596966695427
2001-03-29,23.77,-0.03024883617857877,0.3325842473278498
2001-03-30,23.5,-0.01142386022198931,0.33063832068873134
2001-04-02,23.31,-0.008117968102447559,0.3199945006805293
2001-04-03,23.47,0.006840556815266417,0.3022275668291917
2001-04-04,24.35,0.03680883966566666,0.33203058682881553
2001-04-05,24.87,0.02113040828671442,0.3382269892837682
2001-04-06,24.02,-0.03477544116347583,0.34858644459961463
2001-04-09,24.37,0.014466050985277533,0.3478893394551875
2001-04-10,25.64,0.05080076441535443,0.38939066219717694
2001-04-11,26.08,0.017015105005982755,0.38469491800586664
2001-04-12,27.12,0.039102726013742824,0.39570037536647207
2001-04-13,26.8,-0.011869575555383882,0.3669955251805995
2001-04-16,26.8,0.0,0.3643137328267971
2001-04-17,26.99,0.00706453951310224,0.34369662490155406
2001-04-18,26.11,-0.03314804431887578,0.367913763846444
2001-04-19,25.86,-0.00962100936732608,0.3625429070422854
2001-04-20,25.57,-0.011277584040616153,0.36636754415359873
2001-04-23,25.42,-0.005883523541787168,0.36277843276582394
2001-04-24,25.76,0.013286635474844922,0.36457426407146204
2001-04-25,25.49,-0.010536682848128958,0.36430572637398656
2001-04-26,26.71,0.04675180873384561,0.3959008384874047
2001-04-27,26.85,0.005227793833004275,0.37566081978132576
2001-04-30,27.21,0.013318731840281218,0.37111569925867793
2001-05-01,27.31,0.003668382690458638,0.36730026120661197
2001-05-02,26.82,-0.01810505763208117,0.37791201242676176
2001-05-03,27.46,0.023582522486292588,0.36710471869772276
2001-05-04,27.59,0.004722987889369729,0.3628032072734105
2001-05-07,27.71,0.004339970645692441,0.33292057527387364
2001-05-08,27.45,-0.009427190919347472,0.33626478359164025
2001-05-09,27.46,0.0003642323842854715,0.29365876317057615
2001-05-10,28.27,0.02907077136567387,0.30357320093953505
2001-05-11,27.97,-0.01066866449163062,0.2786658296020165
2001-05-14,27.77,-0.007176205895160115,0.27629932529982554
2001-05-15,27.88,0.003953284573614921,0.2763334771783003
2001-05-16,28.19,0.011057719233698146,0.277620449906036
2001-05-17,28.57,0.013389911116660415,0.2485127275894422
2001-05-18,29.3,0.02523029978033993,0.25321669583517636
2001-05-21,29.8,0.016920877488337177,0.24783183186143345
2001-05-22,29.72,-0.002688173661800414,0.2459316493276776
2001-05-23,29.51,-0.007091030894710241,0.2499281788123654
2001-05-24,28.85,-0.022619196000739503,0.26342864235571783
2001-05-25,28.69,-0.005561362960835145,0.21994378838294962
2001-05-29,29.11,0.014533127764258268,0.2232525774383386
2001-05-30,28.92,-0.0065483604669677965,0.22324155092251152
2001-05-31,28.55,-0.012876461188544781,0.22978725001588268
2001-06-01,28.86,0.010799617243705572,0.2193173018990968
2001-06-04,28.95,0.0031136506732793536,0.20679506342909307
2001-06-05,29.25,0.010309369658861287,0.20844509452976007
2001-06-06,28.73,-0.017937700686667318,0.22029608362959868
2001-06-07,28.55,-0.006284936889178947,0.21855446453459026
2001-06-08,28.88,0.01149237792260623,0.220974077218843
2001-06-11,29.57,0.023611019839760335,0.21334914011258913
2001-06-12,29.03,-0.018430555827847323,0.22078579663266304
2001-06-13,29.13,0.0034387929348046477,0.21841489669932074
2001-06-14,28.5,-0.0218644836967384,0.23369425045782805
2001-06-15,28.13,-0.013067464772839356,0.2356086813477637
2001-06-18,27.61,-0.018658596559702346,0.23862271173474486
2001-06-19,26.68,-0.034263804894640065,0.24320498522027123
2001-06-20,26.24,-0.01662925697153472,0.23362088673194575
2001-06-21,26.7,0.017378601330315595,0.24721451806801364
2001-06-22,26.86,0.005974625688887773,0.25001777302224626
2001-06-25,27.36,0.018443901659258178,0.25292944646871196
2001-06-26,27.66,0.010905233482262527,0.256840775537555
2001-06-27,26.25,-0.052321337198979384,0.3036179197684799
2001-06-28,25.68,-0.021953510215872298,0.3092928061247888
2001-06-29,26.21,0.020428538513554702,0.32080286666277186
2001-07-02,25.73,-0.018483391041662172,0.31973432257690243
2001-07-03,25.56,-0.0066289967843187825,0.31821767008953566
2001-07-04,25.97,0.015913396165323085,0.32238606107100914
2001-07-05,25.69,-0.01084021455286472,0.31990932487101237
2001-07-06,26.55,0.03292793656615571,0.3461876698369927
2001-07-09,25.59,-0.03682809751625042,0.3600820378975513
2001-07-10,24.69,-0.035803346814609234,0.357834083726395
2001-07-11,24.44,-0.010177169053693525,0.3561118978185421
2001-07-12,23.62,-0.034127323534178286,0.36432994414813136
2001-07-13,24.02,0.016793005882621087,0.37295580108405685
2001-07-16,23.58,-0.01848792154261265,0.37432762753700544
2001-07-17,23.9,0.013479563828240235,0.37974822572019545
2001-07-18,23.1,-0.03404584140971699,0.37955082316957106
2001-07-19,23.35,0.010764366587158484,0.38251870294076074
2001-07-20,23.43,0.0034202684047979965,0.37495484041363686
2001-07-23,24.44,0.04220388178369032,0.4092388057618198
2001-07-24,24.37,-0.0028682666662797444,0.4007575568741338
2001-07-25,24.9,0.021514935833546908,0.40785598468937584
2001-07-26,24.94,0.0016051367812286584,0.3700592086095433
2001-07-27,24.82,-0.004823160475429269,0.363373847844259
2001-07-30,24.46,-0.0146106495174348,0.3567956131411399
2001-07-31,24.35,-0.004507280730427474,0.3525566723240549
2001-08-01,24.23,-0.00494031470016444,0.35236350450074144
2001-08-02,25.49,0.05069468355958967,0.3935163728385644
2001-08-03,25.6,0.004306133097492865,0.39218564390094823
2001-08-06,25.39,-0.008236955768929702,0.3739155395246941
2001-08-07,25.94,0.021430783171710873,0.35999583873825186
2001-08-08,25.61,-0.01280327867686397,0.33884867732807344
2001-08-09,25.28,-0.012969330932777084,0.3402214736461273
2001-08-10,25.78,0.01958542823238465,0.31937413800209374
2001-08-13,25.88,0.0038714721216584072,0.3160571005706105
2001-08-14,25.71,-0.00659044835490159,0.30819292682476923
2001-08-15,25.61,-0.0038971210663642825,0.30741987128163223
2001-08-16,25.18,-0.01693287159523281,0.2862166346110759
2001-08-17,24.68,-0.02005682957901405,0.29689641885352525
2001-08-20,24.35,-0.013461349508588252,0.3020505347576457
2001-08-21,25.36,0.0406412800404264,0.2994564404993604
2001-08-22,25.71,0.013706891708772963,0.3017249580307264
2001-08-23,25.66,-0.0019466620903077659,0.2939897685133282
2001-08-24,26.33,0.025775614320727558,0.3058531864225652
2001-08-27,26.22,-0.004186495172664217,0.3056668397059034
2001-08-28,26.46,0.009111680351255813,0.29981472326368036
2001-08-29,26.67,0.007905179507113247,0.29859199379331974
2001-08-30,26.7,0.0011242272122809105,0.29695321099026273
2001-08-31,26.8,0.003738322110607158,0.24519941397346945
2001-09-03,26.52,-0.010502722199149288,0.24907426494392285
2001-09-04,26.27,-0.009471561620213228,0.24972956813095543
2001-09-05,26.27,0.0,0.2391205017381792
2001-09-06,26.61,0.012859481292149281,0.23751283026517486
2001-09-07,27.54,0.034352408310910985,0.25620955320765326
2001-09-10,27.59,0.0018138949286858979,0.2499762364474686
2001-09-11,29.12,0.053971835099290474,0.30564208824102124
2001-09-12,28.24,-0.030685810703444012,0.3283237119963473
2001-09-13,28.2,-0.0014174346809733935,0.3276391797224335
2001-09-14,29.22,0.035531428378485407,0.3345523501655199
2001-09-17,28.32,-0.03128513749703437,0.3480205357010336
2001-09-18,27.54,-0.027928775525010264,0.3618371539750984
2001-09-19,25.44,-0.0793167548285873,0.44550009759661324
2001-09-20,25.57,0.005097050831173897,0.4431912382830197
2001-09-21,25.17,-0.015766980155870653,0.44642793522148694
2001-09-24,20.63,-0.1989064820640642,0.8086672992965581
2001-09-25,20.13,-0.0245350874314603,0.8093832205269584
2001-09-26,20.67,0.026472134041976923,0.8174413169899202
2001-09-27,21.47,0.03797323819701259,0.8330423969483312
2001-09-28,21.87,0.018459222797986896,0.8381935115708097
2001-10-01,21.22,-0.030171701502839536,0.8396740553630717
2001-10-02,21.29,0.0032933457195511093,0.8411599550611207
2001-10-03,20.63,-0.031491151822227656,0.8442866192628484
2001-10-04,20.94,0.014914878359230447,0.8484190679344875
2001-10-05,21.46,0.024529531760161642,0.8534674160126849
2001-10-08,20.91,-0.025963223762010212,0.8392138293063496
2001-10-09,20.65,-0.012512194033500573,0.8374683000937122
2001-10-10,21.02,0.017759046041763402,0.8094728021079927
2001-10-11,21.38,0.01698154014809407,0.8150439651929122
2001-10-12,20.57,-0.038622201932033286,0.8184202857894972
2001-10-15,20.36,-0.010261511982543858,0.797895036785649
2001-10-16,20.47,0.005388207990876157,0.7998513845640205
2001-10-17,19.47,-0.05008558028908984,0.8078469351861779
2001-10-18,19.21,-0.013443842603642944,0.7748760096539568
2001-10-19,19.91,0.035791141295639504,0.791218642686166
2001-10-22,20.38,0.02333190971847386,0.8003595944553118
2001-10-23,20.56,0.008793412792385515,0.4120396990464048
2001-10-24,20.37,-0.009284210348249763,0.40398095428564684
2001-10-25,20.67,0.014620143454962391,0.3964194427992887
2001-10-26,20.31,-0.01756999810138372,0.37552395788824855
2001-10-29,20.55,0.011747565349950456,0.3714692135093863
2001-10-30,20.41,-0.006835964120490202,0.3585032559547331
2001-10-31,19.63,-0.038965968533383834,0.380097284643804
2001-11-01,19.39,-0.01230153903380921,0.36814907974556976
2001-11-02,18.63,-0.03998428464106343,0.3833834595818975
2001-11-05,18.78,0.008019289166619797,0.37112316581572913
2001-11-06,18.64,-0.007482664522671747,0.36427705267528315
2001-11-07,18.86,0.011733467947866272,0.368036234103859
2001-11-08,19.54,0.03542036940932525,0.38603023153864985
2001-11-09,20.72,0.05863577077664568,0.43739567960776826
2001-11-12,19.48,-0.06171111917689314,0.4683111598829541
2001-11-13,20.47,0.04957210145880911,0.5007123887541887
2001-11-14,18.78,-0.08616792589308116,0.5826349116387352
2001-11-15,16.51,-0.1288262158480802,0.7107078207758736
2001-11-16,16.86,0.020977694641672685,0.717268363925076
2001-11-19,16.55,-0.018557850750637372,0.7017051385057588
2001-11-20,18.82,0.12853403233416166,0.8428458839528465
2001-11-21,18.44,-0.020397916028785774,0.8434196001037109
2001-11-22,19.65,0.06355512018682243,0.8760672939567078
2001-11-23,19.4,-0.01280427224598774,0.8747747732510716
2001-11-26,18.66,-0.038890870650084654,0.8823285200421732
2001-11-27,19.09,0.022782442318458506,0.8856373903693484
2001-11-28,18.81,-0.01477599442471727,0.8864399216796629
2001-11-29,18.54,-0.014458083175229888,0.8782476420847047
2001-11-30,18.92,0.020289003486023357,0.8810197672985189
2001-12-03,20.0,0.05551270993025876,0.8900678324657473
2001-12-04,19.28,-0.03666398437159136,0.9005303098469848
2001-12-05,19.27,-0.0005188067561246423,0.9000022658610743
2001-12-06,18.57,-0.037002107061660565,0.9088672065661494
2001-12-07,17.81,-0.04178727806304428,0.9095169800568442
2001-12-10,18.03,0.012276939913655706,0.8828096487629921
2001-12-11,17.61,-0.023570114707111223,0.86247355821831
2001-12-12,18.13,0.029101102258644936,0.8490214999164913
2001-12-13,17.8,-0.01836956746872012,0.7991580906048105
2001-12-14,18.54,0.04073210283966949,0.6664090960066288
2001-12-17,18.58,0.002155173247983412,0.6640945123812964
2001-12-18,18.51,-0.0037746068002861193,0.6595508079784987
2001-12-19,19.03,0.027705554722651935,0.49391991122072687
2001-12-20,18.87,-0.008443321927599312,0.48925213433776915
2001-12-21,18.73,-0.0074468429244617185,0.43371769913527486
2001-12-24,18.65,-0.004280370366172652,0.43211458159178673
2001-12-27,18.87,0.011727213290634484,0.412620775909181
2001-12-28,19.77,0.04659227780206658,0.4363584495598346
2001-12-31,19.35,-0.021473217706734594,0.4401385764532165
2002-01-02,20.13,0.03951882017590912,0.4551753452592348
2002-01-03,20.47,0.016749160021497945,0.4537340766512839
2002-01-04,21.2,0.03504078200476858,0.42918479355582617
2002-01-07,21.08,-0.005676458004805191,0.40610983429877606
2002-01-08,21.03,-0.002374733958553004,0.4064352094738661
2002-01-09,20.21,-0.03977245829907878,0.41006762414238573
2002-01-10,19.71,-0.025051410250900772,0.3901196846888043
2002-01-11,20.08,0.018598173658899556,0.3922494239521282
2002-01-14,18.89,-0.061091613310110086,0.4448473867288009
2002-01-15,18.86,-0.0015894043081068018,0.4350510042065589
2002-01-16,18.5,-0.01927254512103225,0.4355914774122671
2002-01-17,18.2,-0.016349138001529526,0.41580076206720606
2002-01-18,18.17,-0.0016497116746697325,0.41565953068797773
2002-01-21,18.32,0.008221476837904378,0.4167491616536632
2002-01-22,18.7,0.020530164614556697,0.4113382353921903
2002-01-23,18.89,0.010109157652877327,0.41203335394276114
2002-01-24,18.91,0.0010582011569479043,0.4111357953676032
2002-01-25,19.04,0.006851146692853086,0.4113284653573923
2002-01-28,19.74,0.03610500464211614,0.4276929608005464
2002-01-29,19.26,-0.024616627635355916,0.40498538133927975
2002-01-30,18.71,-0.028972266083981235,0.41050057708201226
2002-01-31,19.07,0.01905827932632934,0.39029782444264965
2002-02-01,19.7,0.03250221613161506,0.4037101919703125
2002-02-04,20.26,0.028029863076594667,0.39630587435894254
2002-02-05,19.9,-0.017928767090090756,0.3999320164400606
2002-02-06,19.97,0.0035114156972771184,0.40051968515485586
2002-02-07,19.42,-0.02792768456454491,0.3885397101541871
2002-02-08,20.01,0.02992868573246308,0.3939021257462743
2002-02-11,20.08,0.003492146227886146,0.38870453815378087
2002-02-12,21.75,0.07988946271116469,0.4154005256981517
2002-02-13,21.41,-0.015755654933101687,0.4218172557084208
2002-02-14,20.97,-0.020765257687762873,0.42297595219435474
2002-02-15,20.76,-0.010064786616140596,0.419342758640029
2002-02-18,20.12,-0.031313713066149496,0.4385496184205385
2002-02-19,20.18,0.0029776696939243126,0.4384185210192896
2002-02-20,19.44,-0.037359215893169755,0.4573758803475641
2002-02-21,20.21,0.03884473238323655,0.4744298226959634
2002-02-22,20.14,-0.003469644125113453,0.4749483444143465
2002-02-25,19.78,-0.018036561095850164,0.48020192535595846
2002-02-26,19.95,0.008557817141306318,0.4646469454021655
2002-02-27,20.73,0.038352783111815905,0.4728811085209783
2002-02-28,20.73,0.0,0.4582351150625634
2002-03-01,21.83,0.051703244114164236,0.4841795490631708
2002-03-04,21.59,-0.011054926035136461,0.47810655380210654
2002-03-05,22.25,0.030111764085533208,0.4794575821226374
2002-03-06,22.11,-0.006312013742894357,0.4742829923600642
2002-03-07,23.1,0.043802622658393055,0.49284735493239895
2002-03-08,22.32,-0.03434948001463768,0.499033999134922
2002-03-11,23.14,0.03607958425242037,0.5030911092826122
2002-03-12,22.7,-0.01919779727817354,0.5111154031459578
2002-03-13,23.6,0.03888178754420748,0.45265473851290977
2002-03-14,23.76,0.006756782462879907,0.447028329855389
2002-03-15,23.9,0.00587496444302075,0.43712810721356676
2002-03-18,23.8,-0.004192878260035927,0.4348377547136898
2002-03-19,24.51,0.02939561686259231,0.4188670570955583
2002-03-20,24.78,0.010955678660975063,0.4182374082825386
2002-03-21,24.25,-0.021620258817504186,0.39899791199192886
2002-03-22,24.83,0.023635982136582998,0.38874444726316604
2002-03-25,24.75,-0.0032271105053758675,0.3886410004917857
2002-03-26,24.6,-0.006079046076382115,0.3799540529081797
2002-03-27,25.13,0.021315908617183636,0.38174731693077907
2002-03-28,25.34,0.008321823337492278,0.36857463494280085
2002-03-29,25.34,0.0,0.36857463494280085
2002-04-01,26.06,0.028017396803706025,0.34267490991437194
2002-04-02,26.97,0.0343235654549396,0.34619376914265493
2002-04-03,26.72,-0.00931278848319362,0.3451257519026962
2002-04-04,26.97,0.00931278848319352,0.3407690546112452
2002-04-05,25.39,-0.060369741435051506,0.39521665409032536
2002-04-08,26.36,0.03749231391771945,0.3844418662385195
2002-04-09,25.48,-0.033953878930343837,0.39617959706859324
2002-04-10,25.13,-0.01383147914846185,0.3925396388110577
2002-04-11,24.22,-0.03688361343055462,0.3974691950602923
2002-04-12,23.25,-0.04087360609158084,0.42258457257183657
2002-04-15,23.39,0.006003448562722414,0.42261127115417213
2002-04-16,24.03,0.02699446915228988,0.4333405949057802
2002-04-17,25.26,0.04991906717396762,0.4558562294352027
2002-04-18,25.9,0.025020851783146954,0.4621182564936128
2002-04-19,25.86,-0.0015455953617805973,0.4542983513614875
2002-04-22,25.96,0.003859518492177903,0.44813658486800934
2002-04-23,26.26,0.011489977038760932,0.4488236869619316
2002-04-24,26.2,-0.0022874581075990807,0.44806798944762943
2002-04-25,26.47,0.010252605471958753,0.4439903910229108
2002-04-26,26.32,-0.005682909781893375,0.4443165262393161
2002-04-29,26.85,0.019936714497757243,0.448641337583015
2002-04-30,26.98,0.004830029824736068,0.43928381910812053
2002-05-01,26.67,-0.011556512585686846,0.4248011697555433
2002-05-02,25.73,-0.035881711900270195,0.4413678146559681
2002-05-03,25.8,0.002716865633919051,0.43986457389095773
2002-05-07,25.53,-0.010520260674179278,0.3874488785050681
2002-05-08,26.09,0.021697867895244565,0.3718759695833286
2002-05-09,26.09,0.0,0.3514162745826904
2002-05-10,26.89,0.03020237113213625,0.36078095487610773
2002-05-13,26.3,-0.02218553109705442,0.3433656714642664
2002-05-14,27.12,0.03070252388847593,0.31396912010499173
2002-05-15,27.17,0.0018419603660616748,0.3145214148613783
2002-05-16,25.71,-0.05523340216045829,0.3727011823480486
2002-05-17,25.45,-0.01016427828126648,0.3339402609899526
2002-05-20,25.97,0.020226282678125387,0.32986659297424353
2002-05-21,24.99,-0.03846628082779605,0.3559876661868913
2002-05-22,24.32,-0.027176687748894625,0.3660506289669304
2002-05-23,24.01,-0.012828646864804323,0.36351621265004125
2002-05-24,23.76,-0.010466915738717693,0.36405926875639794
2002-05-27,23.52,-0.010152371464018073,0.36037468587831784
2002-05-28,24.71,0.04935689697009257,0.4076083018867652
2002-05-29,24.18,-0.02168217481387217,0.4035692370511894
2002-05-30,23.72,-0.019207271057121982,0.40478968532294424
2002-05-31,23.87,0.006303866221214189,0.4064987662938469
2002-06-05,23.19,-0.028901289083298483,0.4005536504997131
2002-06-06,22.79,-0.01739930800984748,0.40176228432786365
2002-06-07,22.99,0.008737495517497161,0.40450538103341555
2002-06-10,22.83,-0.0069838782333860264,0.39269159451733554
2002-06-11,22.37,-0.02035468503966575,0.3948647830771168
2002-06-12,23.09,0.03167884786436578,0.39666189234234106
2002-06-13,23.72,0.02691895076312065,0.4096341275417828
2002-06-14,23.97,0.010484474316768268,0.3931380798283682
2002-06-17,24.69,0.029595254910795173,0.4113401466548939
2002-06-18,24.64,-0.002027164691769189,0.3677307987045537
2002-06-19,24.85,0.008486613877318725,0.36820424757751685
2002-06-20,24.42,-0.01745528386007914,0.36376913510147657
2002-06-21,24.14,-0.011532253013173274,0.3419265832790725
2002-06-24,24.99,0.03460552917747552,0.35067391721642116
2002-06-25,25.32,0.013118852429114503,0.34902279502926375
2002-06-26,24.75,-0.02276910826127611,0.35729846771039364
2002-06-27,25.39,0.025529906701887706,0.36340611318317356
2002-06-28,25.33,-0.0023659317030033464,0.3233927986617645
2002-07-01,25.65,0.012554107603194772,0.314521667443428
2002-07-02,25.64,-0.0003899395643091279,0.3045197693709367
2002-07-03,25.59,-0.0019519818807719172,0.30497509532543066
2002-07-04,25.51,-0.0031311180179772993,0.2829463028157742
2002-07-05,25.75,0.009364094956024976,0.27176638538428866
2002-07-08,25.08,-0.026363911345025276,0.2933548545627141
2002-07-09,24.9,-0.007202912294057997,0.2934605001946245
2002-07-10,25.82,0.03628158194783461,0.29943522802406325
2002-07-11,25.83,0.00038722168925267613,0.2860364668717068
2002-07-12,26.11,0.010781775603288413,0.2759827452397204
2002-07-15,26.16,0.0019131438779604116,0.275265113860656
2002-07-16,25.94,-0.008445347700700096,0.2622140978638975
2002-07-17,26.19,0.009591479631322761,0.2628574337132088
2002-07-18,26.72,0.020034690148824304,0.2689212154765424
2002-07-19,26.37,-0.013185348303249628,0.265117736433956
2002-07-22,25.7,-0.025736008464021302,0.2795453509392698
2002-07-23,25.65,-0.0019474202843955666,0.25504793407666904
2002-07-24,25.43,-0.00861399218275025,0.2534014782921878
2002-07-25,25.36,-0.0027564498650030985,0.23964846758441086
2002-07-26,25.1,-0.010305283431286907,0.22546312492653456
2002-07-29,25.2,0.003976148379639417,0.22588843754443025
2002-07-30,25.95,0.02932761509451992,0.24456469016639484
2002-07-31,26.28,0.012636584004512275,0.24806934341821268
2002-08-01,25.79,-0.018821373723156478,0.257453314406783
2002-08-02,25.17,-0.024334010746028763,0.271197417944747
2002-08-05,25.2,0.0011911853701530102,0.268866879315199
2002-08-06,25.69,0.019257816604414738,0.2610321295752845
2002-08-07,25.7,0.00038918077938192725,0.2592922078906213
2002-08-08,25.51,-0.007420459747453949,0.22771181768681756
2002-08-09,25.49,-0.0007843137656961069,0.22768559257239004
2002-08-12,25.63,0.005477321987955714,0.2250617882180988
2002-08-13,26.11,0.01855484233505783,0.23483828400922743
2002-08-14,26.47,0.013693633527972463,0.23742320958148685
2002-08-15,26.66,0.007152298511552815,0.23645467664485312
2002-08-16,27.33,0.024820685189413952,0.24186743528055127
2002-08-19,27.44,0.004016802917707905,0.23636644089116973
2002-08-20,27.63,0.006900336077640705,0.21430521313853507
2002-08-21,27.53,-0.0036258197808091124,0.21491565302813265
2002-08-22,27.81,0.010119349091357428,0.21152642111093817
2002-08-23,27.51,-0.010846093309390212,0.2167006240533998
2002-08-26,27.56,0.001815871208974625,0.2106912352946052
2002-08-27,27.89,0.011902755493939867,0.21224906352791476
2002-08-28,27.54,-0.01262870833888889,0.20067899166294545
2002-08-29,27.11,-0.015736829789934674,0.2071766130301158
2002-08-30,27.56,0.016462782634883537,0.19952446493747644
2002-09-02,27.45,-0.003999278189918143,0.17516470311633575
2002-09-03,26.58,-0.03220711467044038,0.21573312036373485
2002-09-04,27.31,0.027093882200514296,0.2248979966772712
2002-09-05,27.54,0.008386557814895145,0.22547323607556158
2002-09-06,28.36,0.029340208363418028,0.23901866879336997
2002-09-09,28.67,0.010871578231351755,0.23884829401153249
2002-09-10,28.92,0.008682117395285485,0.2390857229122924
2002-09-11,28.68,-0.00833338155914441,0.23908575036356064
2002-09-12,27.76,-0.03260388009281577,0.2685572021009206
2002-09-13,28.53,0.02736002958680489,0.2819778688197329
2002-09-16,28.38,-0.005271493493512107,0.2720365792489305
2002-09-17,27.76,-0.022088536093292723,0.28411316117918356
2002-09-18,28.41,0.023145060227492863,0.29408457157202456
2002-09-19,28.45,0.0014069647062433838,0.2935331393077117
2002-09-20,28.61,0.005608146489678968,0.29229005143373793
2002-09-23,29.36,0.025876896684295863,0.3005485660463287
2002-09-24,29.47,0.0037395930032884535,0.3005189429744611
2002-09-25,29.11,-0.012291038992071443,0.30335489249319525
2002-09-26,28.93,-0.0062026387694881545,0.30024077208488414
2002-09-27,29.0,0.002416710998430331,0.2929630865875865
2002-09-30,29.11,0.0037859277710578488,0.28900147931785825
2002-10-01,29.42,0.010592957415759717,0.28922016394613803
2002-10-02,29.14,-0.009562914406232767,0.2637036731224721
2002-10-03,28.46,-0.02361220810535249,0.2671471684697062
2002-10-04,28.32,-0.004931323836187289,0.26709654649980247
2002-10-07,28.38,0.002116402906377472,0.2470182820723013
2002-10-08,28.28,-0.003529830703524559,0.24407694974872768
2002-10-09,28.29,0.0003535442851036847,0.24175783263728823
2002-10-10,27.7,-0.021075972120182977,0.2504685722082706
2002-10-11,28.18,0.017180093277241366,0.23162357263383793
2002-10-14,28.56,0.01339463100084941,0.21589987843936992
2002-10-15,28.66,0.003495284928642142,0.21531229597873422
2002-10-16,28.61,-0.001746115338006915,0.19940478773573514
2002-10-17,28.22,-0.013725360637350999,0.18948601540714094
2002-10-18,28.2,-0.0007089684806000765,0.1893848370249793
2002-10-21,27.01,-0.04311481013954356,0.23864597884922603
2002-10-22,26.69,-0.01191820438809145,0.21641937629112168
2002-10-23,26.68,-0.0003747423690098073,0.2149000232713484
2002-10-24,26.78,0.0037411192156035496,0.21497468802332678
2002-10-25,25.96,-0.031098448427137226,0.2346289570742589
2002-10-28,25.44,-0.020234153363967878,0.23850306903730237
2002-10-29,25.71,0.010557282805876783,0.243195787361853
2002-10-30,25.29,-0.01647096059592441,0.23806613680118205
2002-10-31,25.51,0.008661471471846366,0.24408457768403044
2002-11-01,25.78,0.010528465357321383,0.24228125347163365
2002-11-04,25.21,-0.02235825631121293,0.24988392196114342
2002-11-05,24.66,-0.022058243463630233,0.25454078182798723
2002-11-06,23.73,-0.03844242728852605,0.27683363875884986
2002-11-07,24.36,0.026202372394024117,0.3005432105441435
2002-11-08,23.54,-0.03424134100956563,0.31150530328412607
2002-11-11,23.86,0.013502314837639437,0.3080380295412152
2002-11-12,24.01,0.00626699356339184,0.3027669823306283
2002-11-13,22.96,-0.04471683878179622,0.3244599856852863
2002-11-14,22.82,-0.006116227017436094,0.3233154346013817
2002-11-15,23.33,0.02210274159940883,0.3424415421854779
2002-11-18,23.41,0.0034231954694808947,0.34400706030046524
2002-11-19,24.05,0.02697171504895076,0.3417520080068825
2002-11-20,24.05,0.0,0.34143741116727183
2002-11-21,24.52,0.019354114516240518,0.35146797309039196
2002-11-22,24.79,0.010951234979088573,0.3543497784195186
2002-11-25,24.85,0.002417406495538622,0.34041635144461646
2002-11-26,24.56,-0.011738649263696164,0.33595090070132083
2002-11-27,25.11,0.022147069890551884,0.34358096083985895
2002-11-28,25.7,0.02322481873168053,0.34871954860802934
2002-11-29,25.74,0.0015552102668064845,0.34755916437731355
2002-12-02,25.73,-0.00038857587432777126,0.3456134536253943
2002-12-03,26.09,0.013894472854984208,0.33893721390205006
2002-12-04,25.99,-0.0038402504952382574,0.328609620667249
2002-12-05,26.07,0.0030733792920116386,0.29297042176712806
2002-12-06,25.67,-0.015462233062361223,0.2895752673591015
2002-12-09,26.06,0.015078576813649927,0.2595880244249362
2002-12-10,26.35,0.011066703290672426,0.25869989398450766
2002-12-11,26.85,0.01879754596750242,0.26324157710967533
2002-12-12,27.29,0.01625451376537339,0.19240627389358447
2002-12-13,27.64,0.01274366417922204,0.18566537285811083
2002-12-16,28.73,0.03867787409172902,0.20781995620112853
2002-12-17,29.25,0.01793770068666725,0.20818966434103747
2002-12-18,29.95,0.023649750883592772,0.20519574009578148
2002-12-19,30.26,0.010297383798751596,0.2016598621245662
2002-12-20,29.59,-0.022390241948091593,0.22961725411779285
2002-12-23,30.61,0.03389028654520277,0.2453475072722638
2002-12-24,30.93,0.010399833739657215,0.2437749889187371
2002-12-27,31.49,0.017943448415954927,0.23113287533019333
2002-12-30,32.02,0.016690672455635575,0.22882713018278789
2002-12-31,30.12,-0.06117130463687588,0.33624347303130975
2003-01-02,30.32,0.006618157842478074,0.33556149931480056
2003-01-03,31.43,0.03595529003530535,0.34778454631675154
2003-01-06,31.43,0.0,0.348915712496361
2003-01-07,30.78,-0.02089772239874298,0.3615189197169637
2003-01-08,29.3,-0.04927761238771154,0.41249886710943523
2003-01-09,30.26,0.03223919233718837,0.41495504141547934
2003-01-10,30.07,-0.006298711359772254,0.41685558035981213
2003-01-13,30.46,0.012886350466578177,0.4171369626829369
2003-01-14,31.36,0.02911884801519125,0.4223452853842693
2003-01-15,31.73,0.011729410112897083,0.4214390054767877
2003-01-16,32.29,0.01749497917507953,0.4225495300594565
2003-01-17,31.57,-0.022550282200283583,0.41866626988563177
2003-01-20,32.23,0.020690393257446028,0.4198872379817107
2003-01-21,31.72,-0.01595029906069916,0.4196819961576852
2003-01-22,32.07,0.010973616938416347,0.4198420539690728
2003-01-23,31.4,-0.021113120790855932,0.41890010178988757
2003-01-24,31.62,0.006981938867118385,0.40385942245557366
2003-01-27,31.02,-0.019157674032933256,0.40864570686880813
2003-01-28,30.73,-0.009392781605999444,0.40459004332236925
2003-01-29,31.26,0.0170999488509372,0.4048200286400763
2003-01-30,31.42,0.005105307834144468,0.34107811171054314
2003-01-31,31.57,0.004762669742425065,0.34082286220548347
2003-02-03,30.95,-0.019834303439295237,0.32506179247497724
2003-02-04,31.13,0.005798985322911788,0.32584628634550733
2003-02-05,31.77,0.020350463827908085,0.3245693400175106
2003-02-06,31.81,0.0012582574796279318,0.2670519001715233
2003-02-07,32.23,0.013116990066293759,0.24910895765991223
2003-02-10,32.47,0.007418890287408153,0.2471796183591429
2003-02-11,32.51,0.001231148201059285,0.24498368991161038
2003-02-12,32.46,-0.0015391722293686915,0.22626424943533913
2003-02-13,33.23,0.023444520280057654,0.23626371398066856
2003-02-14,33.26,0.0009023913982788076,0.22962748482254666
2003-02-17,33.06,-0.006031381371903316,0.21454466488635954
2003-02-18,33.26,0.006031381371903455,0.2043920412046908
2003-02-19,33.16,-0.003011143497687413,0.19518161098937722
2003-02-20,32.76,-0.01213607128222556,0.19835602251492282
2003-02-21,32.76,0.0,0.1814433806262373
2003-02-24,33.41,0.01964699738379642,0.1908677370841191
2003-02-25,33.64,0.006860578736082335,0.17399344655783028
2003-02-26,33.46,-0.005365139546069353,0.17065507847064412
2003-02-27,34.09,0.018653390591133835,0.1722290989458444
2003-02-28,34.0,-0.0026435615336504806,0.1737594480225797
2003-03-03,33.4,-0.017804624633506707,0.18902997251573023
2003-03-04,34.37,0.028628190879087828,0.19082976463514956
2003-03-05,33.92,-0.013179279938040066,0.20087726342465498
2003-03-06,34.39,0.013761013520472579,0.19537695788333778
2003-03-07,34.47,0.0023235560845990435,0.1952389591190663
2003-03-10,34.94,0.013542924177136435,0.19549980174860088
2003-03-11,34.06,-0.025508629471368106,0.21969274258318294
2003-03-12,34.16,0.0029316936858266676,0.21966976341813965
2003-03-13,33.98,-0.005283252676583099,0.22088611879004205
2003-03-14,31.48,-0.07641969269458336,0.339041607449012
2003-03-17,30.35,-0.03655590604369513,0.3584732435212678
2003-03-18,28.55,-0.06113958140348803,0.40898311910127966
2003-03-19,28.4,-0.005267790934858916,0.40631664490286556
2003-03-20,28.0,-0.014184634991956413,0.40659708558986174
2003-03-21,25.59,-0.09000286000350649,0.49607409095565386
2003-03-24,26.54,0.03645137873236404,0.5223393701340692
2003-03-25,27.28,0.027500804071200032,0.5286316777914845
2003-03-26,25.98,-0.048826821732807946,0.5417484533997898
2003-03-27,27.29,0.0491933234777936,0.582023424769384
2003-03-28,27.66,0.013466991516365164,0.579109255764991
2003-03-31,28.05,0.014001305732093143,0.5846008666100482
2003-04-01,27.94,-0.00392927813988955,0.5839914431374067
2003-04-02,26.29,-0.06087071508702604,0.5944990567936242
2003-04-03,26.75,0.017345834600225745,0.6035638281395708
2003-04-04,25.62,-0.04316117687342732,0.6059791980175001
2003-04-07,25.27,-0.013755375068485344,0.6030683813710928
2003-04-08,24.88,-0.015553653529124207,0.5942055916140658
2003-04-09,25.11,0.009201905298514996,0.59947435948815
2003-04-10,25.16,0.0019892586627462123,0.5991375217496261
2003-04-11,24.39,-0.031082219604410842,0.6007665481413869
2003-04-14,24.72,0.013439420361661146,0.5661487803951082
2003-04-15,24.74,0.0008087343748517811,0.5600859089940692
2003-04-16,24.86,0.004838719118223349,0.5295858100695346
2003-04-17,25.36,0.019913043486460152,0.5375027882103485
2003-04-18,25.76,0.015649771667127815,0.5412755639336174
2003-04-21,25.76,0.0,0.44165364321694806
2003-04-22,25.72,-0.0015540018667343138,0.4216420722178183
2003-04-23,24.56,-0.046149796090476966,0.4348101398070609
2003-04-24,24.06,-0.020568392732408906,0.40918684900614744
2003-04-25,24.29,0.009514032467548289,0.3653521860018965
2003-04-28,23.42,-0.03647438484450971,0.3734759099807841
2003-04-29,23.23,-0.008145811387253605,0.3648749175674643
2003-04-30,23.6,0.015802165249246693,0.37458803478631253
2003-05-01,23.79,0.00801861228330188,0.3248816740435653
2003-05-02,23.73,-0.002525253867194071,0.3149885244210543
2003-05-05,23.59,-0.005917177028088507,0.2840919454775646
2003-05-06,23.91,0.013473888050649726,0.28786132560340943
2003-05-07,24.01,0.00417362876292856,0.28480095604095157
2003-05-08,24.48,0.019386047410963475,0.2918094541613455
2003-05-09,25.55,0.04278085900558817,0.32925502594576944
2003-05-12,25.69,0.005464494472078745,0.30844159186980574
2003-05-13,25.45,-0.009386068125260534,0.3083508064190318
2003-05-14,25.98,0.02061126824592183,0.3154328824656311
2003-05-15,26.77,0.02995484628980755,0.3296305661000147
2003-05-16,27.18,0.015199551190736614,0.3270723529440444
2003-05-19,27.23,0.0018378979626706233,0.3239864560176899
2003-05-20,26.69,-0.02003034326923545,0.3333402675380494
2003-05-21,27.58,0.032801908948722786,0.3499601520835509
2003-05-22,27.32,-0.009471837662566403,0.3047732323057202
2003-05-23,27.14,-0.00661038029586619,0.2936086473661493
2003-05-26,26.78,-0.013353314143696643,0.3005061721122669
2003-05-27,26.55,-0.008625592575078578,0.2659923744077766
2003-05-28,26.48,-0.002640016619140362,0.262976685920836
2003-05-29,26.39,-0.0034045805535747463,0.2625893323827583
2003-05-30,26.58,0.007173902769866401,0.2624962744229899
2003-06-02,27.56,0.03620639286035866,0.2815796886101316
2003-06-03,27.99,0.015481857381904236,0.27883519792221784
2003-06-04,27.49,-0.018025001350207785,0.2922747466634688
2003-06-05,28.16,0.024080229112687392,0.29822895801481913
2003-06-06,28.38,0.007782140442054949,0.29513983776883906
2003-06-09,28.62,0.008421102396408345,0.26519306650376123
2003-06-10,28.44,-0.006309169193264721,0.2682771408758303
2003-06-11,28.97,0.01846420684621888,0.26700975482730493
2003-06-12,28.48,-0.017058725237483953,0.27315299847688357
2003-06-13,27.39,-0.039024103268788274,0.29537272256849884
2003-06-16,27.5,0.004008021397538868,0.29115092910566515
2003-06-17,27.14,-0.013177350265802476,0.29494036840644783
2003-06-18,26.43,-0.026508925790525238,0.3012273339757109
2003-06-19,26.21,-0.008358711280882839,0.27669666992156283
2003-06-20,27.13,0.034499109335525295,0.3032413468253221
2003-06-23,27.13,0.0,0.30238034364479466
2003-06-24,26.96,-0.006285840626734036,0.29942972161601583
2003-06-25,27.34,0.013996545251697122,0.30116470375027965
2003-06-26,27.06,-0.01029420855316154,0.3036144841134978
2003-06-27,27.45,0.01430954521289765,0.30654016848421545
2003-06-30,28.88,0.050783146069085745,0.35015853258124024
2003-07-01,28.33,-0.019228000182200364,0.3382733770312146
2003-07-02,28.2,-0.004599335898357285,0.33480953099100297
2003-07-03,28.63,0.015133141165955828,0.3315601472388774
2003-07-04,27.97,-0.02332261189615532,0.33232926497978793
2003-07-07,27.23,-0.026813200528200094,0.34313153163538557
2003-07-08,27.95,0.02609789291543985,0.35513032331512406
2003-07-09,28.21,0.009259325412796726,0.35636131362148704
2003-07-10,29.37,0.04029722019662376,0.3782659807660448
2003-07-11,29.36,-0.0003405414642138848,0.37279646866958016
2003-07-14,28.52,-0.029027608200219678,0.36052835304938863
2003-07-15,28.87,0.012197398128748614,0.36223657501623063
2003-07-16,28.51,-0.012548090750263129,0.3619038807828544
2003-07-17,28.59,0.0028021034096398427,0.3463688900834477
2003-07-18,29.2,0.021111702940015586,0.3484360761183936
2003-07-21,28.01,-0.041607120002218834,0.36689841322168326
2003-07-22,28.4,0.013827555895143047,0.3692955270226566
2003-07-23,27.67,-0.026040351368325727,0.38115056261684305
2003-07-24,27.73,0.002166065828852075,0.3783537288142555
2003-07-25,28.3,0.02034694502150538,0.38203214406675917
2003-07-28,27.71,-0.02106844577430484,0.38744367875873237
2003-07-29,28.27,0.020007812830611878,0.3499170302283584
2003-07-30,28.31,0.0014139274183092737,0.34363038722627015
2003-07-31,28.68,0.012984916607611363,0.34607678901863925
2003-08-01,29.63,0.03258734585405428,0.36017728237252894
2003-08-04,29.91,0.009405511056382787,0.3492815275575214
2003-08-05,30.37,0.015262406415800796,0.3338049740507436
2003-08-06,30.01,-0.011924619605381666,0.3297691599548312
2003-08-07,30.06,0.0016647248725524927,0.3291137223063119
2003-08-08,30.59,0.01747777383798379,0.30517373350461985
2003-08-11,30.05,-0.017810497181595476,0.3127243852677777
2003-08-12,30.13,0.0026586921609932346,0.2928875906036984
2003-08-13,29.66,-0.01572201643242376,0.29731331956293716
2003-08-14,28.96,-0.02388376919227043,0.30641293015217114
2003-08-15,29.18,0.007567975577123855,0.30725952337335616
2003-08-18,29.88,0.02370581716997705,0.3095249404859851
2003-08-19,29.18,-0.023705817169976925,0.2835262654795268
2003-08-20,29.28,0.003421145998471171,0.2803061272333624
2003-08-21,29.95,0.022624635468347448,0.2706918274584665
2003-08-22,30.22,0.008974632283135164,0.27121036471931503
2003-08-25,29.98,-0.00797346417014185,0.26754590741334344
2003-08-26,30.08,0.0033300064071874295,0.2531443263532775
2003-08-27,30.05,-0.000997838100422364,0.24668717665421228
2003-08-28,30.1,0.0016625107736134572,0.24666971292051534
2003-08-29,30.38,0.009259325412796726,0.2450867592848161
2003-09-01,29.64,-0.024659696739740552,0.23735779001544763
2003-09-02,28.08,-0.05406722127027582,0.2994422138384578
2003-09-03,27.89,-0.006789377518212686,0.2921453809857999
2003-09-04,27.49,-0.01444589946224328,0.2931298602033629
2003-09-05,27.72,0.008331872144548063,0.29570244597943646
2003-09-08,28.47,0.026696726968243652,0.305641519858495
2003-09-09,27.64,-0.029586902390477017,0.3152007506623419
2003-09-10,27.76,0.004332136739134737,0.31569782178038264
2003-09-11,27.48,-0.01013766828445523,0.3136492355408489
2003-09-12,26.52,-0.03555930203648692,0.3255291689023039
2003-09-15,26.38,-0.0052930180284932,0.3227118980557254
2003-09-16,26.28,-0.0037979536727587473,0.3057133683549728
2003-09-17,25.76,-0.019985292380256838,0.3032776846324284
2003-09-18,25.56,-0.007794271726818909,0.30140026919883295
2003-09-19,25.51,-0.0019580973556138893,0.2829664046642573
2003-09-22,25.82,0.012078853264776361,0.2854564638921501
2003-09-23,25.74,-0.0031031832505158956,0.2858514819105909
2003-09-24,26.81,0.040728750079887376,0.3293579908492218
2003-09-25,27.04,0.008542298926895347,0.3326356614474102
2003-09-26,27.02,-0.000739918642710575,0.3321307187876245
2003-09-29,27.77,0.027378968786655293,0.3476000441425466
2003-09-30,28.09,0.011457339797444021,0.34340684656430104
2003-10-01,27.98,-0.003923671878817189,0.28811873704470486
2003-10-02,28.9,0.032351625881051345,0.3080056288076326
2003-10-03,29.14,0.008270205648672424,0.3030190136614041
2003-10-06,29.75,0.020717331224579933,0.30886158309228284
2003-10-07,29.35,-0.013536585717533264,0.3019354773188328
2003-10-08,28.96,-0.013376978756589894,0.2857272613389977
2003-10-09,30.21,0.04225742788106499,0.31767462815132635
2003-10-10,31.13,0.029998989054936163,0.3254555948441138
2003-10-13,31.0,-0.004184779968370514,0.29141679011168575
2003-10-14,31.45,0.014411778661303184,0.28855496589909907
2003-10-15,31.23,-0.007019811851462272,0.2904764143366289
2003-10-16,31.05,-0.005780362915499425,0.27695172433435444
2003-10-17,30.27,-0.025441685345860582,0.2964135528260318
2003-10-20,29.78,-0.016320095777764287,0.3065284738620032
2003-10-21,29.61,-0.005724885142363088,0.30927441017909757
2003-10-22,29.25,-0.012232568435634408,0.31442835702760186
2003-10-23,29.63,0.01290778790760837,0.2895972234391296
2003-10-24,30.01,0.012743297866801867,0.2906518227264334
2003-10-27,29.38,-0.02121648870654454,0.30406000394326876
2003-10-28,28.99,-0.013363227812167141,0.29724648556737426
2003-10-29,28.56,-0.014943805462180429,0.3007643238206582
2003-10-30,27.47,-0.038912637364201114,0.3306148901974001
2003-10-31,27.88,0.014815085785140682,0.31354840184032795
2003-11-03,27.78,-0.0035932485661253856,0.31147634381961087
2003-11-04,27.32,-0.016697302623608416,0.30354004781851934
2003-11-05,27.9,0.021007654124730536,0.3133761917341195
2003-11-06,28.52,0.021978906718775382,0.32161505016701336
2003-11-07,28.73,0.007336277445103086,0.2832691754584692
2003-11-10,28.82,0.003127717580177783,0.2587904227624627
2003-11-11,28.88,0.0020797234532494843,0.2595426525234437
2003-11-12,28.58,-0.010442141522904201,0.2522615899760167
2003-11-13,29.01,0.01493342563159139,0.26087665289620454
2003-11-14,29.78,0.026196429122550168,0.2801756847657657
2003-11-17,28.98,-0.027231090363326594,0.2821248049535807
2003-11-18,29.26,0.009615458699441973,0.27992007416558995
2003-11-19,30.13,0.029299957550231542,0.29793216037076525
2003-11-20,29.88,-0.008331992877593354,0.29607813948344497
2003-11-21,29.79,-0.003016593539425679,0.29314277547504203
2003-11-24,27.99,-0.06232546319782882,0.36046460299390154
2003-11-25,27.62,-0.013307155546215943,0.3565361562029678
2003-11-26,28.23,0.02184509428425193,0.3643445807949899
2003-11-27,28.9,0.023456352852988346,0.3704120822858567
2003-11-28,28.95,0.001728608900617689,0.34146117991036196
2003-12-01,28.17,-0.027312622130722934,0.35329522320608514
2003-12-02,29.1,0.03248059228916562,0.3697552527516185
2003-12-03,29.26,0.005483221414531401,0.36339251210648765
2003-12-04,29.25,-0.0003418219141128237,0.35774153804360087
2003-12-05,28.87,-0.013076580003021773,0.35397357700235343
2003-12-08,30.52,0.05557921274141255,0.40179423913933193
2003-12-09,30.27,-0.008225083382629015,0.40362585846628624
2003-12-10,30.02,-0.008293296828311373,0.40530533112928935
2003-12-11,29.79,-0.00769105948012498,0.40436555191211315
2003-12-12,30.24,0.014992784586141318,0.4043895724788986
2003-12-15,30.89,0.02126695561915816,0.4010161670355608
2003-12-16,30.64,-0.008126162058099769,0.38890192915369626
2003-12-17,31.01,0.012003388239967099,0.3895281052301858
2003-12-18,30.79,-0.007119771175948608,0.3785455670072276
2003-12-19,31.03,0.0077645165238799056,0.37763427768019103
2003-12-22,28.78,-0.07527377700106712,0.4626318986410235
2003-12-23,28.3,-0.016818896810029817,0.4114478021818167
2003-12-24,29.45,0.03983210544840362,0.4297121907918139
2003-12-29,29.17,-0.00955312621796555,0.4261634851652392
2003-12-30,30.1,0.0313843878752,0.432139096464108
2003-12-31,30.3,0.006622540760493457,0.4324417494094315
2004-01-02,29.55,-0.025063968663216276,0.4305761946836495
2004-01-05,32.3,0.08898348637650347,0.5164419039715463
2004-01-06,31.2,-0.03464913541317413,0.5343393136942443
2004-01-07,30.99,-0.006753523015779778,0.5353139106903291
2004-01-08,31.11,0.0038647391098889155,0.5322101725962124
2004-01-09,31.91,0.025390129380606453,0.5045875795413461
2004-01-12,31.41,-0.01579312673959702,0.5072169601853525
2004-01-13,32.55,0.035651055104023076,0.5189497426386896
2004-01-14,31.84,-0.022054007678395857,0.5253215259809496
2004-01-15,31.43,-0.012960510166706027,0.5263178253194729
2004-01-16,31.26,-0.005423525816145567,0.5220067952494071
2004-01-19,31.67,0.013030535557217908,0.5227117947862039
2004-01-20,32.26,0.018458212146514264,0.5248085215663091
2004-01-21,31.95,-0.00965589187351899,0.5254297873527086
2004-01-22,31.42,-0.01672754799606864,0.5287432849696848
2004-01-23,32.08,0.020788150170838644,0.45458178883745437
2004-01-26,31.15,-0.02941853776485164,0.4642532270329106
2004-01-27,31.05,-0.0032154368539743547,0.44667099606748906
2004-01-28,30.77,-0.009058619045537331,0.44650584755445627
2004-01-29,29.47,-0.04316739258434716,0.4603024116512221
2004-01-30,29.53,0.002033899006228048,0.4596180105202627
2004-02-02,30.3,0.025741016759492072,0.46011168374747835
2004-02-03,30.07,-0.007619715514885728,0.33162170621555553
2004-02-04,29.63,-0.014740635414963833,0.31472996809762777
2004-02-05,29.02,-0.020802114129432094,0.32084858341021266
2004-02-06,29.26,0.008236148135936577,0.32240253607116937
2004-02-09,29.1,-0.00548322141453137,0.3055426138100227
2004-02-10,30.06,0.03245721014738149,0.3277617498498363
2004-02-11,30.33,0.008941937375661213,0.30097277838104336
2004-02-12,30.17,-0.005289268529519925,0.2933619221011292
2004-02-13,30.96,0.025847995550556647,0.30654258518346544
2004-02-16,31.08,0.003868476777920332,0.3064351296969011
2004-02-17,31.43,0.011198325310029535,0.30549702766697034
2004-02-18,31.57,0.004444451760423976,0.2983934959986263
2004-02-19,31.63,0.0018987347476571719,0.2968652984847759
2004-02-20,31.22,-0.013047122230271475,0.29459223295456965
2004-02-23,31.89,0.02123356593468026,0.29499781988591517
2004-02-24,31.6,-0.009135360429099846,0.2776117995056749
2004-02-25,32.46,0.02685144149357865,0.2914836759982685
2004-02-26,32.45,-0.00030811893634611996,0.28882125903529665
2004-02-27,32.94,0.014987281599395089,0.23880907463424805
2004-03-01,33.34,0.01207015257315379,0.23960857589594745
2004-03-02,34.15,0.024004708694151007,0.2378549836168404
2004-03-03,33.32,-0.024604768718157078,0.2563909352875196
2004-03-04,33.45,0.0038939692755956593,0.24634579195821263
2004-03-05,34.4,0.028004777805115146,0.2378741963322842
2004-03-08,34.27,-0.0037862284928350323,0.24140613493210075
2004-03-09,33.72,-0.016179202752862904,0.2513091660452002
2004-03-10,32.83,-0.026748401620153402,0.25935177392833386
2004-03-11,33.22,0.011809372671647542,0.26020153620013053
2004-03-12,32.76,-0.01394384520028017,0.26589933787330183
2004-03-15,34.39,0.04855756545930621,0.29906359819625467
2004-03-16,34.72,0.009550065347974574,0.29943934013567985
2004-03-17,34.95,0.006602578887669876,0.2987159884351737
2004-03-18,34.43,-0.014990191329386981,0.3066964920184241
2004-03-19,34.33,-0.0029086698808317734,0.30758792241180577
2004-03-22,33.57,-0.022386796477657074,0.31566740001128435
2004-03-23,34.4,0.024423753387409007,0.31811512064788106
2004-03-24,34.14,-0.007586847013058105,0.317377903642825
2004-03-25,33.32,-0.024311900067652662,0.3197931678505663
2004-03-26,32.51,-0.024610082982828026,0.3321234176567501
2004-03-29,32.04,-0.014562612115655417,0.33119395361905274
2004-03-30,33.04,0.030733826452618917,0.3466507692970807
2004-03-31,32.29,-0.022961363882593455,0.3430982633470851
2004-04-01,32.59,0.009247908079286445,0.33578794877361734
2004-04-02,31.19,-0.04390796222975836,0.36635013930484744
2004-04-05,31.17,-0.0006414368404661348,0.34848065124952854
2004-04-06,31.48,0.009896329769956762,0.3521345591759137
2004-04-07,33.07,0.04927410344449887,0.3941976747213984
2004-04-08,33.98,0.02714558925008449,0.39392590128758986
2004-04-09,34.03,0.0014703722690285405,0.39218702964570085
2004-04-12,34.51,0.014006648597097666,0.3905842294025011
2004-04-13,34.15,-0.010486551093113014,0.3547230050147562
2004-04-14,33.54,-0.01802382962173626,0.3578890046481568
2004-04-15,33.72,0.005352376738591839,0.3575519637139463
2004-04-16,33.85,0.003847866224629363,0.3546768207859259
2004-04-19,34.71,0.025088830515410984,0.36567824938610605
2004-04-20,33.56,-0.0336929482746894,0.3765397964894065
2004-04-21,33.23,-0.00988179923250265,0.3671213312672326
2004-04-22,33.24,0.0003008876207446385,0.366529883307823
2004-04-23,33.78,0.01611494139240658,0.3612260310619968
2004-04-26,34.18,0.011771766307790728,0.3510074511196513
2004-04-27,34.11,-0.0020500812568905,0.34603615868864046
2004-04-28,35.02,0.026328730427151614,0.3418963407416964
2004-04-29,34.66,-0.010333042570245919,0.33259247494893296
2004-04-30,35.23,0.01631170806568635,0.3350557227004442
2004-05-03,34.97,-0.007407441277861694,0.29060442773150513
2004-05-04,36.07,0.0309709438401632,0.30264264868686314
2004-05-05,36.58,0.014040148047272005,0.30348973667377954
2004-05-06,37.05,0.012766708779376145,0.2633360295603014
2004-05-07,37.25,0.005383593083472679,0.2512167631031854
2004-05-10,35.83,-0.03886641350870611,0.29255305085226385
2004-05-11,36.97,0.03132124163167812,0.30696153238554374
2004-05-12,37.95,0.026162730893098528,0.312458224719661
2004-05-13,38.3,0.009180392344961173,0.3011818832193468
2004-05-14,39.04,0.019136865358291462,0.3043923396268705
2004-05-17,38.88,-0.004106781952653359,0.3066611594897101
2004-05-18,38.43,-0.011641575015485866,0.30514678619823676
2004-05-19,38.35,-0.0020838767634873408,0.2727715634314149
2004-05-20,38.89,0.01398262035439081,0.26734794448770494
2004-05-21,37.6,-0.03373309777180707,0.302556136074856
2004-05-24,39.22,0.04218277037235135,0.3262287790203012
2004-05-25,38.46,-0.01956808060756654,0.33842288619790883
2004-05-26,38.05,-0.010717655852938927,0.34220820728859763
2004-05-27,37.03,-0.027172689382173456,0.3506791459071188
2004-05-28,37.0,-0.0008104822812968662,0.34777388349897204
2004-05-31,37.0,0.0,0.34454800907673805
2004-06-01,39.05,0.053924963641470515,0.3857417760914682
2004-06-02,37.99,-0.02751990908616064,0.3898027345603146
2004-06-03,36.26,-0.046607761872829265,0.42237495842486633
2004-06-04,35.97,-0.008029947619172428,0.4203339385733068
2004-06-07,35.57,-0.011182671747168735,0.42087804398981127
2004-06-08,35.47,-0.0028153171748334545,0.39927601061351203
2004-06-09,34.69,-0.02223580780387214,0.38848461564013775
2004-06-10,35.75,0.030098808158358456,0.3924307973058521
2004-06-11,35.23,-0.014652276786870488,0.3919137297845498
2004-06-14,35.22,-0.00028388928508613195,0.38315734529424184
2004-06-15,34.66,-0.016027818780600073,0.3850656496613661
2004-06-16,34.56,-0.002889340351604959,0.38449166820442654
2004-06-17,35.58,0.029086738301834166,0.40227657055900584
2004-06-18,35.43,-0.004224763360308382,0.3971787088932318
2004-06-21,34.82,-0.017366984537337572,0.3858531753169222
2004-06-22,34.95,0.003726534339776382,0.34957884615342344
2004-06-23,34.81,-0.004013766856471759,0.34581792707281467
2004-06-24,34.71,-0.0028768719496526656,0.34517864840052215
2004-06-25,34.25,-0.013341265165460617,0.336894333822674
2004-06-28,33.24,-0.029932594720986756,0.34862940826341804
2004-06-29,32.61,-0.019134980186019723,0.35139086215133286
2004-06-30,33.22,0.018533114383920992,0.29163039203104063
2004-07-01,35.58,0.0686315780525403,0.3846615869645087
2004-07-02,35.36,-0.006202444468246402,0.3511078178171753
2004-07-05,35.73,0.010409434265875706,0.35239421101155377
2004-07-06,36.47,0.020499332785270434,0.35714576302295553
2004-07-07,35.62,-0.02358272695907331,0.3671846851660079
2004-07-08,37.13,0.04151799032747324,0.3841254364340474
2004-07-09,37.58,0.012046725796330524,0.3731528403170739
2004-07-12,37.73,0.00398353999089987,0.36798522746288403
2004-07-13,36.68,-0.02822388658795492,0.3837698907882596
2004-07-14,37.51,0.022375916705531906,0.38418009436848155
2004-07-15,38.41,0.023710278264017462,0.3893915041357832
2004-07-16,38.49,0.002080624937841434,0.3794805655096781
2004-07-19,39.07,0.01495644177132442,0.3802221759105836
2004-07-20,38.96,-0.0028194302926448384,0.3728733564242073
2004-07-21,38.48,-0.012396852976828682,0.37790687708096476
2004-07-22,39.16,0.017517191864803865,0.37909464386485253
2004-07-23,39.59,0.010920743455729718,0.37821598280981517
2004-07-26,39.75,0.0040332799823016635,0.37159896152479066
2004-07-27,40.09,0.008517085554074722,0.3463414690302312
2004-07-28,41.08,0.024394458405941725,0.33453356978517507
2004-07-29,40.93,-0.003658094556045858,0.33705615339075623
2004-07-30,41.47,0.013106983753978283,0.2616835509666615
2004-08-02,41.35,-0.002897852788589539,0.2597794234091332
2004-08-03,41.82,0.011302272530787118,0.25992586729188116
2004-08-04,41.75,-0.0016752427036230604,0.2572836836204855
2004-08-05,42.49,0.01756930282985569,0.2353375750890311
2004-08-06,42.63,0.0032894766503987053,0.2025204659636246
2004-08-09,43.21,0.013513719166722855,0.20308259887449495
2004-08-10,42.5,-0.016567874013470714,0.21838173733083122
2004-08-11,42.45,-0.001177163173014752,0.18266985109206224
2004-08-12,43.5,0.02443402533728204,0.18498324360859789
2004-08-13,44.13,0.014378885186817483,0.17705133118035882
2004-08-16,44.35,0.004972885474132524,0.1764012216434556
2004-08-17,44.05,-0.0067873563734001,0.17970337470929143
2004-08-18,44.12,0.0015878420031131566,0.17770415147865112
2004-08-19,44.84,0.01618740381865749,0.1678911764409645
2004-08-20,45.46,0.013732220220437972,0.16547898672476558
2004-08-23,44.39,-0.02381859957845325,0.19627422012458615
2004-08-24,42.99,-0.03204668833775365,0.2354406673862449
2004-08-25,42.39,-0.014055045143644418,0.24253678466774453
2004-08-26,40.65,-0.04191364937072623,0.2743389256074343
2004-08-27,40.72,0.0017205362484476816,0.2741917117887406
2004-08-30,40.78,0.0014723929040418517,0.2699829322260265
2004-08-31,39.8,-0.02432485285591721,0.28201682519439236
2004-09-01,40.96,0.028729068440860425,0.2982284698206137
2004-09-02,42.39,0.034316504633293415,0.32227797563615984
2004-09-03,41.07,-0.03163455739607858,0.33470695599908007
2004-09-06,40.4,-0.01644814300136281,0.33802722684434705
2004-09-07,40.19,-0.005211576505994649,0.33299539016414836
2004-09-08,39.91,-0.0069912894004672006,0.3298799310273666
2004-09-09,41.45,0.03786096252066166,0.3590208248332654
2004-09-10,41.03,-0.010184375127209249,0.347808838720518
2004-09-13,40.63,-0.009796796454459335,0.34282451158241106
2004-09-14,41.34,0.01732384425398678,0.34947346010060987
2004-09-15,42.03,0.01655309476340306,0.35587264136340363
2004-09-16,40.68,-0.03264707783666614,0.370690404711089
2004-09-17,43.08,0.05732228110782856,0.42249637553222263
2004-09-20,43.6,0.011998298066800786,0.4217296798949111
2004-09-21,44.56,0.021779445264039948,0.42157171888420114
2004-09-22,45.66,0.024386045482620734,0.41243903143227983
2004-09-23,46.53,0.018874624754907803,0.4111861256880417
2004-09-24,46.13,-0.008633768286827971,0.37880366122425424
2004-09-27,46.87,0.01591431436488552,0.37996206009823297
2004-09-28,47.52,0.013772863119774782,0.3802196580114726
2004-09-29,46.54,-0.020838517180243845,0.3767437424455284
2004-09-30,47.76,0.025876311210200967,0.37483829669559227
2004-10-01,46.86,-0.019024036004697046,0.3719542185345901
2004-10-04,46.99,0.0027703800350747207,0.34783335341044647
2004-10-05,47.1,0.0023381879076476934,0.3382317244815734
2004-10-06,47.95,0.01788580030707527,0.33692162870429604
2004-10-07,48.98,0.021253250194574278,0.3348574709725737
2004-10-08,49.41,0.008740781333636876,0.3188697942075996
2004-10-11,50.75,0.026758785064238153,0.31746912434192104
2004-10-12,51.28,0.010389194690517958,0.30909996191312084
2004-10-13,50.42,-0.016912890852640795,0.3228410565778771
2004-10-14,51.31,0.017497743194099757,0.3231192111268746
2004-10-15,51.02,-0.0056679522402080865,0.2906643029777093
2004-10-18,49.16,-0.03713742801583144,0.2842187694470719
2004-10-19,49.21,0.0010165701800528947,0.28398393209641853
2004-10-20,50.78,0.031405721398645566,0.2926499050023451
2004-10-21,51.06,0.005498835536805514,0.28509552850239
2004-10-22,52.28,0.023612476942683352,0.288386602205112
2004-10-25,51.68,-0.011543029281674812,0.29035864263922784
2004-10-26,52.04,0.006941794169958195,0.287922006836511
2004-10-27,49.99,-0.040189668218825525,0.32540600015613913
2004-10-28,48.88,-0.02245467056213911,0.32690575565131735
2004-10-29,48.16,-0.014839513862774446,0.32032397539232327
2004-11-01,46.84,-0.027791262271048875,0.32836050994281024
2004-11-02,46.25,-0.012676074771082478,0.3310550634222494
2004-11-03,46.14,-0.002381211212826613,0.33090293823550526
2004-11-04,45.32,-0.017931816585802035,0.32842454378452585
2004-11-05,44.37,-0.02118487076898756,0.3222930044914214
2004-11-08,44.78,0.009198045779790788,0.3225372076123991
2004-11-09,43.27,-0.0343020569338153,0.31683957285946523
2004-11-10,42.57,-0.016309774396732493,0.3111955841844382
2004-11-11,42.22,-0.0082557374198865,0.3098163523277216
2004-11-12,41.33,-0.021305413896533624,0.2977912343068666
2004-11-15,39.32,-0.04985533324467512,0.32703544909018534
2004-11-16,40.48,0.029074729700244113,0.34393595979241365
2004-11-17,40.27,-0.005201250115847192,0.3422675188682684
2004-11-18,40.8,0.013075306546753112,0.3197841313106836
2004-11-19,42.29,0.035868570074281285,0.35427774186398764
2004-11-22,42.26,-0.0007096392964865551,0.33561701473349725
2004-11-23,43.03,0.0180565346625977,0.34942799327703217
2004-11-24,42.62,-0.009573920180037306,0.3447516724027474
2004-11-25,43.12,0.011663299930270607,0.3332089606123626
2004-11-26,42.87,-0.005814645990855989,0.3284615734381631
2004-11-29,44.05,0.02715307177230268,0.3463456022838752
2004-11-30,44.23,0.0040779394980468425,0.3365043373181087
2004-12-01,41.19,-0.07120778343224603,0.41111659257414185
2004-12-02,38.49,-0.06779704115233456,0.46389399400659004
2004-12-03,38.57,0.002076304924481659,0.4640180609191189
2004-12-06,38.43,-0.0036363676433838745,0.46155809195657066
2004-12-07,37.11,-0.03495192950424639,0.4675236948643918
2004-12-08,36.9,-0.005674924026024768,0.458389482243356
2004-12-09,38.33,0.03802132834598213,0.48331714160012446
2004-12-10,37.24,-0.02884942698359734,0.49028187221906594
2004-12-13,36.77,-0.012701157095685688,0.48779199327598183
2004-12-14,37.03,0.007046099612340666,0.46183168521976403
2004-12-15,41.53,0.11468766271714076,0.6083873670800664
2004-12-16,41.49,-0.0009636232978855832,0.6080008432035187
2004-12-17,43.06,0.03714205759144048,0.619421925229798
2004-12-20,42.67,-0.009098394736308359,0.6084504015554695
2004-12-21,42.76,0.0021069889569357847,0.6084623958677591
2004-12-22,40.44,-0.05578369200457376,0.6349000930032748
2004-12-23,40.29,-0.0037160949490147024,0.6344548792513303
2004-12-24,39.6,-0.01727418094282098,0.6341325678013309
2004-12-27,39.6,0.0,0.6342491743245319
2004-12-28,40.24,0.01603240753104901,0.6285601243405733
2004-12-29,38.93,-0.033096364169119506,0.6354646154530115
2004-12-30,39.8,0.022101750668027654,0.5959439002738756
2004-12-31,40.38,0.014467700594299467,0.5469915095779404
2005-01-04,40.75,0.009121226802180245,0.5475021877503652
2005-01-05,41.0,0.006116227017436054,0.5471406216406388
2005-01-06,43.25,0.05342516667358057,0.5553217849163136
2005-01-07,43.28,0.0006934011603376978,0.5538846077300097
2005-01-10,44.71,0.03250655570766307,0.550385855580758
2005-01-11,43.45,-0.02858633853448821,0.5501686526569507
2005-01-12,43.75,0.006880761092222287,0.5453396322884421
2005-01-13,45.76,0.044918734267918946,0.5598508208948958
2005-01-14,45.26,-0.010986706866151155,0.414330725445481
2005-01-17,45.1,-0.0035413936967585518,0.41482325754671384
2005-01-18,45.18,0.0017722645312244875,0.3968957831919085
2005-01-19,45.16,-0.000442771758396016,0.3948943603293034
2005-01-20,44.06,-0.024659397907264038,0.4061272281624306
2005-01-21,45.88,0.04047695088697297,0.37061413117737235
2005-01-24,45.74,-0.003056103666534894,0.3704028875379103
2005-01-25,46.14,0.00870706415097249,0.36060121444446624
2005-01-26,45.94,-0.00434405548465549,0.36201723473666897
2005-01-27,46.51,0.012331145975053425,0.3610887635673055
2005-01-28,44.75,-0.03857589851514122,0.3691444812160306
2005-01-31,44.51,-0.005377561693101439,0.3669036888748366
2005-02-01,45.12,0.013611724162040477,0.3666468576605679
2005-02-02,44.17,-0.021279781581368284,0.37760010398399
2005-02-03,43.13,-0.023827014948683323,0.3893862380330651
2005-02-04,43.26,0.0030096098651608253,0.3425073186149011
2005-02-07,42.7,-0.013029500290333684,0.3454491231363956
2005-02-08,42.79,0.0021055101941464464,0.324083486444378
2005-02-09,42.49,-0.007035676302005156,0.3101835042142367
2005-02-10,44.04,0.03582955772775887,0.3347624743056816
2005-02-11,44.41,0.008366357449531674,0.2949797926140689
2005-02-14,44.51,0.0022492137237520556,0.2931320865854982
2005-02-15,44.91,0.008946604071883774,0.2948453137489728
2005-02-16,45.42,0.011292049577765924,0.29748053174666206
2005-02-17,45.42,0.0,0.29747145068185504
2005-02-18,45.86,0.009640740752346015,0.2847038506922832
2005-02-21,46.09,0.005002729302658525,0.248349444982977
2005-02-22,47.6,0.03223675450495734,0.27150144094051415
2005-02-23,48.16,0.011696039763191236,0.27264098754068855
2005-02-24,49.24,0.02217750031568717,0.28019066898348344
2005-02-25,50.05,0.01631620444497679,0.2821417783366768
2005-02-28,50.13,0.0015971255141824796,0.23744780984694436
2005-03-01,50.47,0.006759469076758943,0.23420276292160866
2005-03-02,51.05,0.011426444258503513,0.23342705751677623
2005-03-03,52.89,0.03540874046721415,0.23292086922802716
2005-03-04,52.1,-0.015049336318567355,0.2191083609755366
2005-03-07,51.87,-0.0044243603960124655,0.22314429492034635
2005-03-08,53.29,0.02700810794538204,0.21716960387289208
2005-03-09,54.11,0.015270315345952943,0.21550150796448267
2005-03-10,53.04,-0.019972665777036856,0.23320978587145824
2005-03-11,53.15,0.0020717589103498597,0.21579124067036576
2005-03-14,53.68,0.00992238787546949,0.21580523215646588
2005-03-15,53.97,0.005387843967125067,0.21483481625217213
2005-03-16,54.61,0.01178867953351086,0.21502193992208443
2005-03-17,56.03,0.02567024541313091,0.22233438580846515
2005-03-18,55.97,-0.0010714286739250366,0.2229714572010493
2005-03-21,55.79,-0.0032211910458312537,0.2275968394019293
2005-03-22,55.39,-0.007195569812424407,0.23434406025615037
2005-03-23,51.52,-0.07242899024891428,0.3527530339873002
2005-03-24,52.35,0.015981855520447598,0.3542757714258053
2005-03-28,51.75,-0.011527505171067383,0.35168304747153395
2005-03-29,51.42,-0.006397230307735025,0.34912439786837657
2005-03-30,50.63,-0.015482915855925627,0.3539133205976603
2005-03-31,53.22,0.04988997956772518,0.39295121183026815
2005-04-01,54.14,0.017139018636612102,0.39507401111503543
2005-04-04,55.92,0.03234881373939964,0.3920220001936536
2005-04-05,54.53,-0.025171088987584665,0.3992817133782138
2005-04-06,54.08,-0.00828657720326157,0.4003083520293838
2005-04-07,52.57,-0.02831881690335194,0.4026089893709354
2005-04-08,51.83,-0.014176482629741539,0.4008580858238628
2005-04-11,51.21,-0.012034306727156188,0.39731353506009964
2005-04-12,51.53,0.006229336865673996,0.3980674634210271
2005-04-13,49.67,-0.036763033220873736,0.4137686708379514
2005-04-14,50.21,0.010813080927354933,0.41569191713961456
2005-04-15,49.52,-0.01383758167027346,0.41333597105691194
2005-04-18,48.58,-0.01916470480231431,0.400875798955073
2005-04-19,50.79,0.04448756123912716,0.4383821908189532
2005-04-20,51.53,0.014464677526979277,0.4433485040081047
2005-04-21,51.73,0.0038737216752907527,0.4439326041955746
2005-04-22,53.51,0.0338306683077895,0.3838490992747995
2005-04-25,53.1,-0.007691624075320093,0.3815856896692435
2005-04-26,52.47,-0.011935350549272791,0.3817526330116766
2005-04-27,51.29,-0.02274577629744326,0.38967806327865456
2005-04-28,50.74,-0.010781247230041209,0.3876778247738198
2005-04-29,50.61,-0.0025653689451492546,0.342784427287027
2005-05-02,50.89,0.005517255374754659,0.3367509302964339
2005-05-03,49.48,-0.028097893076454213,0.32168432708873024
2005-05-04,50.36,0.01762866165185932,0.32341660489583207
2005-05-05,49.81,-0.010981442090954302,0.3240230395871617
2005-05-06,49.7,-0.0022108339826089696,0.3116339493525546
2005-05-09,49.71,0.00020118700399816088,0.3089151162631728
2005-05-10,50.61,0.017943065119405424,0.3140438246041412
2005-05-11,48.91,-0.03416731067472091,0.33360670845527785
2005-05-12,47.4,-0.03135964585023501,0.32707231109936336
2005-05-13,46.85,-0.011671220016599529,0.3250445108745134
2005-05-16,46.42,-0.00922060783814018,0.3235483019915695
2005-05-17,47.31,0.018991288796765805,0.32662910560718045
2005-05-18,47.35,0.0008451299890304607,0.28147513931228924
2005-05-19,46.92,-0.009122795846812535,0.2744480115901127
2005-05-20,46.91,-0.00021315144490815794,0.27324634153805527
2005-05-23,47.28,0.007856500757476171,0.23993139437965885
2005-05-24,47.29,0.00021148355794151061,0.24074600648994407
2005-05-25,49.24,0.040407444660468424,0.2870037118387492
2005-05-26,49.71,0.009499818790328452,0.2807560921255566
2005-05-27,49.42,-0.00585091954611723,0.27921549892203207
2005-05-30,49.33,-0.0018227853148171723,0.27918344293357544
2005-05-31,49.3,-0.0006083341970024511,0.2781253265319331
2005-06-01,50.46,0.023256862164267398,0.2731207985265942
2005-06-02,51.3,0.01650980896381207,0.272285296995313
2005-06-03,51.9,0.011628037995119214,0.27113652727048054
2005-06-06,52.61,0.013587425570872962,0.2735884506220049
2005-06-07,51.62,-0.018997021452248044,0.28370238771381934
2005-06-08,51.92,0.005794878105366869,0.2780550791725654
2005-06-09,51.36,-0.010844413014128853,0.2510886447096433
2005-06-10,51.98,0.011999369831638481,0.22090128597631292
2005-06-13,52.0,0.000384689368083203,0.21368504543133404
2005-06-14,53.52,0.028811697238545812,0.22231019398776594
2005-06-15,54.12,0.011148387482614201,0.2185085475724391
2005-06-16,54.3,0.0033204236373025474,0.21788246384504162
2005-06-17,56.92,0.0471225462817619,0.2515171533191808
2005-06-20,57.1,0.0031573434403128985,0.25019526425764893
2005-06-21,57.36,0.004543079629400443,0.25070900967411075
2005-06-22,56.06,-0.022924650554722602,0.2729846457150052
2005-06-23,57.03,0.017154899431805263,0.2491554616916881
2005-06-24,57.21,0.003151263111989953,0.2493214437699575
2005-06-27,58.5,0.022298045957373388,0.25054441136852096
2005-06-28,57.75,-0.012903404835907841,0.2588389948784961
2005-06-29,55.42,-0.04118280996707057,0.3082987079472498
2005-06-30,55.36,-0.0010832281254182627,0.3021756686306004
2005-07-01,56.41,0.01878913644247063,0.3034259361849507
2005-07-04,57.13,0.012682924984486447,0.30375905098953854
2005-07-05,57.86,0.01269692681161783,0.30344153328556717
2005-07-06,58.38,0.008947065877979615,0.29134179937263033
2005-07-07,57.55,-0.014319230258077131,0.2996132201657169
2005-07-08,59.0,0.024883308737827767,0.301509989848039
2005-07-11,56.1,-0.05040163137706882,0.3593747079268793
2005-07-12,58.95,0.049553814454729284,0.39260350706319647
2005-07-13,58.33,-0.010573086217833783,0.38740770486471926
2005-07-14,56.79,-0.026756286876205067,0.40073872962125107
2005-07-15,56.98,0.0033400751804210666,0.4007393701283546
2005-07-18,56.25,-0.012894287985232624,0.36880436495488333
2005-07-19,56.75,0.0088496152769826,0.3700530635368898
2005-07-20,56.39,-0.006363818542421283,0.3701859524013858
2005-07-21,55.59,-0.014288508853712568,0.36485651466853164
2005-07-22,56.98,0.02469700010438411,0.3703235750564289
2005-07-25,57.51,0.009258516655900696,0.3715892209147441
2005-07-26,58.58,0.018434495673924526,0.3689321769099575
2005-07-27,58.34,-0.004105376960011921,0.36628481947543556
2005-07-28,58.28,-0.001028983112571327,0.33369272373850156
2005-07-29,59.77,0.02524488150915885,0.3425790875441013
2005-08-01,60.56,0.013130746293030402,0.339979271743365
2005-08-02,60.13,-0.007125724077715985,0.3400748080411388
2005-08-03,60.04,-0.0014978782862162037,0.33822885549888493
2005-08-04,60.62,0.009613864864395893,0.3384151903280425
2005-08-05,60.73,0.0018129382798268963,0.3333132414253423
2005-08-08,62.56,0.02968828632757174,0.3377538477533576
2005-08-09,62.79,0.0036697288889624017,0.2769177996678941
2005-08-10,63.77,0.015487035201162338,0.2295091947321417
2005-08-11,65.9,0.03285558118128126,0.2442130420250765
2005-08-12,67.26,0.020427264803661898,0.21824903447527771
2005-08-15,66.68,-0.008660648429530293,0.22536072252279182
2005-08-16,65.1,-0.023980508668069864,0.2407404975108722
2005-08-17,63.41,-0.02630297150258326,0.2666623006263616
2005-08-18,61.75,-0.026527602203853588,0.2861928410582387
2005-08-19,64.21,0.03906498629787042,0.30172990959186774
2005-08-22,65.87,0.02552414084664468,0.3023588048021366
2005-08-23,65.16,-0.010837318918757277,0.30834163823649147
2005-08-24,65.25,0.0013802624689584903,0.30528350352959893
2005-08-25,65.88,0.009608859106636669,0.3037458737722982
2005-08-26,66.23,0.005298627187448547,0.30274580153100955
2005-08-29,64.77,-0.02229099930206257,0.30955507705084595
2005-08-30,66.15,0.021082357366139257,0.31376367496403107
2005-08-31,66.8,0.009778189981635264,0.31152881671963173
2005-09-01,66.79,-0.00014971180505530374,0.3112088406917425
2005-09-02,65.95,-0.012656489574221016,0.3166297915171447
2005-09-05,64.16,-0.02751691560506461,0.33496770980192575
2005-09-06,64.16,0.0,0.32019732560067554
2005-09-07,63.6,-0.008766493212182551,0.32188359915746
2005-09-08,61.66,-0.03097804788807221,0.33480995444198014
2005-09-09,62.62,0.015449293440255347,0.3172048521187437
2005-09-12,60.69,-0.03130577605049585,0.3208344510990073
2005-09-13,61.31,0.010164021926832752,0.3246546209602253
2005-09-14,61.7,0.00634096913674549,0.31806417038217577
2005-09-15,61.9,0.0032362487792083248,0.30652468050948
2005-09-16,60.48,-0.023207447819272833,0.3032592567122627
2005-09-19,64.04,0.05719515625723646,0.3379508196526359
2005-09-20,62.98,-0.016690672455635464,0.3291027562503368
2005-09-21,64.31,0.020897924473893173,0.3368023444557158
2005-09-22,64.64,0.0051182740660681405,0.33733130422805274
2005-09-23,62.17,-0.03896084593159377,0.3602670408728383
2005-09-26,61.73,-0.0071025318754417725,0.35933184622471265
2005-09-27,62.56,0.013356059831251177,0.356866495605999
2005-09-28,62.81,0.003988200229233786,0.347945936955294
2005-09-29,62.02,-0.012657382793986469,0.3466747691215049
2005-09-30,61.7,-0.005172982760960741,0.346493283780362
2005-10-03,61.64,-0.0009729204594271175,0.3450806372969153
2005-10-04,59.17,-0.04089635376331224,0.3597517191365117
2005-10-05,59.33,0.002700423581949123,0.36023766546646346
2005-10-06,57.2,-0.03656118188479961,0.37758651418336003
2005-10-07,57.29,0.001572190034734055,0.36608505763869503
2005-10-10,57.01,-0.004899397376995958,0.3595412641426505
2005-10-11,58.1,0.018938972814375142,0.3543797736687262
2005-10-12,59.91,0.03067777223796802,0.37008465690002507
2005-10-13,59.48,-0.007203314503879162,0.3696272595210356
2005-10-14,58.45,-0.01746843367387684,0.3730543401172986
2005-10-17,59.81,0.023001183138388306,0.3754308182059395
2005-10-18,58.85,-0.016181037350179964,0.314352960814156
2005-10-19,58.13,-0.01230995199302654,0.3124896946646663
2005-10-20,57.04,-0.018929105607218798,0.30311753038301775
2005-10-21,56.94,-0.0017546942561489781,0.30095051682891144
2005-10-24,57.64,0.012218689281429912,0.2820359024155713
2005-10-25,58.72,0.018563613174938664,0.29186570407025425
2005-10-26,58.56,-0.002728514653203951,0.28620211061800477
2005-10-27,58.1,-0.007886205795190625,0.28542730508461184
2005-10-28,59.47,0.023306319860636686,0.2981311575062692
2005-10-31,58.47,-0.016958181530923152,0.3024754961655275
2005-11-01,56.69,-0.030915973851366782,0.3178876289019016
2005-11-02,58.53,0.03194161496691726,0.3113969071156513
2005-11-03,59.55,0.017276852498179528,0.3173324172954195
2005-11-04,60.48,0.015496436069968448,0.29159173476646816
2005-11-07,58.19,-0.03859921320269902,0.324787582474203
2005-11-08,57.89,-0.005168860577665204,0.324847894505987
2005-11-09,57.71,-0.003114189368038161,0.31818625178017784
2005-11-10,55.85,-0.032760943207665275,0.31619648700925457
2005-11-11,54.3,-0.028145298575320037,0.32753776032330856
2005-11-14,54.1,-0.0036900410874537957,0.3240375279694183
2005-11-15,54.45,0.006448663526533611,0.3117012349880633
2005-11-16,53.68,-0.014242356715543216,0.3108547384836933
2005-11-17,53.8,0.0022329745043123913,0.3102610935374883
2005-11-18,52.84,-0.018004987513614085,0.3097050512074055
2005-11-21,53.36,0.009792921953243548,0.31315591273923515
2005-11-22,54.21,0.01580399166487856,0.3156013521791258
2005-11-23,53.73,-0.00889388853151684,0.30624339425250424
2005-11-24,53.41,-0.005973510389051131,0.30624936968533045
2005-11-25,53.15,-0.004879889563721937,0.30599308971541184
2005-11-28,52.91,-0.004525747871916637,0.28914857117360665
2005-11-29,53.24,0.006217636610870582,0.2887884324464909
2005-11-30,53.25,0.00018781106262348414,0.2725309888648482
2005-12-01,53.65,0.007483664487173048,0.24480042450877457
2005-12-02,54.91,0.023214012214073695,0.25210196279657343
2005-12-05,56.05,0.02054866822738776,0.25753923546302915
2005-12-06,55.68,-0.006623133492004617,0.22452573503521384
2005-12-07,55.17,-0.009201688741824766,0.22565213567236536
2005-12-08,56.26,0.019564475777371353,0.2379510115615742
2005-12-09,57.18,0.01622038383245489,0.21556582683786188
2005-12-12,57.23,0.000874049526845136,0.1875426265441692
2005-12-13,59.16,0.03316740142158807,0.21382736940046143
2005-12-14,59.59,0.007242136916288694,0.21394744405289912
2005-12-15,59.67,0.0013416067751030314,0.20348888880436589
2005-12-16,58.11,-0.02649161544697634,0.23095255669881645
2005-12-19,56.09,-0.035380222566768545,0.25778338147668234
2005-12-20,56.08,-0.0001783007939109415,0.2567077483624648
2005-12-21,56.05,-0.0005350932081657026,0.25213102873946996
2005-12-22,57.3,0.022056474202524927,0.2586284455317005
2005-12-23,56.28,-0.017961391474505466,0.267101391608461
2005-12-26,56.54,0.0046091200192559635,0.2658209081118148
2005-12-28,56.91,0.0065227203495881216,0.2646615924266045
2005-12-29,57.72,0.01413266129063756,0.26710575981053614
2005-12-30,58.34,0.010684230533905248,0.26776782603231275
2006-01-03,61.51,0.05291179878070144,0.31631446375322136
2006-01-04,61.25,-0.0042359137954404765,0.31231761426414645
2006-01-05,61.68,0.006995879830237591,0.3074174786624844
2006-01-06,62.43,0.012086199818578655,0.30567041599927264
2006-01-09,62.51,0.0012806148700683132,0.30146800843993704
2006-01-10,62.32,-0.0030441423812281325,0.2987623165038155
2006-01-11,61.54,-0.012595031668597115,0.3016318697368758
2006-01-12,62.95,0.02265339059646056,0.30859856716621104
2006-01-13,61.58,-0.022003617994001932,0.30323767801986024
2006-01-16,62.34,0.012266131842836871,0.30484612613892836
2006-01-17,63.22,0.014017432448280666,0.3075736958604663
2006-01-18,63.6,0.005992763558604832,0.2886614174269063
2006-01-19,63.64,0.0006287331235095472,0.2507575509271022
2006-01-20,64.92,0.019913539176804426,0.25414269236014425
2006-01-23,64.56,-0.005560718684697065,0.25659719106981177
2006-01-24,63.82,-0.011528403111595897,0.257695355234094
2006-01-25,62.61,-0.019141611092878364,0.25905681910405143
2006-01-26,62.93,0.005097987781623073,0.2590512646344567
2006-01-27,64.95,0.031594745577766405,0.2748645012346476
2006-01-30,65.14,0.002921056731478883,0.2735760428303253
2006-01-31,63.19,-0.030392739062723585,0.2999886083423704
2006-02-01,65.64,0.03803920543652621,0.2724737622718302
2006-02-02,63.49,-0.03330285303953155,0.2995831461296921
2006-02-03,62.54,-0.015076061152663387,0.3043949089514693
2006-02-06,63.32,0.012394882983116107,0.3045427577161947
2006-02-07,61.64,-0.026890224560896427,0.3191219997635099
2006-02-08,60.82,-0.01339232820269637,0.3220926291652162
2006-02-09,60.7,-0.0019749841837659213,0.3194320451457933
2006-02-10,59.66,-0.017281918978850206,0.3125995222904995
2006-02-13,59.16,-0.008416141244003396,0.3054095512525081
2006-02-14,58.27,-0.015158256687616108,0.30414424154065045
2006-02-15,57.67,-0.010350273527661647,0.2984078761204155
2006-02-16,56.78,-0.01555295658249616,0.298309328362136
2006-02-17,58.34,0.027103813394750174,0.3184693822684734
2006-02-20,60.05,0.028889584086417182,0.32837563205578063
2006-02-21,59.35,-0.011725427470315476,0.3295050913664734
2006-02-22,58.71,-0.010842050979582494,0.329316206813773
2006-02-23,58.71,0.0,0.32485328787445766
2006-02-24,60.13,0.023898814975382883,0.3371018387989088
2006-02-27,59.44,-0.011541484641973685,0.3150650126764895
2006-02-28,59.78,0.005703756446288143,0.31600592438022435
2006-03-01,61.12,0.022167988002473275,0.3133227075026773
2006-03-02,62.27,0.018640624026095697,0.288645463069454
2006-03-03,62.69,0.006722176401516427,0.267360065570195
2006-03-06,61.41,-0.02062925694456927,0.27180270779784504
2006-03-07,59.79,-0.026734265448494752,0.2813744891179041
2006-03-08,58.42,-0.023180125933218148,0.27762939222790567
2006-03-09,58.82,0.006823636166253984,0.27651628002039713
2006-03-10,59.04,0.003733247166368057,0.27712307954845267
2006-03-13,60.99,0.03249473601614805,0.2941226190779968
2006-03-14,62.39,0.022695089814330088,0.30116707261012066
2006-03-15,63.12,0.011632670414923841,0.2955872289430826
2006-03-16,62.07,-0.016774896112057354,0.3002652396352448
2006-03-17,63.54,0.023406848415808805,0.2994435907289166
2006-03-20,62.3,-0.019708203047962655,0.3005133745512735
2006-03-21,59.96,-0.038283752559010446,0.31756230082445924
2006-03-22,61.23,0.02095959225546607,0.3225935125714206
2006-03-23,61.76,0.008618640226657528,0.32025909995730895
2006-03-24,62.78,0.01638064569728682,0.32371324341055846
2006-03-27,62.59,-0.003031030477197318,0.3153416799117086
2006-03-28,64.31,0.02710961921016159,0.3229025204147844
2006-03-29,64.88,0.008824269660385511,0.3233211016952405
2006-03-30,65.95,0.016357469356166224,0.31979144382637176
2006-03-31,66.06,0.0016665407993200839,0.3151186202759482
2006-04-03,67.28,0.018299595702049032,0.31945037566891177
2006-04-04,65.93,-0.020269442539484293,0.31911210276413293
2006-04-05,66.74,0.012210900198019566,0.3007933628309156
2006-04-06,67.58,0.012507607962915996,0.2832032644119712
2006-04-07,67.11,-0.006979017115995885,0.28727912260782934
2006-04-10,68.2,0.016111500679268434,0.28909161756734814
2006-04-11,68.52,0.004681108606502695,0.27367008845679275
2006-04-12,69.54,0.014776453123796282,0.2687474703077725
2006-04-13,69.39,-0.002159361668257933,0.26881309079368265
2006-04-18,70.97,0.022514487625434038,0.2640275782493556
2006-04-19,72.69,0.02394657095965249,0.2644723626610265
2006-04-20,72.57,-0.0016522102064985469,0.2489486481811311
2006-04-21,73.94,0.018702340218440257,0.18850044880265684
2006-04-24,73.96,0.00027045301043825555,0.18693427495623297
2006-04-25,72.86,-0.014984614938506287,0.20458109386405746
2006-04-26,73.46,0.008201248811103495,0.20224284795410435
2006-04-27,71.79,-0.022995849803129378,0.2257745006723689
2006-04-28,72.15,0.00500209463148832,0.21301218174340003
2006-05-01,73.37,0.01676784750602298,0.21633608261000498
2006-05-02,74.45,0.01461262640411506,0.21535107088020056
2006-05-03,73.73,-0.009717987128458784,0.22160651386289884
2006-05-04,71.84,-0.025968348007615025,0.24092801771211322
2006-05-05,71.22,-0.008667746144312562,0.22983143202066453
2006-05-08,68.26,-0.042449734371070545,0.27734181627595483
2006-05-09,70.6,0.03370620102063523,0.2973546887941717
2006-05-10,69.83,-0.010966427641252443,0.29920070403926
2006-05-11,72.2,0.0333763290408366,0.31509444806957604
2006-05-12,71.3,-0.012543718478530396,0.3193603350031624
2006-05-15,68.69,-0.037292699194459954,0.34295999467804344
2006-05-16,68.66,-0.0004368401962442441,0.3429123089725048
2006-05-17,67.52,-0.016742937741844335,0.3366171143157062
2006-05-18,67.39,-0.0019272113295759443,0.32277489351976946
2006-05-19,66.93,-0.006849341845574671,0.3228807643207533
2006-05-22,66.52,-0.006144642787824107,0.312310466289462
2006-05-23,68.97,0.03616897311847303,0.34322370812190073
2006-05-24,68.45,-0.007568075708741917,0.3410039253557496
2006-05-25,68.51,0.000876168280349724,0.33891717723076853
2006-05-26,69.88,0.01979976525104789,0.34003696955449975
2006-05-29,69.16,-0.010356824450766074,0.34062129408560093
2006-05-30,69.82,0.009497840861800132,0.3364757376707291
2006-05-31,67.57,-0.0327564041128068,0.3462363893577889
2006-06-01,68.77,0.017603505767661592,0.35401325611133505
2006-06-02,68.42,-0.005102423782286059,0.34444026278027456
2006-06-05,69.13,0.010323610407714864,0.34630985789905394
2006-06-06,68.25,-0.012811355892104513,0.31595235362555246
2006-06-07,67.17,-0.015950714786295974,0.2953446666366146
2006-06-08,65.76,-0.021214968530848605,0.3011786733752553
2006-06-09,69.13,0.049977039209249105,0.33041559565165834
2006-06-12,68.62,-0.007404752526869853,0.32883870062636145
2006-06-13,65.67,-0.043941837227422474,0.33853867060981974
2006-06-14,65.52,-0.0022867606580673594,0.338481982537294
2006-06-15,66.04,0.007905179507113468,0.3359246923706303
2006-06-16,65.01,-0.015719514835549883,0.33975159365074104
2006-06-19,66.4,0.021155952266010792,0.34816264643126144
2006-06-20,67.57,0.017467041081694813,0.35281224310739834
2006-06-21,68.17,0.008840487810610708,0.3302173019559822
2006-06-22,69.6,0.020759981965679967,0.3371456931254017
2006-06-23,69.91,0.0044441331835198055,0.3373832041496206
2006-06-26,69.85,-0.0008586148209230338,0.3303672878745014
2006-06-27,71.26,0.019985074474719373,0.3350921623362455
2006-06-28,71.76,0.006992057572850793,0.3344432710761536
2006-06-29,73.02,0.017406158476949953,0.3146278534078919
2006-06-30,73.2,0.002462044739775125,0.31053886781510986
2006-07-03,73.94,0.010058532541220001,0.31001205292093686
2006-07-04,73.17,-0.010468452612547186,0.31276494304639824
2006-07-05,72.88,-0.003971247944235782,0.3087121278056778
2006-07-06,73.12,0.0032876741941917083,0.3008259373736907
2006-07-07,74.14,0.013853270576691543,0.2879823403963706
2006-07-10,72.39,-0.023887029417536135,0.25692423270126347
2006-07-11,73.14,0.010307244416185048,0.2559105225732539
2006-07-12,73.04,-0.0013681764345220668,0.1919325950501091
2006-07-13,75.23,0.029542851285417178,0.20760230505257068
2006-07-14,76.13,0.011892317745991015,0.2083808120164902
2006-07-17,75.12,-0.013355570418113643,0.2053043017374326
2006-07-18,75.32,0.0026588688889439883,0.19900407218159982
2006-07-19,71.62,-0.050371339218664914,0.27427707266064666
2006-07-20,72.56,0.013039441236594595,0.2758289769757668
2006-07-21,72.96,0.005497539959194562,0.2683940770140063
2006-07-24,72.09,-0.011996007349588608,0.2727043674638215
2006-07-25,72.49,0.0055332828962990745,0.2729177857819539
2006-07-26,73.76,0.017367957935552073,0.27085932960825193
2006-07-27,75.36,0.02146005101976907,0.2789753688077998
2006-07-28,73.95,-0.01888744111129874,0.28257064820214
2006-07-31,74.75,0.010760023113987003,0.2847125975806934
2006-08-01,76.39,0.021702585282472528,0.29214202510539095
2006-08-02,77.63,0.016102152864320547,0.2928653200029981
2006-08-03,76.28,-0.017543169685370577,0.30050343094260823
2006-08-04,76.53,0.00327204008961135,0.3005027039785487
2006-08-07,77.82,0.016715646734577778,0.3020643843771433
2006-08-08,77.93,0.0014125202990622767,0.286747003432021
2006-08-09,78.26,0.004225628926796738,0.28570297992370514
2006-08-10,75.69,-0.03339056546119039,0.3124667518470214
2006-08-11,75.19,-0.006627807931140517,0.2965701238382878
2006-08-14,73.78,-0.018930551221405904,0.3001625608789055
2006-08-15,73.57,-0.002850358224356586,0.2971220357018141
2006-08-16,72.67,-0.01230868931562845,0.29932002875460134
2006-08-17,70.42,-0.03145133090163805,0.2658665302432499
2006-08-18,71.3,0.012419013693343738,0.2654678554453204
2006-08-21,72.42,0.01558617691724497,0.2707476353652213
2006-08-22,72.06,-0.004983399017547915,0.26802427062143014
2006-08-23,71.12,-0.01313051411429797,0.27093408635151706
2006-08-24,71.4,0.003929278139889557,0.2634065733893579
2006-08-25,72.58,0.016391532439385514,0.2583650414293479
2006-08-28,69.44,-0.04422633143282958,0.29218947948646384
2006-08-29,67.01,-0.03562120836701527,0.30840009042410516
2006-08-30,67.15,0.002087060984167262,0.29398480381059033
2006-08-31,67.66,0.007566240383315656,0.28725804382365355
2006-09-01,70.49,0.04097569243322175,0.32770857347623134
2006-09-04,68.62,-0.02688681835548045,0.3361010909976335
2006-09-05,65.94,-0.039838799786718726,0.3465805971053247
2006-09-06,65.41,-0.008070085670463589,0.34492697879865625
2006-09-07,64.52,-0.01369989871611331,0.3422782748709229
2006-09-08,64.3,-0.003415622013434408,0.33114740609332366
2006-09-11,62.41,-0.029834112297622114,0.3397872425160282
2006-09-12,62.23,-0.0028883203648250653,0.33834438789470705
2006-09-13,61.28,-0.015383673148790626,0.3386762831561526
2006-09-14,60.75,-0.008686443211678073,0.33842286230701624
2006-09-15,60.23,-0.008596515165028141,0.3280208349636302
2006-09-18,61.47,0.020378683863288314,0.33517454573827704
2006-09-19,62.52,0.01693725463435792,0.336355556210458
2006-09-20,59.09,-0.05642480019569266,0.3771945829271375
2006-09-21,59.27,0.0030415704421635024,0.3793599883223834
2006-09-22,58.81,-0.007791367327882197,0.37661440478936553
2006-09-25,57.89,-0.015767250380951354,0.36534766338369873
2006-09-26,58.53,0.010994785212216229,0.3514438838480921
2006-09-27,57.6,-0.016016875601283936,0.3384491951298726
2006-09-28,60.68,0.05209158677848587,0.3953014080640526
2006-09-29,59.09,-0.02655244912274817,0.3994731094156107
2006-10-02,58.8,-0.00491985045300207,0.3605627037958194
2006-10-03,56.28,-0.04380262265839289,0.3757920593777408
2006-10-04,55.82,-0.008207004138012198,0.3591589772562765
2006-10-05,57.93,0.037103157000356574,0.39157076529273666
2006-10-06,56.9,-0.017940043976247527,0.3929241153694768
2006-10-09,59.25,0.040470438882955415,0.4246674905524366
2006-10-10,57.8,-0.02477700433690884,0.42112195975898997
2006-10-11,57.75,-0.0008654262764288219,0.42122660036413434
2006-10-12,57.87,0.0020757661838445253,0.4193884972832918
2006-10-13,58.97,0.018829724426665417,0.42525245154313535
2006-10-16,58.22,-0.012799901694935648,0.4263944843072542
2006-10-17,60.13,0.03227994673400023,0.43601431523842943
2006-10-18,58.51,-0.027311205251332602,0.43994001810810124
2006-10-19,57.74,-0.013247505565355621,0.3974407651175222
2006-10-20,57.94,0.0034578181064153063,0.39749803702881054
2006-10-23,56.56,-0.024105970752886906,0.4049168022169353
2006-10-24,56.56,0.0,0.40176374832204714
2006-10-25,58.79,0.03866975082584624,0.42313674474454777
2006-10-26,58.76,-0.0005104211084870844,0.4190332133213808
2006-10-27,57.99,-0.013190769417327317,0.3776182950859753
2006-10-30,57.08,-0.01581678927971366,0.3706471612458843
2006-10-31,56.13,-0.016783363654527646,0.3742277232940183
2006-11-01,56.37,0.004266673139375699,0.3426291739632931
2006-11-02,56.26,-0.0019532990317728924,0.3414069364034556
2006-11-03,56.55,0.005141399500418652,0.31501468951670597
2006-11-06,57.02,0.008276880922396512,0.3104646647235757
2006-11-07,56.99,-0.0005262696376177193,0.27358730258698405
2006-11-08,57.18,0.003328373047257515,0.2609446871609473
2006-11-09,59.72,0.04346278577682398,0.30212405674237675
2006-11-10,59.18,-0.009083325698926057,0.3043660705774972
2006-11-13,56.88,-0.039639861477078125,0.3278555227216977
2006-11-14,57.9,0.01777359908396407,0.3319160951756235
2006-11-15,57.97,0.001208250772691888,0.310278548931225
2006-11-16,59.5,0.02605067719994255,0.30993440697273617
2006-11-17,57.01,-0.04274962150809363,0.34197476951792366
2006-11-20,57.38,0.006469119509728417,0.3425841956823059
2006-11-21,59.53,0.03678457661207996,0.3543674411002079
2006-11-22,58.66,-0.014722323615993837,0.3592790035834995
2006-11-23,59.7,0.017573956849251445,0.33880273677386874
2006-11-24,60.72,0.01694111268881809,0.34335961127791087
2006-11-27,60.52,-0.003299244167219261,0.3396946327981332
2006-11-28,61.22,0.011500044597111235,0.3347523046731443
2006-11-29,62.13,0.014755030558336013,0.32864310320380097
2006-11-30,64.36,0.03526335804857992,0.3450956651560921
2006-12-01,64.74,0.005886926373915755,0.3437958869441227
2006-12-04,63.97,-0.011965025036051935,0.3498182408898205
2006-12-05,63.65,-0.00501489845863077,0.3516915839667988
2006-12-06,63.7,0.0007852375747021617,0.3514500007603751
2006-12-07,63.17,-0.008355057667508707,0.3545923681887772
2006-12-08,63.67,0.007883989118325012,0.32590075851125355
2006-12-11,62.59,-0.017107973092323866,0.3308135806356606
2006-12-12,62.58,-0.00015978269587404726,0.29334285173179814
2006-12-13,61.89,-0.011087122489465875,0.2939834448376364
2006-12-14,62.85,0.015392319284986364,0.29688061954724543
2006-12-15,62.91,0.0009541985456818179,0.2857533114121376
2006-12-18,62.81,-0.0015908371156488285,0.2342884096284508
2006-12-19,62.19,-0.009920081350491588,0.23947447680282544
2006-12-20,63.13,0.015001877263736411,0.21202378683721998
2006-12-21,62.13,-0.015967128303931776,0.21335935384067392
2006-12-22,61.92,-0.003385734794130805,0.20726098987694977
2006-12-27,60.7,-0.01989953121601906,0.21243862261990468
2006-12-28,59.41,-0.02148113569780264,0.22494802649378293
2006-12-29,58.96,-0.007603314486568788,0.22140538703745094
2007-01-02,58.49,-0.008003448426146698,0.21388373109208328
2007-01-03,56.63,-0.032316919329220734,0.18868233992447597
2007-01-04,54.58,-0.03687136484552126,0.21126235486548806
2007-01-05,52.82,-0.03277760841120622,0.22768747249765944
2007-01-08,52.82,0.0,0.22948242984157818
2007-01-09,52.38,-0.008365067789420292,0.2267992830400953
2007-01-10,52.11,-0.005167970158442673,0.2272379227675412
2007-01-11,51.68,-0.008286009446776899,0.21869467746773166
2007-01-12,49.95,-0.03404835437978377,0.23309450879528848
2007-01-16,51.28,0.026278307517852074,0.26414209953253875
2007-01-17,51.19,-0.0017566121429227904,0.26540270513404873
2007-01-18,50.83,-0.007057469010680727,0.25032976472129137
2007-01-19,52.29,0.028318416741228137,0.2815647771696668
2007-01-22,54.34,0.03845545579816254,0.32527410252262146
2007-01-23,53.93,-0.007573694649066123,0.3251009128384322
2007-01-24,55.11,0.021644278546008335,0.3314620826515012
2007-01-25,55.67,0.01011021430027239,0.33434451941534366
2007-01-26,55.29,-0.006849341845574783,0.33431933854360746
2007-01-29,54.71,-0.010545552274107072,0.330756525544214
2007-01-30,54.69,-0.00036563071705324163,0.3255034885456682
2007-01-31,56.52,0.03291368045764553,0.34916145647319136
2007-02-01,56.74,0.003884871564378561,0.34901996718736306
2007-02-02,56.93,0.0033430135822851343,0.33065602557118834
2007-02-05,58.67,0.030106079974777943,0.31702970539953285
2007-02-06,58.04,-0.010796094921781428,0.29367218701692477
2007-02-07,58.35,0.005326930716578023,0.29322591914898566
2007-02-08,57.24,-0.019206404044314843,0.30161658464406826
2007-02-09,57.21,-0.0005242464078127509,0.3002201428567401
2007-02-12,55.52,-0.029985392081888232,0.32053832637748353
2007-02-13,56.12,0.010748939035710931,0.2907517881213526
2007-02-14,55.05,-0.01925039206557128,0.29261664169219687
2007-02-15,54.25,-0.01463887074812003,0.29880234488871554
2007-02-16,56.78,0.04558115862425632,0.33091342433756776
2007-02-20,55.91,-0.015440896006271293,0.32721151443515734
2007-02-21,57.74,0.032206919196235084,0.3193470021866879
2007-02-22,58.62,0.015125761047957213,0.31965636958604227
2007-02-23,60.38,0.02958198899594645,0.3262996960697279
2007-02-26,60.34,-0.0006626905477776831,0.32603694545153045
2007-02-27,60.28,-0.0009948599726203537,0.3242452229379755
2007-02-28,59.39,-0.014874511730525926,0.32704605935553543
2007-03-01,61.18,0.029694476694988568,0.3384740727895058
2007-03-02,61.92,0.01202289055871432,0.32447754830856257
2007-03-05,59.78,-0.0351720724256799,0.35219889895265394
2007-03-06,59.68,-0.0016742009602863912,0.3524736760458366
2007-03-07,61.13,0.02400578814512876,0.3469891366715372
2007-03-08,60.9,-0.003769569324782714,0.3445808280971876
2007-03-09,60.25,-0.010730602345086894,0.34727711280659385
2007-03-12,60.59,0.005627290586133332,0.33915703968672933
2007-03-13,61.52,0.01523246224049081,0.34164775793795626
2007-03-14,60.89,-0.01029336757690586,0.3236977222493209
2007-03-15,60.4,-0.008079852679713458,0.32560764152928207
2007-03-16,60.93,0.008736559319633805,0.3152371800012876
2007-03-19,60.49,-0.007247602141580059,0.310488810466305
2007-03-20,60.11,-0.006301845067752261,0.27547923705397803
2007-03-21,60.18,0.0011638541508285293,0.2675831310212005
2007-03-22,61.57,0.022834667721219663,0.256662947665802
2007-03-23,63.1,0.024546030624048736,0.2642072436753262
2007-03-26,64.43,0.020858593603383567,0.2549246222043859
2007-03-27,64.25,-0.002797639375221979,0.2554275573348207
2007-03-28,66.15,0.029143166785635624,0.2704007346384378
2007-03-29,67.19,0.01559953637109377,0.2635139525438282
2007-03-30,68.47,0.01887126620091289,0.25367098961513623
2007-04-02,68.94,0.0068408679557478164,0.2525890339363357
2007-04-03,68.0,-0.013728855912612546,0.21805877359103856
2007-04-04,68.09,0.0013226543187687075,0.21695077813545682
2007-04-05,69.15,0.015447698615892047,0.21005532731740362
2007-04-10,67.64,-0.02207853408038771,0.22933280850393936
2007-04-11,68.6,0.014093010701459888,0.2239391053684583
2007-04-12,67.79,-0.01187784328896507,0.23252936392110765
2007-04-13,68.78,0.014498313561245936,0.2321497025798175
2007-04-16,67.1,-0.024728961026484197,0.24914046426694383
2007-04-17,66.34,-0.011391010458729596,0.25152058481033823
2007-04-18,65.09,-0.01902210593461037,0.2636709864232438
2007-04-19,66.17,0.016456260439672174,0.2646827714798583
2007-04-20,66.34,0.0025658454949382186,0.26198723807431884
2007-04-23,66.8,0.006910047023693622,0.2617671923932145
2007-04-24,67.94,0.01692188218983777,0.25744838530236563
2007-04-25,67.44,-0.007386649038837812,0.2500725522371163
2007-04-26,67.51,0.0010374213601791068,0.2416903843386903
2007-04-27,67.28,-0.0034127193890865597,0.24186072774432424
2007-04-30,67.23,-0.0007434391837472634,0.22117599708899494
2007-05-01,67.4,0.0025254414373161093,0.2146731160901995
2007-05-02,65.57,-0.027526743642733484,0.22366660439603742
2007-05-03,64.85,-0.01104136351307512,0.22327706680578502
2007-05-04,65.14,0.004461889085634647,0.22105459501988503
2007-05-07,62.7,-0.038177352209212395,0.2534459378098175
2007-05-08,63.55,0.013465549996587988,0.25162316426233783
2007-05-09,63.5,-0.0007870917368170432,0.2430343848265582
2007-05-10,64.63,0.017638793376157997,0.24646416863535664
2007-05-11,65.18,0.008473974134611479,0.24714187094647708
2007-05-14,65.86,0.010378603538802716,0.2440973244142871
2007-05-15,66.74,0.013273196375009556,0.2349680680332679
2007-05-16,66.83,0.001347608199750795,0.23147965614984264
2007-05-17,69.08,0.03311317175549919,0.24647122392249907
2007-05-18,69.26,0.002602285695798181,0.24144382937432662
2007-05-21,69.51,0.003603088138118655,0.24149180619349003
2007-05-22,70.05,0.007738645670621448,0.24171140953543782
2007-05-23,71.01,0.01361143941098635,0.23944301380816752
2007-05-24,71.96,0.013289696888329962,0.23982859661785577
2007-05-25,70.72,-0.017381990752944297,0.25008278763405406
2007-05-29,69.31,-0.020139222399494595,0.26128449770871365
2007-05-30,67.64,-0.02438967189951375,0.27616266858528793
2007-05-31,68.18,0.007951742679377594,0.2773533890567392
2007-06-01,68.65,0.006869865504223014,0.258432700247905
2007-06-04,70.9,0.03224930132410168,0.2735809668874556
2007-06-05,71.36,0.00646705473367198,0.2736889409571604
2007-06-06,71.5,0.0019599614282079696,0.2263409884738473
2007-06-07,72.36,0.011956210827132507,0.22579479652811285
2007-06-08,70.04,-0.03258715310944313,0.2621128708164441
2007-06-11,68.85,-0.017136282242987466,0.26804486420038376
2007-06-12,68.56,-0.0042209508851394255,0.2683926671576572
2007-06-13,69.24,0.009869456018484102,0.2682078683138955
2007-06-14,71.18,0.027633149774038242,0.27991199934743743
2007-06-15,71.63,0.0063021005443131654,0.28005466843556515
2007-06-18,72.33,0.00972500023482945,0.25966341460821
2007-06-19,72.17,-0.0022145337770074713,0.26010261629036346
2007-06-20,70.55,-0.02270276878535895,0.273620238827296
2007-06-21,71.81,0.01770206382340323,0.2789708149128581
2007-06-22,72.04,0.003197778185529179,0.2754345059592357
2007-06-25,71.36,-0.009484032036001495,0.27359550780549363
2007-06-26,71.41,0.0007004272892646994,0.26653198479531115
2007-06-27,71.84,0.00600350843292561,0.2562583705620016
2007-06-28,71.96,0.0016689850883881618,0.23807502570505806
2007-06-29,72.22,0.0036066067669793225,0.23739923850350794
2007-07-02,72.9,0.009371623165300935,0.23810458014955777
2007-07-03,74.26,0.018483809734321503,0.22084590567464873
2007-07-05,75.4,0.015234826264976428,0.2250269385364725
2007-07-06,76.58,0.015528671035238069,0.22939037254119063
2007-07-09,77.1,0.00676733452013521,0.22761158565988532
2007-07-10,77.88,0.010065899934715095,0.18805402828949058
2007-07-11,77.44,-0.005665737535677308,0.1747265205179282
2007-07-12,78.24,0.01027758275824023,0.1716510999715591
2007-07-13,78.12,-0.0015349197180835905,0.1731931493740942
2007-07-16,78.17,0.0006398362237607546,0.1544385007542822
2007-07-17,77.59,-0.007447389326381118,0.15963019775288903
2007-07-18,78.0,0.0052702737837338,0.15828918401904468
2007-07-19,78.37,0.004732374375181654,0.1569004804516835
2007-07-20,79.09,0.009145243466552589,0.12417318775687305
2007-07-23,78.36,-0.009272851454985964,0.12576238683934768
2007-07-24,75.88,-0.03216044800952664,0.17796914718546142
2007-07-25,75.21,-0.00886894422850174,0.17746047960241687
2007-07-26,77.28,0.027150989065950898,0.19668963643578016
2007-07-27,76.58,-0.009099243855114146,0.20142182280513823
2007-07-30,76.07,-0.006681977039938681,0.20419765448343966
2007-07-31,77.01,0.012281314541949128,0.20690556667464735
2007-08-01,77.11,0.0012976902937105017,0.20568808284529477
2007-08-02,76.14,-0.012659222890517952,0.20380941931475346
2007-08-03,75.36,-0.01029712068624369,0.20081005237135838
2007-08-06,72.69,-0.036072806771563624,0.2281480856642051
2007-08-07,70.42,-0.031726509769637506,0.24669844836345273
2007-08-08,70.73,0.004392497320992111,0.2432904973881662
2007-08-09,70.08,-0.0092323644197626,0.2438031791281711
2007-08-10,69.57,-0.00730400669258615,0.2376737865308956
2007-08-13,71.3,0.024562887484700358,0.2594815254585828
2007-08-14,69.29,-0.028595731780960233,0.27186595504987554
2007-08-15,71.3,0.02859573178096031,0.2965662469830567
2007-08-16,68.77,-0.03612872408850554,0.3143562770366249
2007-08-17,69.8,0.014866406436582096,0.32061245375758973
2007-08-20,68.37,-0.020699877842624063,0.32008666700138044
2007-08-21,67.88,-0.007192691559677112,0.3199763931104994
2007-08-22,67.73,-0.0022122271392131434,0.3066528743527602
2007-08-23,68.73,0.01465657190670161,0.31404962453456775
2007-08-24,69.49,0.010997072192722078,0.29826068259026534
2007-08-27,68.85,-0.009252632151572111,0.29828733087251774
2007-08-28,69.66,0.011696039763191236,0.3037768649430766
2007-08-29,70.48,0.011702716690069098,0.303387890443914
2007-08-30,71.46,0.013808870967339456,0.3092927241036027
2007-08-31,72.29,0.011547954416942185,0.31174012567328985
2007-09-04,74.22,0.026347848620245768,0.3256822999099449
2007-09-05,74.72,0.006714138288135542,0.29987573057797257
2007-09-06,76.21,0.01974489375743886,0.28082742906218655
2007-09-07,75.08,-0.01493847595971801,0.2881691390315891
2007-09-10,74.97,-0.0014661782033373548,0.2853106126343609
2007-09-11,76.23,0.016667052485211862,0.28626057191891174
2007-09-12,77.15,0.011996492808987506,0.278280951684292
2007-09-13,77.84,0.008903859068579708,0.25247534641368014
2007-09-14,78.27,0.005508949938997051,0.2381736402546287
2007-09-17,77.99,-0.0035837744743400625,0.19016817172496772
2007-09-18,77.0,-0.012775191488722805,0.19786452171285018
2007-09-19,78.47,0.018910964285697957,0.1806923745046449
2007-09-20,78.48,0.00012742911772578534,0.17537283256508823
2007-09-21,78.91,0.0054641472758359694,0.1723315857002277
2007-09-24,77.87,-0.013267192944048798,0.18401327282428556
2007-09-25,76.82,-0.01357574667113607,0.1948810919791986
2007-09-26,76.21,-0.007972335239732611,0.19376717643699626
2007-09-27,78.88,0.03443502261635398,0.2183603321274479
2007-09-28,80.97,0.026151005403642992,0.22867457660716084
2007-10-01,78.33,-0.03314804431887578,0.26500860762086587
2007-10-02,76.87,-0.01881498801810648,0.2753200113050207
2007-10-03,77.8,0.012025747823305281,0.2642138536021092
2007-10-04,77.84,0.0005140066934037316,0.2637644973728854
2007-10-05,79.05,0.015425125777731322,0.2604962494708449
2007-10-08,76.94,-0.027054666331331998,0.273336829884037
2007-10-09,77.82,0.011372570232258466,0.27538997625719086
2007-10-10,77.85,0.00038543072359976157,0.27002085719248753
2007-10-11,80.83,0.0375642854657458,0.29637823129789603
2007-10-12,80.82,-0.00012372409542547253,0.2954610371621558
2007-10-15,82.5,0.020573833690307686,0.30237866362243826
2007-10-16,84.43,0.023124495340773384,0.30966735378233695
2007-10-17,85.24,0.009548018549007638,0.30423963136455007
2007-10-18,85.03,-0.002466671832715188,0.3007759710664245
2007-10-19,84.25,-0.009215566165230095,0.30394709214151644
2007-10-22,82.72,-0.018327158472352147,0.31293068205177016
2007-10-23,82.31,-0.0049688037755662995,0.3090436639124543
2007-10-24,83.47,0.013994678878092578,0.30555334073492113
2007-10-25,85.4,0.02285881493187891,0.309037036258651
2007-10-26,84.71,-0.008112442351064772,0.2934608022621516
2007-10-29,89.87,0.05913052322682267,0.3436316936764269
2007-10-30,89.87,0.0,0.3153259334163633
2007-10-31,89.87,0.0,0.30274514471284303
2007-11-01,90.36,0.005437509929520347,0.30234782294133333
2007-11-02,92.11,0.019181823400341746,0.3041138962262734
2007-11-05,92.16,0.0005426819474368985,0.30391489822155693
2007-11-06,93.99,0.019662196684628874,0.27946581210013116
2007-11-07,94.85,0.009108302748813125,0.27938792941908036
2007-11-08,94.4,-0.004755623229568047,0.28203853033293547
2007-11-09,92.32,-0.022280270391665673,0.28233790201264447
2007-11-12,91.56,-0.008266307675423414,0.2860671263595882
2007-11-13,89.09,-0.027347400351813548,0.3028554532233777
2007-11-14,90.73,0.018240968448985057,0.29935288574097063
2007-11-15,90.32,-0.004529143340131088,0.2996977166340869
2007-11-16,91.99,0.01832095564765938,0.30375654293502036
2007-11-19,91.59,-0.004357780074169579,0.3016031363015211
2007-11-20,94.13,0.027354710144232512,0.3005484541358535
2007-11-21,94.97,0.008884246695732258,0.2979087622977421
2007-11-23,95.33,0.0037835042506257016,0.29690535661399303
2007-11-26,94.88,-0.004731621256071526,0.2929044743072633
2007-11-27,93.23,-0.017543376940813007,0.29996609535802443
2007-11-28,91.64,-0.01720170072330753,0.2343834012219566
2007-11-29,92.34,0.007609559493548142,0.2354832186333902
2007-11-30,88.71,-0.040104794546347404,0.27578601430793115
2007-12-03,87.85,-0.009741807899389283,0.2765976726851435
2007-12-04,89.97,0.02384546679592117,0.2813880649883272
2007-12-05,90.7,0.00808107569206345,0.2831552785396329
2007-12-06,88.46,-0.025006884680910314,0.2848366068428433
2007-12-07,88.46,0.0,0.28173397874996975
2007-12-10,87.33,-0.012856426014539072,0.2836447150679708
2007-12-11,87.77,0.005025710178384608,0.2768054513144712
2007-12-12,91.69,0.04369356545778324,0.31834998943484744
2007-12-13,92.57,0.009551793017310354,0.3036334177879941
2007-12-14,91.86,-0.007699436181472444,0.29922700624826454
2007-12-17,90.32,-0.01690675905624088,0.3049128138614488
2007-12-18,90.71,0.0043086847854462325,0.29809168121596585
2007-12-19,90.98,0.002972097515005447,0.2980296751844052
2007-12-20,91.06,0.0008789277647780517,0.2806603012938017
2007-12-21,91.03,-0.0003295073894386701,0.2781357713469496
2007-12-24,91.59,0.00613297289769883,0.2788713280755348
2007-12-27,95.66,0.043478142837254694,0.31972860565907346
2007-12-28,95.92,0.002714272467107991,0.3130432174176046
2007-12-31,93.68,-0.023629791429796862,0.3185871676420985
2008-01-02,97.01,0.0349293466837302,0.33907418721948807
2008-01-03,98.45,0.014734739111942436,0.3039572467865326
2008-01-04,96.87,-0.01617893164684095,0.3086620044854639
2008-01-07,94.19,-0.02805585460356782,0.32015111960560316
2008-01-08,96.37,0.022880931028470258,0.3276049240652059
2008-01-09,96.76,0.004038735878630463,0.3114987562596459
2008-01-10,92.8,-0.04178704594967165,0.3499749670017644
2008-01-11,91.86,-0.010180960894507474,0.3486370592649322
2008-01-14,92.58,0.007807456705477077,0.3490331586660973
2008-01-15,90.87,-0.018643221895868825,0.32219255835989496
2008-01-16,88.1,-0.030957380765121972,0.33661922392850735
2008-01-17,88.96,0.009714297560138306,0.33853635948328353
2008-01-18,89.66,0.007837908225021116,0.33520816263641606
2008-01-22,88.11,-0.017438704848654955,0.3398340682087209
2008-01-23,87.06,-0.011988497754486856,0.34136554035694766
2008-01-24,87.69,0.0072103316671127725,0.3427627822184982
2008-01-25,90.96,0.036611981651016264,0.367732744573873
2008-01-28,90.91,-0.0005498433085137242,0.36704807226784253
2008-01-29,92.49,0.017230524432401806,0.33763683953281687
2008-01-30,92.46,-0.00032441200608931714,0.337310999393555
2008-01-31,91.58,-0.009563211331129962,0.3292370540291999
2008-02-01,91.41,-0.0018580255632220815,0.30208435810949635
2008-02-04,91.09,-0.0035068529090087636,0.2952508879651793
2008-02-05,89.6,-0.01649270877583381,0.2954199404733017
2008-02-06,88.73,-0.009757269133638306,0.2829608265030654
2008-02-07,88.55,-0.002030686618403954,0.2671417651654738
2008-02-08,91.45,0.03222501060803216,0.29432874427568745
2008-02-11,93.93,0.026757449169549332,0.27472244040208865
2008-02-12,94.28,0.0037192540615062645,0.2720714696626495
2008-02-13,93.82,-0.004891025167618432,0.2717641377791529
2008-02-14,95.92,0.022136457818946888,0.27203268411654274
2008-02-15,96.96,0.010784011601745412,0.24420745758856233
2008-02-19,97.03,0.0007216867162038201,0.24380394606689432
2008-02-20,97.88,0.008722029537262758,0.2439923075631763
2008-02-21,97.52,-0.003684753401454869,0.23304569920825832
2008-02-22,96.07,-0.014980392751368966,0.2359786161648215
2008-02-25,97.43,0.014057079015602872,0.23808271998066882
2008-02-26,99.05,0.016490601707309985,0.21335549409605772
2008-02-27,98.28,-0.007804225491581581,0.2167817510308163
2008-02-28,99.83,0.015648191695355338,0.2156045497627805
2008-02-29,100.9,0.010661188011229485,0.21641851300393122
2008-03-03,101.83,0.009174828824010793,0.21111703017226363
2008-03-04,98.6,-0.03223349457498431,0.24684364499194328
2008-03-05,100.95,0.023554083150256807,0.25469417161619273
2008-03-06,103.47,0.02465637085801264,0.2510195712125178
2008-03-07,104.66,0.011435285327202598,0.24398611272793727
2008-03-10,105.33,0.006381277904388869,0.24141482817309473
2008-03-11,106.78,0.013672364223589561,0.22629366814414908
2008-03-12,107.99,0.011267987172628112,0.21569466250565725
2008-03-13,109.18,0.010959266108943272,0.21591639946002006
2008-03-14,109.16,-0.0001832005134739707,0.21325259485913156
2008-03-17,104.41,-0.044489239538118765,0.27145084869192354
2008-03-18,105.35,0.00896268394817909,0.2709534528030008
2008-03-19,102.65,-0.025962996785255408,0.2900565504831984
2008-03-20,99.78,-0.028357381032051324,0.3081993265323697
2008-03-24,100.93,0.011459444817876793,0.3098118350769695
2008-03-25,99.91,-0.010157426505840965,0.30699004899663174
2008-03-26,102.83,0.02880735849617207,0.3184103180885067
2008-03-27,103.89,0.010255507841341072,0.31569634056152374
2008-03-28,102.68,-0.011715291079500612,0.3175544339365069
2008-03-31,102.33,-0.0034144709042756593,0.3141436552116145
2008-04-01,98.69,-0.036219260914748204,0.33742557576203686
2008-04-02,98.85,0.0016199254327100997,0.3355494382653583
2008-04-03,102.31,0.0344038702742228,0.3378260927286166
2008-04-04,102.21,-0.000977899549863762,0.32844231302438
2008-04-07,105.98,0.03622087672363115,0.3413100718212895
2008-04-08,105.05,-0.008813969773606677,0.34082276802013906
2008-04-09,107.46,0.022682258009665918,0.3491380781248802
2008-04-10,107.37,-0.0008378718546311942,0.346082581670573
2008-04-11,107.15,-0.002051091526458051,0.34381390323255784
2008-04-14,108.32,0.010860087244378789,0.3437728874478569
2008-04-15,110.84,0.022997910830812818,0.3531871005230489
2008-04-16,110.95,0.0009919293838252354,0.31263358219222886
2008-04-17,111.34,0.0035089333767586903,0.3118693656004075
2008-04-18,110.67,-0.006035782478667761,0.2960870109489224
2008-04-21,111.35,0.006125593426682576,0.27236335257431815
2008-04-22,113.54,0.019476804039203707,0.2760667709073998
2008-04-23,115.34,0.015729090444686466,0.2719761461183379
2008-04-24,114.85,-0.004257359052159367,0.2622697802476849
2008-04-25,116.62,0.015293856658902748,0.2640526005615814
2008-04-28,115.7,-0.007920151594379084,0.2612465957867212
2008-04-29,113.86,-0.016031010676695087,0.2702830725995759
2008-04-30,111.12,-0.024358925076847445,0.24979226049539563
2008-05-01,107.3,-0.03498204880943558,0.2866859598000944
2008-05-02,111.92,0.042155680720572915,0.2981066255169105
2008-05-05,115.68,0.03304342805322885,0.31345395743089316
2008-05-06,119.88,0.03566348403800778,0.3127797109837299
2008-05-07,120.27,0.003247972874062773,0.30840574192187054
2008-05-08,119.85,-0.003498254442131956,0.30434403714440617
2008-05-09,123.54,0.030324029387359817,0.3154988890439379
2008-05-12,122.89,-0.005275343971247238,0.31681812783217034
2008-05-13,123.11,0.0017886183630178472,0.3168131934213825
2008-05-14,121.18,-0.015801221142680538,0.3192305533124431
2008-05-15,122.76,0.012954186234692433,0.32038105829568825
2008-05-16,122.98,0.0017905107737882938,0.32052471339549143
2008-05-19,122.19,-0.006444530196892789,0.32070085705468987
2008-05-20,124.12,0.015671629251748604,0.3229269050738646
2008-05-21,127.28,0.025140544449351977,0.3266629380028425
2008-05-22,129.04,0.01373304978742194,0.32594313571405026
2008-05-23,129.72,0.005255847622163907,0.32407255157055037
2008-05-27,128.92,-0.00618622449188022,0.32468366962269096
2008-05-28,128.93,7.756447550930975e-05,0.32191376292867097
2008-05-29,129.33,0.003097656004406804,0.31274025152163565
2008-05-30,127.85,-0.011509575689957481,0.29989307123651987
2008-06-02,128.5,0.005071202598078997,0.2591087465236796
2008-06-03,126.28,-0.017427240645483615,0.24358550627091677
2008-06-04,121.72,-0.036778338661020614,0.26421410239564785
2008-06-05,122.36,0.005244194253932335,0.23544111922366756
2008-06-06,132.81,0.08195201612945661,0.36643198474461713
2008-06-09,134.43,0.012124082054001945,0.36601170928164073
2008-06-10,135.24,0.006007360373523845,0.35472264849502305
2008-06-11,134.52,-0.005338090967616353,0.3547440758806181
2008-06-12,132.11,-0.018077977981806086,0.3630974674568064
2008-06-13,134.29,0.016366731702820988,0.35878199479423284
2008-06-16,133.9,-0.0029083878959569698,0.3584983694445311
2008-06-17,131.27,-0.019836981881810795,0.3679844292306429
2008-06-18,129.12,-0.01651406629367738,0.3728979203665117
2008-06-19,131.84,0.020846861639522932,0.375600178814934
2008-06-20,134.28,0.01833810595067253,0.37123267176938723
2008-06-23,134.54,0.0019343804856255524,0.3689973037548823
2008-06-24,135.37,0.006150217600235199,0.3691101050297809
2008-06-25,131.59,-0.028320742035645677,0.38302027526781446
2008-06-26,136.82,0.03897516517080265,0.40494445125520157
2008-06-27,139.38,0.018537822677520938,0.4085897157186847
2008-06-30,138.4,-0.007055972826803557,0.4068069446306793
2008-07-01,140.67,0.0162686785860353,0.40909906313186223
2008-07-02,141.24,0.004043849290581295,0.4014141337337472
2008-07-03,143.95,0.019005445997999183,0.3732016671347567
2008-07-07,139.62,-0.03054157051592938,0.39638500910965224
2008-07-08,134.15,-0.03996586967062219,0.3209525207729938
2008-07-09,133.91,-0.001790644364158396,0.3181984628596552
2008-07-10,135.81,0.014088917608502187,0.3213954213904088
2008-07-11,143.68,0.05633175443791264,0.37460109893037663
2008-07-14,142.43,-0.00873795360739461,0.36929593876357936
2008-07-15,136.02,-0.04604871719900211,0.4037555803380746
2008-07-16,133.31,-0.020124690621907054,0.41000199581696084
2008-07-17,134.16,0.006355874389367687,0.4042024602463956
2008-07-18,129.34,-0.03658852149650669,0.42082549609938213
2008-07-21,129.34,0.0,0.4140049226040791
2008-07-22,127.18,-0.01684119017918497,0.4113220366683643
2008-07-23,126.86,-0.002519289633510656,0.4109944178272174
2008-07-24,125.43,-0.01133628216916772,0.4106607066666213
2008-07-25,124.7,-0.005836981350592595,0.4008987640612185
2008-07-28,125.67,0.007748570941062339,0.3738125481872371
2008-07-29,125.77,0.0007954184320109744,0.36526024559749054
2008-07-30,122.46,-0.026670396009255776,0.37296241892714455
2008-07-31,124.1,0.013303246160753197,0.37088450739143736
2008-08-01,124.16,0.00048336422434700784,0.3698771859224447
2008-08-04,121.87,-0.0186161535994976,0.3604948391360488
2008-08-05,116.5,-0.04506362982965582,0.37518312616051575
2008-08-06,114.47,-0.01757849307537036,0.35929503551697506
2008-08-07,116.94,0.02134820281713938,0.37266436871350445
2008-08-08,113.03,-0.03400771254488472,0.37648504105761793
2008-08-11,110.54,-0.022275823797522788,0.29492957239663625
2008-08-12,108.98,-0.014213067250164675,0.29466254007372916
2008-08-13,110.68,0.015478775763773002,0.28393568627584487
2008-08-14,111.82,0.010247280679773993,0.2894819223909326
2008-08-15,108.8,-0.027379101176656963,0.291439367941653
2008-08-18,109.33,0.00485949702455118,0.2788492999705778
2008-08-19,109.02,-0.0028394798102586677,0.2779945923355917
2008-08-20,108.72,-0.0027555817932465414,0.27671798322969937
2008-08-21,117.24,0.07544734599980348,0.39905060801839887
2008-08-22,113.99,-0.02811239059400448,0.4072144004148326
2008-08-25,109.74,-0.03799679361785792,0.42340790415941754
2008-08-26,112.2,0.022169061457766728,0.43220011047481405
2008-08-27,113.05,0.007547205635382904,0.43404827358040227
2008-08-28,113.54,0.004324999018601498,0.42785570826248787
2008-08-29,113.49,-0.0004404704295326522,0.423641833820341
2008-09-02,104.94,-0.07832596905448182,0.4945616927584388
2008-09-03,103.88,-0.010152371464018073,0.49314141573911907
2008-09-04,103.41,-0.004534717597663994,0.47396482618929237
2008-09-05,102.51,-0.008741314401573436,0.47215367097757033
2008-09-08,101.08,-0.014048072275316794,0.4628544759240754
2008-09-09,98.94,-0.021398676720430897,0.4555672809336189
2008-09-10,96.0,-0.0301654143317263,0.4598443452296611
2008-09-11,96.01,0.00010416124169630253,0.4595776368245896
2008-09-12,94.37,-0.017229126676290757,0.45422207397706377
2008-09-15,90.45,-0.04242601419193758,0.46468580176636426
2008-09-16,85.85,-0.05219562449781971,0.48386915172599765
2008-09-17,86.09,0.0027916733263788707,0.4830523546455988
2008-09-18,90.89,0.05425672346081569,0.5336173125004552
2008-09-19,93.46,0.02788355314160104,0.5482445976022741
2008-09-22,100.43,0.07192743013296769,0.5416545607231222
2008-09-23,100.72,0.0028834223308439907,0.5373234493548623
2008-09-24,102.09,0.01351038744483237,0.5280938145249454
2008-09-25,100.45,-0.016194685919980606,0.5213305472236923
2008-09-26,100.88,0.004271600395720625,0.5204387381865393
2008-09-29,95.96,-0.050000253685170346,0.5412257301881269
2008-09-30,93.52,-0.025756120807680808,0.5438625232954355
2008-10-01,92.19,-0.014323652353309953,0.483195273032001
2008-10-02,88.88,-0.03656451947912848,0.4944699635001922
2008-10-03,88.95,0.0007872687804697474,0.495205219666901
2008-10-06,84.71,-0.04884075566838467,0.5158574020917182
2008-10-07,83.17,-0.018346952562863336,0.5165932471412936
2008-10-08,80.77,-0.02928109642639124,0.5196345001880184
2008-10-09,81.65,0.010836209962269219,0.5186607178270866
2008-10-10,74.58,-0.0905694446657995,0.5914512715419418
2008-10-13,74.37,-0.002819740035465811,0.5919606556499447
2008-10-14,74.98,0.008168776592557039,0.5843825388557059
2008-10-15,66.86,-0.11462053031581346,0.6755171582358127
2008-10-16,64.14,-0.04153268672694371,0.6807963322799697
2008-10-17,66.05,0.02934383670332534,0.6542704763315389
2008-10-20,67.45,0.020974551685430724,0.6489539367315097
2008-10-21,65.99,-0.02188336725843473,0.5656789903630726
2008-10-22,62.95,-0.04716245490497391,0.5667369473367033
2008-10-23,65.06,0.032969160554849296,0.5859473480420081
2008-10-24,60.57,-0.07151020005234962,0.6105080027456369
2008-10-27,59.34,-0.020516106130179998,0.6019783949712507
2008-10-28,58.87,-0.007951991822505838,0.5978201906194602
2008-10-29,64.0,0.08355146031950184,0.7027868773926951
2008-10-30,60.86,-0.05030693889084685,0.7113772031693661
2008-10-31,60.0,-0.014231582246724281,0.708938421997933
2008-11-03,60.32,0.005319161477600027,0.7106806456867459
2008-11-04,62.78,0.03997282771410681,0.7292502848161433
2008-11-05,61.09,-0.027288364752131915,0.7305373226763872
2008-11-06,56.14,-0.08449961572793915,0.7684882507607732
2008-11-07,56.84,0.012391732295163457,0.7692249322200992
2008-11-10,57.08,0.004213489379735616,0.7241418702442488
2008-11-11,54.76,-0.04149379218838752,0.7298404779220083
2008-11-12,52.47,-0.04271842272162779,0.7311460047733096
2008-11-13,51.32,-0.02216103795118465,0.6400808774499788
2008-11-14,50.7,-0.01215462915029813,0.6313777902154675
2008-11-17,50.82,0.00236406729488047,0.6162867200180348
2008-11-18,49.1,-0.034430943091543154,0.6082219073726297
2008-11-19,48.35,-0.015392812901171527,0.6077279368885278
2008-11-20,45.79,-0.05440049523029927,0.6130764426701334
2008-11-21,44.91,-0.019405239569357417,0.5875903786521879
2008-11-24,49.51,0.09751418227368501,0.6772594233868597
2008-11-25,47.51,-0.04123445417450168,0.6852226119811626
2008-11-26,49.39,0.03880775935370354,0.7063098404932343
2008-11-28,47.72,-0.034397377322818196,0.6265971317108313
2008-12-01,47.58,-0.002938092354903744,0.6133381394032265
2008-12-02,45.64,-0.04162797988093673,0.6220313168278843
2008-12-03,44.39,-0.02777030614793098,0.6202936072142928
2008-12-04,43.83,-0.012695704415226071,0.5878920813049374
2008-12-05,37.04,-0.1683201046527391,0.7876985881456071
2008-12-08,40.02,0.07738091937760877,0.8291092697631506
2008-12-09,39.77,-0.006266469935988136,0.8235259695906706
2008-12-10,39.34,-0.010871046258686259,0.820280040116499
2008-12-11,43.54,0.10143824284548826,0.9123592496039836
2008-12-12,42.38,-0.02700350296624831,0.9070664065792601
2008-12-15,45.02,0.060430282638433266,0.9379061387359637
2008-12-16,42.0,-0.069437217195218,0.9631126172908062
2008-12-17,41.84,-0.003816798526700742,0.9624343222204039
2008-12-18,40.19,-0.04023461129555782,0.9645545532813545
2008-12-19,39.52,-0.016811335581442512,0.9646756038776414
2008-12-22,38.08,-0.03711766295650263,0.95638525974962
2008-12-23,35.27,-0.07665646567520377,0.9845480183731321
2008-12-24,34.45,-0.023523746788293012,0.9014478176653332
2008-12-26,33.73,-0.021121348386108896,0.8973940705374797
2008-12-29,34.16,0.01266771984681033,0.8815932941823663
2008-12-30,35.22,0.030558734147691054,0.8945792519819097
2008-12-31,35.82,0.016892293564505653,0.9004168937158155
2009-01-02,42.94,0.1812973958180692,1.1176729387850928
2009-01-05,45.84,0.06535327995584937,1.1379377586072623
2009-01-06,48.89,0.06441580418407007,1.1569839406242362
2009-01-07,46.23,-0.0559439385904202,0.9993784734654602
2009-01-08,42.94,-0.07382514554949904,1.0091972935314049
2009-01-09,42.34,-0.01407152674391577,1.0104960862928125
2009-01-12,40.86,-0.03558067631724315,1.0183590257166282
2009-01-13,43.05,0.05221064148426367,0.9708434931059188
2009-01-14,42.27,-0.018284616295041137,0.9683153568824794
2009-01-15,42.32,0.0011821729713453058,0.9430526694845806
2009-01-16,43.42,0.025660376900101815,0.9157102723835863
2009-01-20,41.22,-0.051996588987832854,0.9343111403668882
2009-01-21,39.9,-0.032547251566495204,0.9305857644106508
2009-01-22,42.42,0.061243625240718594,0.9522139784302126
2009-01-23,43.13,0.016598861523215384,0.9415560946061485
2009-01-26,48.0,0.10698220024813901,0.9534259066993833
2009-01-27,42.86,-0.11326202086245994,1.045006481616951
2009-01-28,42.86,0.0,1.0395256771888026
2009-01-29,43.13,0.006279820614320805,1.0396635924355087
2009-01-30,44.17,0.023827014948683282,1.0383369992154081
2009-02-02,42.96,-0.027776375407825845,1.0465226563215306
2009-02-03,43.15,0.004412967328827596,0.8373274472528792
2009-02-04,43.68,0.012207913907212653,0.8048579379310588
2009-02-05,43.92,0.0054794657646255705,0.7683713483134788
2009-02-06,44.49,0.012894647616675213,0.7477081175928264
2009-02-09,47.23,0.059764839090075114,0.7285897405404714
2009-02-10,45.88,-0.028999991646855728,0.7351985268405019
2009-02-11,44.24,-0.03639993504709061,0.7357570545927038
2009-02-12,47.23,0.06539992669394624,0.7480115471194627
2009-02-13,43.36,-0.08549192677663486,0.8075666528417503
2009-02-17,39.69,-0.0884380903364168,0.8652245909988158
2009-02-18,39.41,-0.0070796755880616884,0.8589439482002733
2009-02-19,42.36,0.07218492952629342,0.8800911461346682
2009-02-20,42.19,-0.004021294596958486,0.8717766940741244
2009-02-23,41.27,-0.022047382371756775,0.8486900926772358
2009-02-24,40.18,-0.026766484377702147,0.850453958462239
2009-02-25,42.37,0.05307120525167942,0.779887028881009
2009-02-26,45.15,0.06354971522452664,0.7107649519428033
2009-02-27,44.41,-0.01652561055898353,0.713790012381767
2009-03-02,42.6,-0.041610416028686065,0.7290272820595347
2009-03-03,42.72,0.0028129413766146577,0.723775083243792
2009-03-04,46.07,0.0754947842958862,0.7639894357506197
2009-03-05,44.45,-0.03579701698791192,0.7758755069203057
2009-03-06,43.48,-0.022063899706904994,0.778944707328376
2009-03-09,44.55,0.024311091663809542,0.7833992886443817
2009-03-10,44.99,0.009828088936262693,0.7828685953486297
2009-03-11,43.2,-0.04059974760301631,0.7641657784295091
2009-03-12,42.19,-0.02365726911381739,0.7622068129911207
2009-03-13,44.97,0.06381237464636877,0.7871655582319316
2009-03-16,44.12,-0.01908240639731434,0.7534603466633546
2009-03-17,45.53,0.03145825496138908,0.6995948772963103
2009-03-18,45.22,-0.0068319824968669784,0.6186233555644659
2009-03-19,48.03,0.0602863488269093,0.6438864184552162
2009-03-20,49.27,0.02548956087913881,0.6057206311832339
2009-03-23,51.84,0.05084667548814748,0.6225061467892492
2009-03-24,51.32,-0.010081512296583677,0.6161381843879391
2009-03-25,51.46,0.0027242671061624276,0.6020447871033738
2009-03-26,51.89,0.008321286526050072,0.5830330679473457
2009-03-27,50.81,-0.021032907774007733,0.5575800638869367
2009-03-30,49.05,-0.03525299959426849,0.5705761601020013
2009-03-31,46.13,-0.06137668844164283,0.5944151142458922
2009-04-01,45.92,-0.004562745558418173,0.595116720252234
2009-04-02,50.89,0.10276568858943026,0.6423445541121233
2009-04-03,50.48,-0.0080892223677837,0.6273084955733647
2009-04-06,50.91,0.008482149681286901,0.6189230701259562
2009-04-07,50.62,-0.005712612797266583,0.617392030719719
2009-04-08,52.06,0.0280501444494415,0.6219946559577166
2009-04-09,52.33,0.005172920817696963,0.5976381563859599
2009-04-13,50.73,-0.03105236880551785,0.6032725180965858
2009-04-14,52.06,0.02587944798782076,0.5732334140337082
2009-04-15,51.31,-0.014511234612545854,0.5708292686826791
2009-04-16,51.83,0.010083467247741772,0.5641420186866853
2009-04-17,52.02,0.0036591278188904913,0.5622625877853881
2009-04-20,49.06,-0.058584221190162274,0.5701706915402948
2009-04-21,48.69,-0.00757036863573376,0.5637519654530748
2009-04-22,48.5,-0.003909872251171937,0.5318420739448521
2009-04-23,48.29,-0.0043392980579870155,0.5312736964265851
2009-04-24,50.29,0.04058175029842281,0.5520992763171018
2009-04-27,48.67,-0.0327434263385104,0.561520169162028
2009-04-28,48.64,-0.0006165861874514467,0.5577231302800096
2009-04-29,50.22,0.03196711607152742,0.555951122868577
2009-04-30,50.3,0.0015917233762546338,0.5074326461491385
2009-05-01,51.75,0.02841935503978502,0.513151253614216
2009-05-04,53.26,0.028761148240307732,0.3847199147453472
2009-05-05,53.16,-0.0018793465407416353,0.38323242082816006
2009-05-06,55.07,0.035298869429345514,0.3994548301256663
2009-05-07,56.63,0.02793377685132348,0.40636697403371785
2009-05-08,56.02,-0.010830110293751168,0.4012800017143819
2009-05-11,55.99,-0.0005356664711605236,0.40146574734354756
2009-05-12,56.52,0.009421454455524858,0.38193893614146446
2009-05-13,56.84,0.005645745412573122,0.3744578612627561
2009-05-14,56.25,-0.010434262144370455,0.3721525334711532
2009-05-15,56.33,0.0014212118220930778,0.37168844640944754
2009-05-18,56.51,0.003190360735129276,0.37169684890013627
2009-05-19,57.12,0.010736704389577004,0.29427259674739387
2009-05-20,59.1,0.03407660638072366,0.3030890257150919
2009-05-21,58.02,-0.018443145718794476,0.31497398030657564
2009-05-22,58.7,0.011651948140792748,0.31159169151772653
2009-05-26,59.05,0.005944815809320387,0.2901347381411295
2009-05-27,61.28,0.037068982788964686,0.2675937042692804
2009-05-28,63.47,0.03511382788604283,0.2765733466416351
2009-05-29,64.98,0.023512176922575647,0.27062822635242567
2009-06-01,66.6,0.024625047305388975,0.2709392078707783
2009-06-02,67.67,0.01593837269779071,0.2655992526535823
2009-06-03,66.15,-0.022718059683169433,0.285661220574727
2009-06-04,67.68,0.02286582473700313,0.2852058792944238
2009-06-05,67.77,0.0013289038500535126,0.2735258762632913
2009-06-08,67.61,-0.002363718045435016,0.26841929159493755
2009-06-09,68.94,0.01948065998613283,0.2614489432323107
2009-06-10,70.52,0.022659796440950192,0.2621494789064125
2009-06-11,71.71,0.016733850364814066,0.2628222763935098
2009-06-12,70.62,-0.015316817394242977,0.2781260505260756
2009-06-15,68.49,-0.030625641290426695,0.30465586732794564
2009-06-16,70.52,0.02920860831985556,0.3106623038093053
2009-06-17,68.95,-0.022514753290358607,0.33061103916294676
2009-06-18,69.96,0.014542045911090429,0.33105659278248767
2009-06-19,70.48,0.007405331477522987,0.3189373820704274
2009-06-22,66.13,-0.06370647994135319,0.3961163281389527
2009-06-23,66.36,0.003471963635672699,0.395718941866967
2009-06-24,68.47,0.03130122781072777,0.4054323364272052
2009-06-25,68.82,0.0050987072363626075,0.3904539017510981
2009-06-26,68.1,-0.010517187213867579,0.378704572426575
2009-06-29,69.75,0.023940207546008403,0.37899445601214005
2009-06-30,68.11,-0.02379337544824798,0.38188825902994317
2009-07-01,68.52,0.00600162820269205,0.37854957055722777
2009-07-02,65.74,-0.041418105219845826,0.39809782128460136
2009-07-06,63.12,-0.04066989169845456,0.412115060156923
2009-07-07,61.54,-0.025350306643722977,0.41863300803322967
2009-07-08,59.71,-0.030187859334994672,0.4277632293101186
2009-07-09,59.17,-0.009084853870298386,0.41772088118228295
2009-07-10,58.43,-0.012585200122257117,0.4034946875641704
2009-07-13,58.25,-0.0030853641205356966,0.3933079551145633
2009-07-14,60.48,0.03756863942546753,0.4254805038908097
2009-07-15,61.25,0.012651117553558945,0.42208786620787603
2009-07-16,62.02,0.012493064247466623,0.4086152919202494
2009-07-17,63.54,0.024212715169067037,0.41696290659687657
2009-07-20,64.64,0.017163785371469918,0.4185192733731033
2009-07-21,65.93,0.019760158912368403,0.4248155445688187
2009-07-22,65.36,-0.008683122573460994,0.3645144900590413
2009-07-23,68.06,0.04047921852101222,0.3912330087246849
2009-07-24,68.82,0.011104731296574528,0.3776774876524874
2009-07-27,69.78,0.013853035389293947,0.38030409144219507
2009-07-28,68.53,-0.018075830160895694,0.3839866428021655
2009-07-29,65.79,-0.040803754499825734,0.3989693522035214
2009-07-30,68.82,0.04502654927142766,0.4237614577730698
2009-07-31,70.08,0.018143046258801653,0.4278176353117654
2009-08-03,72.9,0.039451192386476645,0.4182286665669309
2009-08-04,73.82,0.01254105858723983,0.38439038480623317
2009-08-05,74.39,0.00769182660139757,0.3654314799847459
2009-08-06,74.61,0.0029530222801730397,0.33759000879679607
2009-08-07,74.21,-0.005375634501380861,0.3350990085390757
2009-08-10,73.79,-0.005675690911766772,0.3298409266016049
2009-08-11,71.58,-0.03040751573239559,0.35711279686242314
2009-08-12,74.03,0.03365471111712725,0.35351916906658515
2009-08-13,73.76,-0.0036538372066685187,0.35626292974698726
2009-08-14,71.33,-0.03349958295839172,0.3848180659575664
2009-08-17,68.65,-0.03829586407596659,0.40905195097944114
2009-08-18,68.66,0.0001456558155658933,0.4062237631002068
2009-08-19,72.81,0.05868652037707372,0.44695215636243535
2009-08-20,73.75,0.012827686813309534,0.4450277961715547
2009-08-21,73.71,-0.0005425200187318925,0.4270162683809125
2009-08-24,74.34,0.00851068966790883,0.42655125547186185
2009-08-25,73.1,-0.016820798113373437,0.43054432234057677
2009-08-26,70.74,-0.032817182978398286,0.44216872417989317
2009-08-27,70.68,-0.0008485363258387525,0.4148063193987231
2009-08-28,72.8,0.02955330775114459,0.39838618199385895
2009-08-31,69.02,-0.053319637532782974,0.4383408996815175
2009-09-01,68.78,-0.0034833126657371817,0.41327201898270305
2009-09-02,67.6,-0.017305021955201894,0.41227084539542275
2009-09-03,66.78,-0.012204348533409883,0.4108033994867487
2009-09-04,65.84,-0.014176078146694002,0.4108374136561286
2009-09-08,69.2,0.049773306254809434,0.4539701460357063
2009-09-09,69.76,0.008059916977100248,0.45556606412669537
2009-09-10,68.96,-0.011534153245286742,0.44567339317020693
2009-09-11,68.76,-0.002904445840788932,0.4266403097388898
2009-09-14,66.91,-0.027273747719923067,0.43450943931569097
2009-09-15,66.53,-0.005695459040929322,0.4217290066352287
2009-09-16,68.51,0.029326746261011633,0.4160800514763726
2009-09-17,71.56,0.043556538625710677,0.44272152691930466
2009-09-18,70.72,-0.011807840311130424,0.3935495574907609
2009-09-21,68.11,-0.03760437307616098,0.40906823423789457
2009-09-22,69.65,0.02235865497258785,0.41893153342467837
2009-09-23,67.43,-0.0323926774793241,0.4289839634422656
2009-09-24,64.99,-0.036856610840233214,0.4415786419694575
2009-09-25,64.6,-0.006019001117701319,0.4303824993321776
2009-09-28,65.43,0.012766458093091492,0.4343337641489075
2009-09-29,64.63,-0.01230216960684348,0.4178758495405131
2009-09-30,65.82,0.018245044240389842,0.38748248073749336
2009-10-01,67.12,0.019558318643756928,0.3947197821553525
2009-10-02,66.5,-0.00928011449714236,0.3915510300511596
2009-10-05,65.26,-0.018822656496633863,0.39464286989458286
2009-10-06,68.51,0.04860042884963309,0.42701526493856334
2009-10-07,67.65,-0.012632365398010676,0.3921452802322615
2009-10-08,68.47,0.012048338516174355,0.3935572650875644
2009-10-09,69.45,0.014211376067381319,0.39488573879957173
2009-10-12,70.75,0.01854546732299427,0.39962947757142187
2009-10-13,70.81,0.0008476971403356189,0.38587939077106914
2009-10-14,72.16,0.018885642090685648,0.3885287347705309
2009-10-15,73.14,0.013489536966867022,0.37921491381640615
2009-10-16,74.58,0.01949696202943961,0.3552886058926747
2009-10-19,75.86,0.017017161510078233,0.35523745329704143
2009-10-20,76.51,0.008531914983007616,0.32269463107980045
2009-10-21,77.74,0.015948474180316575,0.31922994016633643
2009-10-22,78.36,0.007943667652262912,0.288421026981137
2009-10-23,77.72,-0.00820096856710067,0.24750708874893385
2009-10-26,76.45,-0.016475692134167923,0.25768684066432473
2009-10-27,76.69,0.0031343894016964565,0.257611643880217
2009-10-28,75.11,-0.020817616078847433,0.26738816782184094
2009-10-29,77.18,0.0271866504115524,0.2737782829896437
2009-10-30,74.91,-0.029852963149681274,0.2988970417804758
2009-11-02,75.56,0.008639649673517427,0.2943483278818729
2009-11-03,75.68,0.0015868821103141985,0.28076766427802063
2009-11-04,78.21,0.03288359186989695,0.2556162434323459
2009-11-05,78.02,-0.002432312535009548,0.24843573532587748
2009-11-06,75.51,-0.03270010626317616,0.2825265784149831
2009-11-09,77.18,0.02187525829413855,0.2870028880778118
2009-11-10,77.07,-0.0014262563195709189,0.28346536293344116
2009-11-11,76.99,-0.0010385564999436925,0.2838109974947498
2009-11-12,75.18,-0.023790305153926133,0.29390197094461956
2009-11-13,74.81,-0.004933672251718393,0.2917105308689338
2009-11-16,77.14,0.03067038689576806,0.3029525390789826
2009-11-17,77.36,0.00284789836495712,0.2978037357396752
2009-11-18,78.64,0.016410624693872247,0.30156390502277713
2009-11-19,76.45,-0.02824354346383979,0.3131634160842884
2009-11-20,75.61,-0.011048382804892839,0.3133951365184281
2009-11-23,78.14,0.03291354005674603,0.33431575041669825
2009-11-24,75.35,-0.03635816455442012,0.35340389559469537
2009-11-25,76.57,0.016061430052527578,0.35797415992073056
2009-11-27,76.0,-0.007472014838700954,0.35115051440331296
2009-11-30,77.77,0.023022412420520746,0.3474488505459406
2009-12-01,78.68,0.011633240814006459,0.3313381872413123
2009-12-02,76.96,-0.022103187163407492,0.34094659485767065
2009-12-03,77.76,0.010341353794732751,0.3425222483745121
2009-12-04,77.74,-0.00025723472810666243,0.3226714056704299
2009-12-07,76.18,-0.020270964373618992,0.32999973387373943
2009-12-08,74.93,-0.016544616674238632,0.31493125375135833
2009-12-09,73.63,-0.017501792995593984,0.3093818234789042
2009-12-10,70.91,-0.03764108406472018,0.33273197411220934
2009-12-11,70.07,-0.011916724933462854,0.3336583049013984
2009-12-14,71.19,0.015857616733339488,0.3330205599540401
2009-12-15,71.33,0.001964637174164816,0.3332679076821656
2009-12-16,73.34,0.027789166353233214,0.329811375308738
2009-12-17,71.28,-0.028490379480626084,0.3411918028627197
2009-12-18,71.87,0.008243148317797466,0.3362029856643487
2009-12-21,72.74,0.012032508078491632,0.3289122350212374
2009-12-22,71.64,-0.01523786236633184,0.3306209637751249
2009-12-23,73.87,0.030653214348135355,0.327643824521032
2009-12-24,75.15,0.01717932465833705,0.31032800216084355
2009-12-28,76.59,0.018980403722518715,0.3124043411437302
2009-12-29,76.65,0.0007830853963210996,0.31121897943679083
2009-12-30,77.62,0.012575520622937037,0.30366551849427764
2009-12-31,77.91,0.003729188402006331,0.30104317024256727
2010-01-04,79.05,0.014526249312714288,0.2945458479503379
2010-01-05,79.27,0.002779183193583382,0.29277282628154766
2010-01-06,80.14,0.01091535835893398,0.2947601942880415
2010-01-07,80.57,0.00535126658110597,0.28414457197340764
2010-01-08,80.06,-0.006350018224676897,0.2775779300572218
2010-01-11,80.14,0.0009987516435708886,0.2674453235498359
2010-01-12,79.38,-0.009528657853079213,0.22690615665989694
2010-01-13,77.57,-0.023065692852139164,0.24049041868923712
2010-01-14,77.61,0.00051553036326724,0.23748980320108604
2010-01-15,76.85,-0.009840814881442676,0.24230673011510193
2010-01-19,75.18,-0.02197023184857279,0.24089303059477252
2010-01-20,75.09,-0.001197844024239407,0.21578141553684055
2010-01-21,74.13,-0.0128670854431642,0.22100507443104647
2010-01-22,72.73,-0.01906635450217899,0.22841755178510512
2010-01-25,72.18,-0.007590954951806824,0.2234752208029993
2010-01-26,72.63,0.006215060403434192,0.19608812700575234
2010-01-27,72.75,0.0016508464335252108,0.18521914392065894
2010-01-28,70.65,-0.029290796921065343,0.1931292974269514
2010-01-29,71.2,0.007754709287393561,0.19671073696780295
2010-02-01,71.58,0.005322886919949582,0.190751207045397
2010-02-02,73.94,0.0324382481706062,0.2275199752041856
2010-02-03,75.77,0.02444848243479611,0.23916859880366903
2010-02-04,71.3,-0.06080610852303173,0.31310049090205294
2010-02-05,70.11,-0.01683089020137397,0.3100161061325669
2010-02-08,69.62,-0.007013554835583374,0.3070721030704621
2010-02-09,70.4,0.01114138078070399,0.31341943122048693
2010-02-10,70.4,0.0,0.3131524640094103
2010-02-11,72.35,0.027322189913496053,0.3335293398590849
2010-02-12,71.49,-0.011957873298732451,0.32787496188124465
2010-02-16,74.82,0.04552764914123965,0.36987658480293856
2010-02-17,74.89,0.0009351413412757669,0.368786187569429
2010-02-18,76.61,0.022707246267453827,0.36960194067228325
2010-02-19,76.88,0.00351814813330738,0.3696261537586204
2010-02-22,76.95,0.0009100956228512615,0.366120857168946
2010-02-23,76.44,-0.006649740912815977,0.35968377139900287
2010-02-24,77.0,0.007299302481611535,0.3581838598513996
2010-02-25,74.38,-0.03461833335675991,0.3808887590718153
2010-02-26,76.36,0.026271910360622968,0.39073191949988956
2010-03-01,76.07,-0.0038050298483371667,0.37439662223350056
2010-03-02,77.5,0.018623967350091666,0.37782334935940115
2010-03-03,78.66,0.014856830644362185,0.37967102166773137
2010-03-04,77.88,-0.009965586499664506,0.36859698977979477
2010-03-05,79.2,0.016807118316381407,0.363775496897695
2010-03-08,78.94,-0.0032882285856791664,0.28432550868818074
2010-03-09,78.77,-0.0021558565194680674,0.2746060300816468
2010-03-10,80.29,0.019112866481359847,0.2744640109900606
2010-03-11,79.44,-0.01064306045967558,0.2804220944088205
2010-03-12,79.38,-0.0007555723819978567,0.2806295376828439
2010-03-15,77.08,-0.02940260380875365,0.2940769386322681
2010-03-16,79.45,0.030284049436559327,0.30324009792272866
2010-03-17,80.28,0.01039263094541246,0.26628735681798066
2010-03-18,80.09,-0.0023695215925465096,0.26691093574104546
2010-03-19,78.37,-0.021709801270817668,0.2703286733648596
2010-03-22,78.09,-0.003579193390189514,0.2706404896408778
2010-03-23,79.17,0.013735431508758618,0.27436097891917915
2010-03-24,78.03,-0.014504071054672515,0.2785650329851193
2010-03-25,78.64,0.007787107710241136,0.2787095442278033
2010-03-26,77.98,-0.008428092284459846,0.24979973374043782
2010-03-29,79.89,0.024198304939499312,0.24737882210842665
2010-03-30,79.46,-0.005396938107497795,0.24792269729117003
2010-03-31,80.37,0.011387221838174219,0.2430562817542971
2010-04-01,82.63,0.02773183848846572,0.2555856772532161
2010-04-05,84.48,0.02214200924485853,0.2602584155334006
2010-04-06,85.05,0.006724498883919286,0.25625803320571416
2010-04-07,84.49,-0.0066061346771173896,0.25760230443534665
2010-04-08,82.63,-0.022260373451660435,0.27192035733599995
2010-04-09,82.77,0.0016928661842114143,0.26493768095931314
2010-04-12,85.21,0.029053120942560226,0.2774988279945375
2010-04-13,83.44,-0.02099098714734756,0.2898398955437979
2010-04-14,85.81,0.028007739126512655,0.27853930681324357
2010-04-15,86.9,0.012622482452316742,0.26480686823271005
2010-04-16,84.81,-0.024344571897737706,0.28149863512695655
2010-04-19,83.09,-0.02048910269671865,0.29233000537471693
2010-04-20,84.73,0.019545372533482756,0.2854645793940893
2010-04-21,84.55,-0.002126654865783473,0.28504091720790364
2010-04-22,84.58,0.0003547566997533253,0.2829161623853177
2010-04-23,86.09,0.017695428625520697,0.27957140099038835
2010-04-26,86.72,0.007291277021472746,0.27950725779631935
2010-04-27,85.59,-0.013116083797817714,0.28272586132311545
2010-04-28,84.59,-0.011752397577595183,0.27845612545219267
2010-04-29,86.82,0.02602095355552417,0.2880185408928063
2010-04-30,86.19,-0.007282848212139619,0.28942121397240356
2010-05-03,88.09,0.021804857462396392,0.2837981890241291
2010-05-04,85.39,-0.031130021202189585,0.29826511427826813
2010-05-05,82.31,-0.03673639093496213,0.3237626828450651
2010-05-06,80.21,-0.025844411605719538,0.3342309177171951
2010-05-07,76.48,-0.04761892663568725,0.3634146857850066
2010-05-10,78.08,0.0207046733616912,0.3728045013456358
2010-05-11,79.0,0.011713910362184577,0.35872351085349957
2010-05-12,78.7,-0.00380469704366386,0.35312391893930534
2010-05-13,79.41,0.008981149483761903,0.3380479949850927
2010-05-14,76.43,-0.0382490156523267,0.3527294760094023
2010-05-17,73.87,-0.034068497714146405,0.36058306139307567
2010-05-18,75.12,0.01678004335936107,0.36554281551525203
2010-05-19,71.86,-0.04436705321463481,0.37871593632577494
2010-05-20,69.56,-0.03253009219929035,0.38747490594455103
2010-05-21,70.45,0.012713548858606857,0.39366787753510946
2010-05-24,69.62,-0.011851355961396345,0.3818294285775131
2010-05-25,67.18,-0.03567629819914608,0.3861409583992528
2010-05-26,70.59,0.04951290722323401,0.4412037508435588
2010-05-27,73.56,0.041212908328739487,0.47422023355635373
2010-05-28,73.0,-0.0076419585877292185,0.4590921171835384
2010-06-01,73.08,0.0010952903614147435,0.46023186217007206
2010-06-02,72.78,-0.004113539325792142,0.44777337855305005
2010-06-03,73.12,0.004660734961880847,0.4427137235014654
2010-06-04,71.84,-0.017660503151950478,0.4315709688987018
2010-06-07,71.09,-0.010494744052552466,0.4261337095999284
2010-06-08,71.43,0.004771269225489354,0.3990575721121961
2010-06-09,73.68,0.031013442780170385,0.40834534634762376
2010-06-10,74.33,0.008783246790150662,0.40716077909437826
2010-06-11,73.28,-0.014226918371327278,0.409048367090881
2010-06-14,75.11,0.024665985332045615,0.4185279482009508
2010-06-15,75.29,0.0023936181641105994,0.39815602568468883
2010-06-16,76.12,0.010963718565917858,0.38080675283541365
2010-06-17,77.52,0.018224925154561936,0.38157278546296286
2010-06-18,77.05,-0.006081405816386031,0.34487267436345087
2010-06-21,78.53,0.019026155620658628,0.32288657791061975
2010-06-22,78.08,-0.005746775281946214,0.32421857744820876
2010-06-23,75.22,-0.03731678906264673,0.3516351194635021
2010-06-24,75.17,-0.0006649378528127397,0.32191566750978634
2010-06-25,76.21,0.013740472488648384,0.28138143927033543
2010-06-28,76.66,0.0058873722743828715,0.24639330733665799
2010-06-29,74.21,-0.03248114797036684,0.2722633751122596
2010-06-30,74.94,0.009788881383499173,0.27404879245342106
2010-07-01,71.73,-0.04377872322719814,0.3151042551947391
2010-07-02,71.75,0.000278784501387278,0.31453144883853534
2010-07-06,73.08,0.01836687687007549,0.31510254398281773
2010-07-07,72.97,-0.0015063337322772726,0.31256580569967696
2010-07-08,74.56,0.021555772599807076,0.3202661293001505
2010-07-09,75.2,0.008547060578458348,0.303685862311615
2010-07-12,74.35,-0.011367558049630123,0.3051743738070511
2010-07-13,76.45,0.027853259468907276,0.3150875973374219
2010-07-14,76.63,0.002351712607241501,0.3041695853378176
2010-07-15,75.52,-0.014591123145067638,0.3088118426743115
2010-07-16,75.55,0.00039716688150340257,0.30630681877421573
2010-07-19,76.29,0.009747179383389577,0.30119148214126695
2010-07-20,76.31,0.00026212319940374114,0.30058075322403593
2010-07-21,75.75,-0.007365546912063299,0.29282704154966865
2010-07-22,77.59,0.024000108516379324,0.305523926452241
2010-07-23,77.27,-0.004132770960365509,0.27496184571611154
2010-07-26,77.9,0.008120170931210088,0.2758613486975839
2010-07-27,75.52,-0.03102843103945744,0.2942199057991179
2010-07-28,76.66,0.014982538115163755,0.298339837976747
2010-07-29,78.6,0.024991639482751786,0.2856592467162691
2010-07-30,77.5,-0.014093763075859479,0.2901749990460898
2010-08-02,81.93,0.055587287794422034,0.298423468946836
2010-08-03,83.6,0.020178295936932385,0.3012861428832193
2010-08-04,83.76,0.0019120464716256631,0.2990396181283449
2010-08-05,82.9,-0.010320504421032085,0.3035362634719137
2010-08-06,81.28,-0.019735078311077535,0.310621721613049
2010-08-09,81.54,0.003193713560935743,0.31021135366772684
2010-08-10,79.89,-0.020443008897156858,0.3173337878218932
2010-08-11,77.83,-0.026123727522653795,0.32004898022457684
2010-08-12,76.63,-0.015538315988983937,0.3249551221056304
2010-08-13,75.14,-0.019635604836490097,0.32826213640760254
2010-08-16,74.56,-0.007748869768487092,0.3292741770171421
2010-08-17,76.74,0.02881891444147041,0.3431802814364045
2010-08-18,75.1,-0.021602526048717235,0.35145318614966736
2010-08-19,74.84,-0.0034680573642000335,0.3507890555369639
2010-08-20,73.48,-0.018339241058963906,0.344010755923799
2010-08-23,73.08,-0.005458528837118989,0.34411622780441503
2010-08-24,70.61,-0.03438295398155046,0.3585433176350927
2010-08-25,70.74,0.0018394062490789782,0.34596564425153936
2010-08-26,74.5,0.0517879416081793,0.3908094306348626
2010-08-27,75.16,0.008820049159750753,0.3809605245780527
2010-08-30,76.05,0.01177184416003726,0.3812634734195855
2010-08-31,75.51,-0.007125920889967549,0.3213832645126064
2010-09-01,75.53,0.0002648305100224291,0.3097901991611827
2010-09-02,74.93,-0.007975583949137215,0.30896966570112405
2010-09-03,75.03,0.0013336891814179767,0.3092233212624354
2010-09-07,75.78,0.009946372032817424,0.30819213373371557
2010-09-08,77.48,0.022185432948340435,0.32005608685942855
2010-09-09,77.87,0.005020931050099664,0.31410093109446097
2010-09-10,77.54,-0.004246837346111649,0.3011194847995828
2010-09-13,78.52,0.012559437165477173,0.2987816996517896
2010-09-14,78.89,0.004701107698737891,0.28917821018319806
2010-09-15,78.46,-0.005465536325591782,0.2882833478585704
2010-09-16,78.89,0.005465536325591804,0.27225093734294553
2010-09-17,77.43,-0.018680174708366,0.2693237380195369
2010-09-20,79.42,0.025375923304473143,0.2809637122418406
2010-09-21,78.76,-0.008344971932180534,0.27351056312404826
2010-09-22,77.29,-0.018840672652145108,0.28268732831823806
2010-09-23,77.69,0.005161967843549569,0.24850781601410785
2010-09-24,78.73,0.013297728234046426,0.2500977879851726
2010-09-27,77.71,-0.013040327975225141,0.19157712776477823
2010-09-28,79.14,0.018234486736127507,0.19844722736454154
2010-09-29,78.79,-0.004432350699681398,0.19679578384235677
2010-09-30,80.77,0.024819524196608104,0.20947868313669135
2010-10-01,82.69,0.023493066279870363,0.22053096685553622
2010-10-04,83.42,0.00878941303472398,0.2163680173838805
2010-10-05,83.35,-0.0008394795719962453,0.21697616953360413
2010-10-06,85.01,0.019720287432464595,0.222354294984489
2010-10-07,83.67,-0.015888406321760203,0.22539295467773054
2010-10-08,83.88,0.0025067157262118516,0.22536995175013272
2010-10-11,83.08,-0.009583207025807563,0.22843056980461754
2010-10-12,82.99,-0.0010838803975549863,0.22633152206090792
2010-10-13,84.01,0.012215720766399204,0.2286800378067797
2010-10-14,83.55,-0.005490584335353135,0.22869172959260495
2010-10-15,81.94,-0.019457982922677745,0.241249363769932
2010-10-18,82.3,0.004383835564299095,0.2295160517841954
2010-10-19,81.12,-0.014441567840151041,0.22170944000536058
2010-10-20,81.68,0.006879634013537007,0.2198817198707017
2010-10-21,81.28,-0.004909190026238408,0.2084561206617819
2010-10-22,80.75,-0.006542021727405801,0.2104334364335204
2010-10-25,81.91,0.014263121424744774,0.2111212151538098
2010-10-26,82.62,0.008630698441107804,0.20507703976052566
2010-10-27,81.27,-0.016474837203505097,0.20764408805805368
2010-10-28,82.97,0.020702151911080473,0.21699893969951298
2010-10-29,82.47,-0.006044505830929903,0.20280575929524142
2010-11-01,84.06,0.019096238731706676,0.19715229093961625
2010-11-02,84.71,0.007702828866488887,0.19663150483265202
2010-11-03,85.33,0.007292434105033958,0.1978274718421283
2010-11-04,86.83,0.017426091524060373,0.19525214329242305
2010-11-05,87.05,0.0025304821416442078,0.1853417351873059
2010-11-08,87.15,0.0011481057518319265,0.18534414205448235
2010-11-09,87.93,0.008910271424880914,0.1820487074368246
2010-11-10,87.92,-0.0001137332955448697,0.1818253991576551
2010-11-11,88.08,0.001818182319058505,0.1785414752797243
2010-11-12,86.07,-0.023084573753041515,0.19754703471417417
2010-11-15,85.49,-0.006761508623240744,0.1851509961902238
2010-11-16,83.98,-0.017820734782094984,0.19716617563623212
2010-11-17,83.36,-0.007410097250990533,0.19167250057885163
2010-11-18,83.7,0.004070399490372823,0.19088699835653694
2010-11-19,83.17,-0.006352271614833484,0.1915298068472133
2010-11-22,82.34,-0.010029689538837512,0.19365125906514882
2010-11-23,82.37,0.0003642766113988059,0.1874793082309474
2010-11-24,84.53,0.02588520798767887,0.2058103471172936
2010-11-26,84.78,0.002953164983654876,0.19567472091949634
2010-11-29,85.9,0.013124163065718586,0.18817230383795697
2010-11-30,86.02,0.0013959983653803964,0.18609120131575185
2010-12-01,88.56,0.029100461044791155,0.2003478885377813
2010-12-02,89.37,0.009104766992919287,0.20086627702225418
2010-12-03,90.65,0.014220881807559418,0.20433135953511572
2010-12-06,91.25,0.006597055261740747,0.19796214522467062
2010-12-07,90.78,-0.005163995434281317,0.1996678557056521
2010-12-08,89.74,-0.01152239648048232,0.20509776970075477
2010-12-09,89.93,0.0021149893785869824,0.20330323962981928
2010-12-10,89.54,-0.004346137113604622,0.2041409401439758
2010-12-13,90.4,0.009558814585311373,0.20634339923859865
2010-12-14,90.63,0.0025410166685594085,0.18641609722350938
2010-12-15,91.33,0.007694036636897325,0.1841193203915633
2010-12-16,91.09,-0.0026312919468690845,0.16924178143013333
2010-12-17,91.11,0.00021953896904857305,0.16484093579996711
2010-12-20,91.31,0.0021927429024816434,0.1649925710511106
2010-12-21,93.11,0.01952127927218968,0.16855921310439956
2010-12-22,93.55,0.004714462819660161,0.1590499412203011
2010-12-23,93.63,0.0008547922306991307,0.1588368444686175
2010-12-27,93.08,-0.005891506516706714,0.14664215162616487
2010-12-28,93.52,0.004715978729721912,0.14652159030381656
2010-12-29,93.52,0.0,0.14401452402809506
2010-12-30,92.5,-0.010966672645433394,0.15297113631968118
2010-12-31,93.23,0.007860913790222858,0.12283762139559552
2011-01-03,95.82,0.027401873146373584,0.1489169259122617
2011-01-04,93.52,-0.024296114291163053,0.171454659246384
2011-01-05,95.07,0.016438145207126015,0.17840071688454792
2011-01-06,94.95,-0.0012630251126440825,0.176945771707878
2011-01-07,94.25,-0.007399610930174805,0.1734775837179689
2011-01-10,95.05,0.008452242606317956,0.1747606129935575
2011-01-11,96.8,0.018243925348093187,0.18080338794265238
2011-01-12,97.86,0.010890891578446284,0.18140399899177004
2011-01-13,97.86,0.0,0.1818349945150956
2011-01-14,97.86,0.0,0.18163478133210295
2011-01-18,97.83,-0.00030660739164003564,0.18085698757489033
2011-01-19,98.42,0.006012756968494704,0.18068699531155694
2011-01-20,96.27,-0.022087291647957037,0.20156637408184352
2011-01-21,96.84,0.005903388279982686,0.19240488038159542
2011-01-24,96.76,-0.0008264463280311878,0.19233028869384738
2011-01-25,96.76,0.0,0.19239517017889118
2011-01-26,96.04,-0.00746891438877399,0.19324128714719
2011-01-27,96.48,0.004570961625822774,0.19321144113829888
2011-01-28,97.06,0.005993610998194775,0.1937462912346596
2011-01-31,98.97,0.019487429931529503,0.19721298715705166
2011-02-01,100.4,0.014345433349029192,0.20038965498719244
2011-02-02,101.3,0.008924203997008868,0.18203473035555517
2011-02-03,101.69,0.0038425585484084326,0.15340111321224242
2011-02-04,99.43,-0.022475090811063737,0.17173894048294058
2011-02-07,99.44,0.00010056821047335195,0.17146370648675338
2011-02-08,99.25,-0.0019125276351559094,0.1686229279885754
2011-02-09,100.16,0.00912698778448857,0.16894087607082262
2011-02-10,100.74,0.00577403296571607,0.1595543770731187
2011-02-11,99.93,-0.008072999443806407,0.15961328040334039
2011-02-14,103.12,0.0314234177572339,0.1911446191569214
2011-02-15,102.48,-0.006225701042453104,0.19337144851287374
2011-02-16,102.78,0.002923123975604794,0.19316819720624281
2011-02-17,103.45,0.006497622627468438,0.1932912875297844
2011-02-18,102.2,-0.01215672642194797,0.18006550452508963
2011-02-22,106.82,0.04421349714202007,0.230188610099642
2011-02-23,109.77,0.027242092787600817,0.24197648292197568
2011-02-24,113.91,0.037021395212595565,0.2634296201853167
2011-02-25,111.47,-0.02165316651028857,0.27795073524156166
2011-02-28,112.27,0.0071511880691559815,0.27779920445833783
2011-03-01,113.34,0.009485466270785134,0.2778686818693983
2011-03-02,116.89,0.030841170878205613,0.28674182440776863
2011-03-03,114.42,-0.021357432779296193,0.30288662095538066
2011-03-04,115.71,0.011211172047863401,0.30324686036502435
2011-03-07,116.58,0.007490671729157659,0.30313260662774505
2011-03-08,112.32,-0.037225792339902766,0.32445887607905566
2011-03-09,115.19,0.025230998660914127,0.3305142845710553
2011-03-10,114.07,-0.009770643898608582,0.33428410067532854
2011-03-11,114.07,0.0,0.3349186802570935
2011-03-14,112.95,-0.009867052125794164,0.33951613007115744
2011-03-15,111.11,-0.016424541318094985,0.34489670709452047
2011-03-16,110.96,-0.0013509255893412687,0.33175517924385656
2011-03-17,114.18,0.028606374529537012,0.34072454288167464
2011-03-18,114.13,-0.0004380009706046177,0.34119969199277106
2011-03-21,114.92,0.006898084545580285,0.3412248366183885
2011-03-22,115.63,0.006159204029781476,0.3354667437679757
2011-03-23,115.65,0.00017295053657789033,0.30539902595801816
2011-03-24,115.41,-0.002077383245134846,0.29368466018427314
2011-03-25,115.45,0.00034653036819092507,0.26529392748007513
2011-03-28,115.95,0.004321527901036398,0.2527551492181157
2011-03-29,115.58,-0.003196132811908801,0.2525758215003533
2011-03-30,115.35,-0.001991946269869251,0.2510617797722224
2011-03-31,116.94,0.013689998127761694,0.23150360350119173
2011-04-01,118.63,0.014348422925487436,0.2228392685252729
2011-04-04,120.07,0.012065500369614757,0.22331686099503179
2011-04-05,122.87,0.023051979836853257,0.23456983228292458
2011-04-06,123.01,0.0011387670012137708,0.18513897710412594
2011-04-07,122.9,-0.0008946363087044577,0.1694284773627489
2011-04-08,126.3,0.02728901278445632,0.18215641913720207
2011-04-11,126.46,0.0012660232740216075,0.18178411616417683
2011-04-12,121.33,-0.04141194656668541,0.23818755920215426
2011-04-13,122.7,0.011228245653084138,0.2282303512497224
2011-04-14,122.74,0.0003259452440851679,0.2277412818379679
2011-04-15,124.63,0.015281050877334655,0.2144861328334476
2011-04-18,121.69,-0.023872520489576783,0.23519303991938478
2011-04-19,121.35,-0.002797895176098362,0.23559436781954154
2011-04-20,124.26,0.023697212462937534,0.2465198076594939
2011-04-21,123.64,-0.005002027371632235,0.24802786984651728
2011-04-26,124.55,0.007333124444273802,0.2476559397065682
2011-04-27,124.94,0.00312638035723441,0.24737871137323877
2011-04-28,126.59,0.013119895583313135,0.24949806102673205
2011-05-02,126.64,0.0003948979240197456,0.2484682487092642
2011-05-03,124.01,-0.020986208058075637,0.26287310627674315
2011-05-04,121.55,-0.02003650675254868,0.2721149779508164
2011-05-05,111.93,-0.08245202486095615,0.394943875870498
2011-05-06,113.69,0.015601770239838863,0.3968030152443201
2011-05-09,113.21,-0.004230945050997192,0.38567920385874194
2011-05-10,117.82,0.03991353500352327,0.4143825783058545
2011-05-11,115.66,-0.018503183363469056,0.4182340961055225
2011-05-12,112.87,-0.02441813876253715,0.4094848301488484
2011-05-13,113.08,0.0018588188578545506,0.409610703325595
2011-05-16,113.72,0.005643753957409501,0.38930717218506716
2011-05-17,109.39,-0.038819808651099616,0.4044333767242164
2011-05-18,112.54,0.028389235873433442,0.42084939302412355
2011-05-19,113.2,0.005847451763949595,0.4166140482556203
2011-05-20,111.25,-0.017376244722732977,0.41341925803126184
2011-05-23,110.13,-0.010118434869496993,0.413868046362969
2011-05-24,112.52,0.02146949744480352,0.41201533427223036
2011-05-25,114.47,0.01718179630872897,0.41893647430850467
2011-05-26,115.06,0.005140951504762527,0.41827935260866633
2011-05-27,114.85,-0.0018268023000401633,0.4176011507097356
2011-05-31,117.18,0.020084284981535458,0.42187565407922817
2011-06-01,116.15,-0.008828754900224457,0.4219635538982225
2011-06-02,114.3,-0.01605588841565326,0.4198203087219411
2011-06-03,115.09,0.006887860179634804,0.4171185130928679
2011-06-06,115.4,0.002689923093599565,0.2994163422590241
2011-06-07,116.14,0.0063920058699046154,0.29560860294331587
2011-06-08,118.43,0.019525708789499854,0.30168898393488763
2011-06-09,119.95,0.012752920552299965,0.27206453914604206
2011-06-10,118.71,-0.010391445220260991,0.2661803313505632
2011-06-13,120.49,0.014883217869742482,0.2529347549220963
2011-06-14,120.35,-0.0011625977061041467,0.25333944616979925
2011-06-15,114.67,-0.048345726178867905,0.3090591061404873
2011-06-16,114.69,0.0001743983262181452,0.27427794280522405
2011-06-17,113.74,-0.008317694497777486,0.2592697236074822
2011-06-20,112.21,-0.013543026201878729,0.2629109631872508
2011-06-21,112.02,-0.0016946888950886705,0.2556789879238322
2011-06-22,113.59,0.01391804746164415,0.2568596750954809
2011-06-23,108.27,-0.04796736692052339,0.29806821665035904
2011-06-24,104.79,-0.03266975983595653,0.3078614780673029
2011-06-27,104.57,-0.002101643876353039,0.30610776025766034
2011-06-28,107.57,0.028285094833416593,0.32657432959324617
2011-06-29,111.49,0.035793102335565964,0.3446694619408111
2011-06-30,111.71,0.00197132680327682,0.34414966651430384
2011-07-01,109.82,-0.017063565732030397,0.3446908209716039
2011-07-05,113.21,0.030401839239291458,0.3614640822471488
2011-07-06,113.55,0.002998767461549395,0.36150306594891146
2011-07-07,117.4,0.033343638842428636,0.3798225427840566
2011-07-08,117.4,0.0,0.37347751217751674
2011-07-11,117.35,-0.00042598509696363713,0.3703999980912265
2011-07-12,117.36,8.521153769375639e-05,0.36884322194765823
2011-07-13,118.46,0.00932921701409284,0.3664098661591877
2011-07-14,117.38,-0.009158815718630649,0.3675522990145636
2011-07-15,118.06,0.005776434682354857,0.3254694443113379
2011-07-18,117.05,-0.008591775875623582,0.3272926229613366
2011-07-19,118.18,0.009607691980608877,0.3267734615946071
2011-07-20,118.52,0.002872836787835858,0.3219593707455299
2011-07-21,118.25,-0.0022806953333220953,0.3220643655491112
2011-07-22,118.99,0.00623842859501972,0.31974746738646564
2011-07-25,118.27,-0.006069309704036568,0.2651853675585143
2011-07-26,118.14,-0.001099784383936274,0.2300991689738292
2011-07-27,117.99,-0.0012704867672613273,0.2297613964415881
2011-07-28,118.16,0.0014397631112964872,0.2149257930496273
2011-07-29,115.93,-0.019053077540814155,0.19748358676983696
2011-08-01,116.37,0.003788209437675382,0.19759679937710697
2011-08-02,116.02,-0.0030121800820672997,0.18623253982742735
2011-08-03,113.74,-0.019847448159264675,0.1726174125626315
2011-08-04,110.22,-0.03143677342356424,0.20400292830874286
2011-08-05,106.92,-0.030397477184371045,0.18584015908903714
2011-08-08,103.06,-0.03676954837064004,0.2159508096753977
2011-08-09,103.63,0.005515520296047666,0.21891420369857204
2011-08-10,103.84,0.00202438975965394,0.21968624140740214
2011-08-11,107.82,0.03761191706774266,0.2620384029667095
2011-08-12,108.17,0.0032408936186756865,0.26276916657735727
2011-08-15,108.89,0.0066341347157714515,0.26318323757128587
2011-08-16,109.69,0.007320007065273049,0.2653344737265434
2011-08-17,111.37,0.015199785981766186,0.26938330539942107
2011-08-18,108.36,-0.027398974188114503,0.28145412118774105
2011-08-19,109.37,0.009277612130240148,0.2853039142574512
2011-08-22,108.83,-0.004949597639164138,0.28300789938280707
2011-08-23,110.35,0.013870100994775092,0.28974184376805756
2011-08-24,111.91,0.0140378441271905,0.29587101642788577
2011-08-25,111.91,0.0,0.2959745710198587
2011-08-26,112.29,0.003389833754511524,0.29638005072161355
2011-08-30,115.59,0.028964636721728672,0.3088535549581719
2011-08-31,116.48,0.007670137142199868,0.3097670297934908
2011-09-01,116.43,-0.00042935039945118095,0.30957500191547305
2011-09-02,115.92,-0.0043899360364977194,0.3015083762781591
2011-09-06,113.29,-0.022949395127029683,0.2912981447557175
2011-09-07,117.5,0.03648743069881642,0.2917152111577071
2011-09-08,117.99,0.004161541527614063,0.2502818102346081
2011-09-09,115.1,-0.02479855938399094,0.27272017681714045
2011-09-12,114.75,-0.0030454667871823277,0.27397946249946725
2011-09-13,114.08,-0.005855892274668723,0.24849474732089574
2011-09-14,113.1,-0.008627573543911067,0.25154411840314783
2011-09-15,116.71,0.03141984230218762,0.27104337241909127
2011-09-16,116.26,-0.0038631631510576726,0.27172245481615304
2011-09-19,112.89,-0.029415168999748918,0.28938607327024973
2011-09-20,114.39,0.013199769264126502,0.2735532874234753
2011-09-21,114.26,-0.0011371092412655918,0.27271759456116723
2011-09-22,109.21,-0.04520391908667957,0.3177319501955482
2011-09-23,109.17,-0.00036633391745880017,0.31379808839124584
2011-09-26,107.9,-0.011701428028089121,0.31141923108529723
2011-09-27,109.54,0.015084907091486247,0.3168171875985018
2011-09-28,108.52,-0.009355291564844397,0.3176574845805044
2011-09-29,107.08,-0.013358269138579171,0.29962434048247527
2011-09-30,105.42,-0.015623847225090897,0.29940939780272435
2011-10-03,103.61,-0.01731852116340045,0.30204249460079957
2011-10-04,101.84,-0.01723089601450929,0.30468233401113864
2011-10-05,103.77,0.018773957368035832,0.30996033724250915
2011-10-06,104.38,0.00586117459808006,0.2755809596622822
2011-10-07,106.56,0.020670120576811966,0.2886036659264103
2011-10-10,109.49,0.027125014093254525,0.2992410228199274
2011-10-11,109.22,-0.0024690241613258765,0.29923151927916763
2011-10-12,112.44,0.029055549314323453,0.31793486621934003
2011-10-13,112.45,8.893236699350072e-05,0.3166238639416099
2011-10-14,114.33,0.01658032514855391,0.3017299064686491
2011-10-17,112.92,-0.012409400168589954,0.30420073839872
2011-10-18,112.08,-0.007466701356537079,0.28777957618452205
2011-10-19,111.76,-0.0028591870800451333,0.2836040180738882
2011-10-20,109.0,-0.025005832719562766,0.29544131431678866
2011-10-21,111.6,0.02357316771806681,0.2638030023174639
2011-10-24,111.67,0.0006270435104903454,0.2637591497589048
2011-10-25,112.11,0.003932438707801509,0.25974425141851093
2011-10-26,110.43,-0.015098696106462682,0.2613657344558634
2011-10-27,112.45,0.01812684234628526,0.26576190455378357
2011-10-28,110.01,-0.02193740765398031,0.2734352316995358
2011-10-31,108.43,-0.014466467267253803,0.272561411978427
2011-11-01,106.97,-0.013556382166051189,0.26961189422906345
2011-11-02,110.82,0.03535884212116406,0.2846563613931239
2011-11-03,110.76,-0.0005415651364423556,0.2798691930167903
2011-11-04,112.22,0.013095532020064828,0.28188189674667163
2011-11-07,114.75,0.022294618617828627,0.2831855753864314
2011-11-08,115.61,0.007466608746575857,0.27044553099842117
2011-11-09,115.29,-0.0027717644423680067,0.2705189094201724
2011-11-10,113.32,-0.017235018282546616,0.26077723706106753
2011-11-11,114.43,0.00974760736730763,0.262784199304853
2011-11-14,112.57,-0.016388031962910887,0.26270525034949843
2011-11-15,111.9,-0.005969635048832978,0.26003414792523577
2011-11-16,111.91,8.936151205615304e-05,0.25877288898667716
2011-11-17,109.25,-0.024056142854236268,0.2717421601007497
2011-11-18,107.82,-0.013175663952176897,0.2615166460633913
2011-11-21,105.98,-0.017212772958906556,0.2521735583136901
2011-11-22,107.77,0.016748929544124175,0.26070072880909434
2011-11-23,106.83,-0.008760540650944247,0.26095766903587886
2011-11-25,106.08,-0.00704525952024364,0.2574474398056109
2011-11-28,109.38,0.030634531481074187,0.27289770039535116
2011-11-29,111.25,0.016951863127722858,0.2690995425840978
2011-11-30,111.22,-0.00026969928693168976,0.26356533942235677
2011-12-01,108.83,-0.021723190051447662,0.27075076778222107
2011-12-02,109.59,0.006959097767330521,0.2413848011435961
2011-12-05,110.18,0.005369262569269776,0.24224858101958027
2011-12-06,110.16,-0.0001815376241711207,0.2373490261265943
2011-12-07,110.07,-0.0008173273850990331,0.22191395940864567
2011-12-08,108.23,-0.01685793472824519,0.2248415147874892
2011-12-09,107.91,-0.002961045931412832,0.22483855282532533
2011-12-12,107.82,-0.0008343763521196721,0.21899526304005223
2011-12-13,109.25,0.013175663952176977,0.2216904963918242
2011-12-14,105.72,-0.032844744239611104,0.2414083797047225
2011-12-15,104.52,-0.011415649083676769,0.24298744035339156
2011-12-16,104.0,-0.004987541511039051,0.24274493500950864
2011-12-19,104.55,0.0052745267332697885,0.23248213874833576
2011-12-20,107.8,0.030612232600254127,0.25461412947655543
2011-12-21,108.0,0.0018535686493228347,0.2468291955897793
2011-12-22,108.98,0.009033152030732532,0.24198604351574243
2011-12-23,109.28,0.0027490166675276447,0.23969097561170735
2011-12-28,107.54,-0.01605052444094789,0.24549690422451087
2011-12-29,106.89,-0.006062603095677675,0.2206830513438276
2011-12-30,108.09,0.011163945142257175,0.21557028204407866
2012-01-03,111.12,0.027646485017976764,0.2379031021445184
2012-01-04,113.37,0.02004610758341896,0.23390923754354168
2012-01-05,113.59,0.0019386682138228725,0.23319901268230078
2012-01-06,111.96,-0.014453809596077602,0.2393069863887404
2012-01-09,111.07,-0.00798103146822407,0.24121255332677485
2012-01-10,113.3,0.01987853485493207,0.2503851886188802
2012-01-11,111.66,-0.014580628151746291,0.24841194021276503
2012-01-12,112.97,0.011663756856623025,0.2502724113053769
2012-01-13,109.88,-0.02773343551176427,0.27085743654012795
2012-01-17,110.55,0.0060790460763821925,0.26790483010188615
2012-01-18,109.81,-0.00671630769383341,0.24076600333376375
2012-01-19,109.54,-0.0024618202540465355,0.23653053917825442
2012-01-20,108.5,-0.009539606375061066,0.23879642937130188
2012-01-23,109.46,0.008809012735257894,0.23971604229663707
2012-01-24,108.38,-0.009915615577803944,0.2194117171066219
2012-01-25,108.48,0.0009222540541173021,0.21934995999288845
2012-01-26,109.08,0.0055157337853022625,0.2179011259780154
2012-01-27,110.5,0.01293396298041971,0.22230621443293175
2012-01-30,110.24,-0.002355713692459148,0.21435716252282444
2012-01-31,110.26,0.00018140589618916586,0.21278416637482825
2012-02-01,111.96,0.015300451485715056,0.21562021610131046
2012-02-02,110.96,-0.008971888640676665,0.19651209503740888
2012-02-03,112.56,0.014316636799557466,0.19001765245141528
2012-02-06,115.47,0.02552434315763072,0.21008884831873004
2012-02-07,116.86,0.011965881162526585,0.20583949663236464
2012-02-08,117.18,0.002734576990351577,0.20258786160089606
2012-02-09,118.4,0.010357508333262749,0.19486409256533802
2012-02-10,118.13,-0.0022830094894768674,0.1860604867824843
2012-02-13,118.73,0.0050662947172723325,0.18343280076529475
2012-02-14,118.3,-0.003628236693359818,0.14944939884678263
2012-02-15,120.25,0.01634913800152941,0.15576959338661536
2012-02-16,121.0,0.006217636610870582,0.15092102407248426
2012-02-17,120.69,-0.002565270966934561,0.1509826092348877
2012-02-21,120.85,0.001324832519685508,0.14260648900217454
2012-02-22,123.07,0.018203192034753318,0.1492172057310169
2012-02-23,124.53,0.011793351548811825,0.13944043126930983
2012-02-24,124.89,0.0028866991419366295,0.13859349449748998
2012-02-27,126.46,0.012492702755473378,0.13993810792571568
2012-02-28,124.02,-0.0194832097087352,0.16546441429902517
2012-02-29,122.23,-0.01453832713256046,0.1776798285031634
2012-03-01,125.76,0.02847081289172496,0.19441721411208987
2012-03-02,125.93,0.0013508683368586777,0.1922404715236314
2012-03-05,126.68,0.00593802465268408,0.18479515358032694
2012-03-06,125.03,-0.01311051316353078,0.1940149967500999
2012-03-07,125.37,0.0027156566210254957,0.1791355231546842
2012-03-08,127.96,0.020448349953383422,0.18620811221842234
2012-03-09,128.08,0.0009373536071422306,0.18650488066338183
2012-03-12,127.27,-0.006344254684503679,0.1885597152426025
2012-03-13,128.14,0.006812602206919608,0.18771184713146793
2012-03-14,126.98,-0.00909382246857156,0.19291478748906257
2012-03-15,123.63,-0.026736359723468193,0.2181732540558371
2012-03-16,125.09,0.011740244207814316,0.2149403384060578
2012-03-19,125.76,0.005341850454246556,0.21473891554481325
2012-03-20,124.38,-0.011033933005153304,0.2188903599504536
2012-03-21,123.89,-0.003947320548095663,0.21968398684256538
2012-03-22,122.49,-0.011364681128053491,0.2146398745402628
2012-03-23,125.21,0.021962933681262176,0.2244800477615062
2012-03-26,125.85,0.005098393900468559,0.22493649612898955
2012-03-27,125.25,-0.004778981616350692,0.22112770661896652
2012-03-28,124.41,-0.006729177038574527,0.21150569048831114
2012-03-29,123.23,-0.009530034976367834,0.20780258961141376
2012-03-30,123.41,0.0014596175150603536,0.18116761310657784
2012-04-02,124.44,0.008311526564344121,0.18384131011998078
2012-04-04,123.04,-0.011314166272102341,0.18585285492610015
2012-04-05,123.58,0.004379213875499616,0.18178426131333753
2012-04-10,121.89,-0.013769720965088418,0.18694330239676996
2012-04-11,120.41,-0.012216412763617446,0.1726734153335437
2012-04-12,120.57,0.0013279112250916838,0.17278792331435594
2012-04-13,120.62,0.00041461089362135616,0.1726654579532264
2012-04-16,118.23,-0.020013228147818713,0.17920914148638695
2012-04-17,117.41,-0.006959797232901564,0.17857112830824767
2012-04-18,115.18,-0.01917596056359413,0.16790054813480165
2012-04-19,117.0,0.01567781271922979,0.17284708730166545
2012-04-20,118.08,0.00918842605440617,0.17572732006623418
2012-04-23,116.66,-0.012098639526670828,0.1763780965053184
2012-04-24,117.74,0.009215082274623832,0.18135882022940977
2012-04-25,117.45,-0.0024660924951934427,0.17842775181180642
2012-04-26,119.33,0.015880053276642592,0.16913637640565568
2012-04-27,119.3,-0.0002514352776939124,0.16719578055463885
2012-04-30,118.66,-0.00537906827337325,0.16730968232800458
2012-05-01,119.57,0.0076397131009914255,0.17019241692599021
2012-05-02,117.57,-0.016868073051838805,0.1761376948441902
2012-05-03,115.91,-0.014219872978996143,0.18031428724821572
2012-05-04,111.66,-0.037355488018439215,0.21104050837762575
2012-05-08,110.48,-0.010624030781177657,0.21080034680887277
2012-05-09,111.89,0.012681736718593087,0.21737748864649076
2012-05-10,112.24,0.003123189974575727,0.2164025355402517
2012-05-11,112.5,0.0023137858502694673,0.21524064855330952
2012-05-14,110.79,-0.015316704111893288,0.2184922913669006
2012-05-15,111.4,0.005490809960602221,0.2204913402426523
2012-05-16,109.8,-0.01446679841775349,0.2161425084772686
2012-05-17,109.31,-0.004472646769686114,0.21581560381464196
2012-05-18,108.03,-0.01177891597685057,0.21045900143434293
2012-05-21,109.02,0.009122385307241219,0.20424154414852644
2012-05-22,109.76,0.0067648123414403094,0.2025301436173855
2012-05-23,106.88,-0.02658945418923961,0.2160688768267035
2012-05-24,107.2,0.002989538848365986,0.2122523123562065
2012-05-25,107.86,0.006137841272379274,0.21534381545332631
2012-05-29,107.55,-0.002878234195341909,0.20290744523899545
2012-05-30,103.85,-0.03500830539161776,0.22705310175409849
2012-05-31,103.86,9.628809405154225e-05,0.22821468932982922
2012-06-01,98.63,-0.0516683634502708,0.2709098911251928
2012-06-04,97.74,-0.009064583123893393,0.26945998768472
2012-06-05,98.65,0.009267340626615805,0.2757143504290338
2012-06-06,101.14,0.02492746318321248,0.27566013790561633
2012-06-07,100.05,-0.01083563462209458,0.27571828764557044
2012-06-08,97.57,-0.025099991909883768,0.2767307017157463
2012-06-11,98.6,0.010501192488731135,0.2811160766948092
2012-06-12,96.59,-0.02059604541738512,0.28359601234285226
2012-06-13,97.29,0.007220992796131693,0.28626343421167827
2012-06-14,96.46,-0.00856779434651058,0.2831626458959931
2012-06-15,97.13,0.006921872773413319,0.2856032153019333
2012-06-18,95.21,-0.019965309116639168,0.289682905151476
2012-06-19,95.14,-0.0007354872934644893,0.2897098935832502
2012-06-20,93.5,-0.017388054709494154,0.2867560837671536
2012-06-21,89.22,-0.04685620659452261,0.3125846681131756
2012-06-22,89.22,0.0,0.3082007455993926
2012-06-25,88.69,-0.005958086311757785,0.30550808932569923
2012-06-26,90.19,0.0167714127892559,0.31425387875074584
2012-06-27,92.06,0.02052198221147854,0.32962567202408494
2012-06-28,91.02,-0.011361275800599592,0.3145069296644357
2012-06-29,94.17,0.03402239693347613,0.3437691564732759
2012-07-02,95.28,0.011718265525072845,0.30217441640676845
2012-07-03,99.89,0.047249655497013605,0.3447264749383373
2012-07-05,101.54,0.016383228975189866,0.3477355275923124
2012-07-06,98.5,-0.030396261341205173,0.35328839691036223
2012-07-09,99.94,0.014513457738015824,0.35553676487938835
2012-07-10,99.15,-0.007936150950253846,0.3451199047279016
2012-07-11,99.23,0.0008065329603451643,0.3433030250356039
2012-07-12,99.18,-0.0005040068651622872,0.33484251209716354
2012-07-13,101.91,0.02715368977961437,0.3462390204236708
2012-07-16,102.1,0.0018626543300175357,0.3440265660631589
2012-07-17,104.21,0.020455368833716132,0.34927062619215915
2012-07-18,105.92,0.016275998184361977,0.34125854063261435
2012-07-19,107.79,0.01750079760483903,0.34318708311602447
2012-07-20,106.98,-0.0075429886904330255,0.3363803823833104
2012-07-23,103.91,-0.029116761238548738,0.3051470302665923
2012-07-24,103.57,-0.0032774272637678694,0.30633815080248955
2012-07-25,102.35,-0.011849400493488944,0.3101587852235764
2012-07-26,104.77,0.023369159257575007,0.3136481184787585
2012-07-27,106.3,0.014497813983028724,0.311092373970985
2012-07-30,106.54,0.0022552161409508673,0.3045568042470745
2012-07-31,105.93,-0.005742002880448331,0.2918037417045965
2012-08-01,106.78,0.007992144463635352,0.29110458696909114
2012-08-02,107.55,0.007185212641698812,0.24855151916158957
2012-08-03,109.57,0.01860775870356282,0.2501168105155155
2012-08-06,110.01,0.0040076563340426,0.21740940588026195
2012-08-07,112.39,0.021403694778831337,0.22235740674903326
2012-08-08,113.42,0.009122777055706185,0.2170711984355001
2012-08-09,113.52,0.000881290265905239,0.21704706650673938
2012-08-10,113.13,-0.0034414329134117377,0.21845941429405946
2012-08-13,114.48,0.011862535309820166,0.20611119852972745
2012-08-14,113.9,-0.0050792647950589805,0.2090530103911987
2012-08-15,115.51,0.014036235847452457,0.20428210471984398
2012-08-16,116.12,0.005267032855840121,0.20007547769775935
2012-08-17,115.2,-0.00795439089463829,0.19846402177101774
2012-08-20,115.5,0.0026007817000574403,0.19464139025767152
2012-08-21,116.03,0.004578248397605938,0.15390794442094544
2012-08-22,115.77,-0.002243314141816984,0.15322589493618075
2012-08-23,117.45,0.014407246887284833,0.14283589335837774
2012-08-24,115.76,-0.014493628781693309,0.14683404386544965
2012-08-27,113.74,-0.017603940444574907,0.16137204680484069
2012-08-28,112.62,-0.009895822052181091,0.16765610143546567
2012-08-29,112.53,-0.0007994670645668093,0.16540063183652293
2012-08-30,112.28,-0.002224101268223924,0.16520664898655127
2012-08-31,113.93,0.014588473216342731,0.16983883370424585
2012-09-04,114.98,0.009173975485120472,0.16168463598951138
2012-09-05,113.32,-0.014542525232829161,0.17167008173297715
2012-09-06,114.5,0.010359148031978637,0.15928013189354334
2012-09-07,113.64,-0.0075392660083071885,0.15888056863920974
2012-09-10,113.84,0.0017583967956096619,0.15896448191704568
2012-09-11,114.86,0.008920041654553455,0.16121285740258678
2012-09-12,114.86,0.0,0.1560388458185196
2012-09-13,116.0,0.009876195670214196,0.15829838112386316
2012-09-14,117.48,0.01267791522405478,0.15693897139354107
2012-09-17,116.7,-0.006661567037909071,0.1581016581074619
2012-09-18,113.29,-0.029655636407113082,0.18742262644826127
2012-09-19,108.49,-0.043292900051038065,0.2376413176982962
2012-09-20,109.41,0.008444290654339324,0.2395605538595433
2012-09-21,111.27,0.016857386680910545,0.24906631142227217
2012-09-24,109.2,-0.018778616858804453,0.24823836109872405
2012-09-25,110.77,0.014274916218036752,0.25211255288940015
2012-09-26,108.99,-0.016199844627621196,0.25106922496557854
2012-09-27,111.45,0.022319924930657643,0.2628789937476215
2012-09-28,111.36,-0.0008078632457684044,0.2628791169601743
2012-10-01,112.58,0.010895883449770983,0.26570707255122455
2012-10-02,112.49,-0.0007997512311460279,0.26044946762219395
2012-10-03,109.32,-0.02858496774486728,0.2750221091215544
2012-10-04,110.48,0.01055514804116953,0.2748064323554767
2012-10-05,112.17,0.015181068556095405,0.2778546640644036
2012-10-08,112.6,0.0038261380484579505,0.2772622814925689
2012-10-09,114.32,0.015159817916022052,0.28243803009428314
2012-10-10,116.11,0.015536484017302817,0.2859203365133888
2012-10-11,116.18,0.0006026949254716203,0.2859142693642659
2012-10-12,115.17,-0.00873141488357045,0.28552753213108806
2012-10-15,115.0,-0.001477169317565969,0.28157783613708937
2012-10-16,115.0,0.0,0.280839572684149
2012-10-17,113.49,-0.013217401050202578,0.26479853234249545
2012-10-18,112.58,-0.00805064727716702,0.2156368124506507
2012-10-19,111.89,-0.006147834216250711,0.21586395095432662
2012-10-22,109.62,-0.02049640620165938,0.22017604334307408
2012-10-23,107.53,-0.019249961215535426,0.22066888315507538
2012-10-24,107.66,0.001208234730376208,0.2140128888101225
2012-10-25,107.64,-0.00018578727410612568,0.20709576606493935
2012-10-26,108.9,0.011637704080209829,0.19516623831041727
2012-10-29,109.33,0.00394080150747859,0.19594815542826627
2012-10-30,109.4,0.0006400585414875158,0.19135161532355074
2012-10-31,109.89,0.004468975470951825,0.19241499149463032
2012-11-01,108.84,-0.009600951543787135,0.1679463958381206
2012-11-02,106.79,-0.019014624731591743,0.1751486490258043
2012-11-05,105.59,-0.011300619365030847,0.16697900533650406
2012-11-06,109.27,0.034258213764230855,0.21008844801589405
2012-11-07,108.21,-0.009748099999096685,0.20290200409150072
2012-11-08,107.23,-0.009097723351502898,0.19282858038815148
2012-11-09,108.61,0.012787424059890272,0.20078063297855753
2012-11-12,110.23,0.014805607683279477,0.2090093321723175
2012-11-13,108.82,-0.01287395091744489,0.2122927629552076
2012-11-14,109.66,0.007689528918123062,0.21514520481858354
2012-11-15,110.07,0.00373185705939787,0.21226499183515504
2012-11-16,106.81,-0.030064971933696238,0.23351629314874664
2012-11-19,110.06,0.029974116530008667,0.25859573670856956
2012-11-20,110.01,-0.0004544008802683636,0.2484686276207236
2012-11-21,110.81,0.007245752196889667,0.23915470085369017
2012-11-23,110.14,-0.006064739113898674,0.24056292161684348
2012-11-26,110.18,0.0003631082102351043,0.2405339146234078
2012-11-27,109.33,-0.007744560598177144,0.23921299164697984
2012-11-28,108.26,-0.009835090077561545,0.24124105027222648
2012-11-29,110.47,0.02020824951535179,0.25167197712358386
2012-11-30,110.84,0.0033437291105940263,0.2514764354489798
2012-12-03,111.27,0.0038719601748313025,0.2490376928951529
2012-12-04,109.99,-0.011570227600583858,0.24273530140090277
2012-12-05,108.96,-0.009408610167823104,0.2415730750839823
2012-12-06,108.01,-0.008757026970819346,0.21224425705710953
2012-12-07,107.16,-0.007900770753974903,0.21133027788990483
2012-12-10,108.25,0.010120322206191188,0.21192303836247275
2012-12-11,107.6,-0.006022719154915214,0.20810932490210196
2012-12-12,110.17,0.023603979624289503,0.2182195076686428
2012-12-13,110.18,9.076469259700189e-05,0.21316465724667866
2012-12-14,109.28,-0.008201996222090599,0.21360503694915803
2012-12-17,109.35,0.0006403513002968769,0.2131623538437539
2012-12-18,109.96,0.005562916174268149,0.18427672376868154
2012-12-19,109.95,-9.094629627467827e-05,0.15213100593036283
2012-12-20,110.57,0.005623087553540169,0.15337787742374234
2012-12-21,109.13,-0.013108972429311975,0.15780983459864584
2012-12-24,108.44,-0.006342807494533621,0.157931224344442
2012-12-26,110.72,0.02080746723889466,0.1747187074961219
2012-12-27,110.04,-0.00616055581298563,0.17389164259282536
2012-12-28,110.05,9.08719160967702e-05,0.1699511843715809
2012-12-31,110.8,0.006791966340712702,0.15644541692538627
2013-01-02,112.98,0.019484037583932665,0.17001036956907775
2013-01-03,113.03,0.00044245830552366633,0.16967243331730827
2013-01-04,112.58,-0.003989190166759269,0.16469739117187077
2013-01-07,112.49,-0.0007997512311460279,0.16041509929196526
2013-01-08,113.03,0.004788941397905273,0.15629256927506435
2013-01-09,113.07,0.0003538257445140146,0.15215630118052043
2013-01-10,112.97,-0.0008847992083162819,0.15002397248129754
2013-01-11,110.3,-0.023918370479380602,0.17315551737979448
2013-01-14,111.32,0.009205010398233264,0.1559943023748285
2013-01-15,111.72,0.0035868044192859418,0.15634999692001206
2013-01-16,110.97,-0.006735846564503645,0.15538229291758965
2013-01-17,111.01,0.00036039283208360006,0.15538737234212752
2013-01-18,111.71,0.006285940238201113,0.15569134197035328
2013-01-22,112.72,0.009000640007667813,0.15823583070008895
2013-01-23,113.68,0.008480616198420573,0.15954987435552592
2013-01-24,114.59,0.007973056649511591,0.15206404716715835
2013-01-25,113.88,-0.006215278028520124,0.15197307051286288
2013-01-28,113.92,0.00035118525382882456,0.13635495027416214
2013-01-29,115.22,0.01134689664057144,0.137674453731979
2013-01-30,115.42,0.0017343049785833755,0.13747622614580488
2013-01-31,115.55,0.00112568743756938,0.13652514816588077
2013-02-01,115.55,0.0,0.12086967226590606
2013-02-04,116.06,0.004403962042072455,0.12138799494339107
2013-02-05,117.03,0.008323013424212575,0.12217022779442617
2013-02-06,116.61,-0.0035952786544333564,0.12331152025697312
2013-02-07,117.17,0.004790838147822676,0.123312116601047
2013-02-08,118.9,0.014656932016672035,0.13103790558813966
2013-02-11,118.29,-0.0051435671390906235,0.13319335768669213
2013-02-12,117.89,-0.003387250253609451,0.09638501143873299
2013-02-13,118.43,0.0045700824293675914,0.09403642251463713
2013-02-14,118.48,0.000422101226139719,0.09440395870852397
2013-02-15,117.4,-0.009157262565547233,0.09779668180336124
2013-02-19,117.04,-0.0030711506821272513,0.09953028807567271
2013-02-20,116.23,-0.006944770056252318,0.10368650970179295
2013-02-21,114.19,-0.017707258942059968,0.12051592139843217
2013-02-22,113.74,-0.0039485858349030635,0.1179614192289585
2013-02-25,114.55,0.007096267020850984,0.1172540457645824
2013-02-26,112.96,-0.013977635154572642,0.12523613152553506
2013-02-27,112.24,-0.006394337950726476,0.12690451987411072
2013-02-28,112.2,-0.0003564427056094528,0.11913542353413782
2013-03-01,110.14,-0.018530709254260574,0.13262628573762267
2013-03-04,109.9,-0.002181422424759703,0.13206564113244978
2013-03-05,110.42,0.004720415446322933,0.1341368583370697
2013-03-06,110.27,-0.0013593730853114839,0.13205152483781096
2013-03-07,110.42,0.001359373085311497,0.12700912842926038
2013-03-08,108.91,-0.013769423768303549,0.13261013316289466
2013-03-11,108.64,-0.0024821892772090557,0.12940607397007334
2013-03-12,108.48,-0.0014738396183005527,0.11156729255450316
2013-03-13,107.51,-0.008981957694948754,0.11269041245501515
2013-03-14,108.1,0.005472858148025783,0.11790172620794105
2013-03-15,109.32,0.011222636414704633,0.12605608741065397
2013-03-18,108.54,-0.007160592424608356,0.12558312048892065
2013-03-19,106.91,-0.01513140960985035,0.13019152469224013
2013-03-20,108.27,0.012640748297398436,0.14304180983486603
2013-03-21,106.41,-0.017328549869166716,0.15033814814643176
2013-03-22,106.51,0.0009393200014342201,0.14292836970869738
2013-03-25,106.66,0.0014073277173816644,0.14383079446250674
2013-03-26,107.1,0.004116772281246811,0.14153172237139747
2013-03-27,108.51,0.013079357178413359,0.14652368090461332
2013-03-28,108.46,-0.0004608932192017436,0.145676790604444
2013-04-01,108.76,0.002762178351355405,0.14641936199294908
2013-04-02,109.66,0.00824105021163237,0.1361544328691607
2013-04-03,107.82,-0.016921499952379813,0.14791315936918348
2013-04-04,105.09,-0.02564604414601747,0.16921956010719272
2013-04-05,103.98,-0.010618552921935373,0.1715561853065892
2013-04-08,103.16,-0.007917391942425729,0.17173413185505698
2013-04-09,104.08,0.008878653191105904,0.17215559753170548
2013-04-10,104.8,0.0068939376826920385,0.17497539024435757
2013-04-11,103.62,-0.01132341050029951,0.17810401896157133
2013-04-12,100.58,-0.02977693064282358,0.20117972267050016
2013-04-15,99.32,-0.012606470103852897,0.2011383524284953
2013-04-16,97.88,-0.014604722065494876,0.1962947383023828
2013-04-17,96.84,-0.01068210650461308,0.1971009228387176
2013-04-18,97.48,0.006587096687147806,0.19799040162994183
2013-04-19,98.94,0.014866377042556918,0.20053734085466154
2013-04-22,99.07,0.0013130651853763375,0.19560365104708444
2013-04-23,99.25,0.0018152485823610075,0.19587203851663923
2013-04-24,100.71,0.01460318009275333,0.20503978284898472
2013-04-25,101.62,0.008995266505532756,0.20777163942763166
2013-04-26,102.39,0.007548685421139591,0.20338294769725473
2013-04-29,102.88,0.004774208902583758,0.2049326563573254
2013-04-30,101.53,-0.01320893917617785,0.20720601931509947
2013-05-01,98.34,-0.031923459329337996,0.22502439688925344
2013-05-02,100.32,0.01993421490081711,0.23672496310091098
2013-05-03,104.6,0.04177847474621206,0.269906971162987
2013-05-06,105.0,0.003816798526700811,0.2675230140989537
2013-05-07,105.18,0.001712818003674825,0.265795488946058
2013-05-08,103.79,-0.0133035411840005,0.2685236250899867
2013-05-09,103.59,-0.0019288269071870046,0.26735133452462284
2013-05-10,101.31,-0.02225567700442465,0.27545976802633326
2013-05-13,102.17,0.008452969537746194,0.2564444748798197
2013-05-14,102.7,0.005174024331180198,0.25213944869985666
2013-05-15,101.57,-0.011063900983102873,0.24955840471609042
2013-05-16,104.27,0.026235472850091996,0.2589538079557413
2013-05-17,103.83,-0.004228742486139132,0.26004796496909094
2013-05-20,104.55,0.006910479559280012,0.256917213538716
2013-05-21,103.1,-0.013966034851728384,0.2632745634319454
2013-05-22,102.14,-0.009354969803416296,0.2661470872701971
2013-05-23,100.46,-0.016584782897599282,0.2685210845808227
2013-05-24,101.24,0.0077342973550246445,0.26801689328276007
2013-05-28,103.77,0.0246829759402638,0.28052182702606415
2013-05-29,102.14,-0.015832490397689178,0.2857271256269057
2013-05-30,101.79,-0.003432553755249344,0.2821655413086663
2013-05-31,100.43,-0.013450900059000796,0.26228778714082435
2013-06-03,101.63,0.011877799744427257,0.2563786037459283
2013-06-04,102.04,0.004026126123935671,0.20898391185255638
2013-06-05,103.51,0.014303333122048055,0.21520763174092775
2013-06-06,103.37,-0.0013534418152654085,0.2150400220855033
2013-06-07,104.07,0.006748965069374466,0.21157163009069685
2013-06-10,103.87,-0.0019236324100479066,0.21157099447582553
2013-06-11,101.5,-0.02308131875787806,0.21268802450019744
2013-06-12,103.11,0.01573758104801028,0.21773454950158988
2013-06-13,103.38,0.0026151402380409777,0.2172127747953461
2013-06-14,105.1,0.01650075811501223,0.21998979830271953
2013-06-17,105.8,0.006638241541293665,0.20211669899194315
2013-06-18,105.21,-0.005592166604002645,0.20258971441901158
2013-06-19,105.56,0.0033211588149269795,0.20156637022546098
2013-06-20,102.72,-0.027272671693472302,0.21815249260486536
2013-06-21,100.36,-0.023243118443429463,0.23047256622990006
2013-06-24,99.8,-0.005595538180803319,0.22406650199950712
2013-06-25,101.51,0.016989132478921608,0.2304574396528687
2013-06-26,100.62,-0.008806270733167233,0.2141152519451654
2013-06-27,102.74,0.020850479975949254,0.22071302671108492
2013-06-28,102.49,-0.0024362921956502088,0.22052884477554083
2013-07-01,103.19,0.006806716284151321,0.2156948034721526
2013-07-02,103.96,0.007434260645666396,0.21348467998313006
2013-07-03,106.12,0.020564319496249588,0.2237988710616118
2013-07-05,107.46,0.012548156031136471,0.2226495785013926
2013-07-08,107.75,0.0026950436831817922,0.2223724259887275
2013-07-09,107.9,0.0013911432802317816,0.22169699564331533
2013-07-10,108.43,0.004899931220001514,0.22154363162918508
2013-07-11,108.18,-0.002308297040809718,0.2027465958172253
2013-07-12,109.03,0.007826567275009329,0.19830497242990527
2013-07-15,109.05,0.00018341892934762213,0.19849048617610263
2013-07-16,109.29,0.0021984070409441685,0.191891577769314
2013-07-17,109.67,0.0034709570835353043,0.1912106268794075
2013-07-18,109.71,0.0003646640572820469,0.18944935041737154
2013-07-19,109.34,-0.003378227362546261,0.19027781366942328
2013-07-22,108.82,-0.004767152409074053,0.16082929126200865
2013-07-23,109.27,0.004126742524874805,0.13011307495006308
2013-07-24,108.23,-0.009563291275598854,0.13447230191592843
2013-07-25,108.1,-0.0012018676618925168,0.1266327206550195
2013-07-26,107.57,-0.004914926201248533,0.12272033767704565
2013-07-29,108.1,0.004914926201248502,0.10493688354588693
2013-07-30,107.47,-0.005844985792100596,0.10755684468926163
2013-07-31,107.89,0.003900450710186823,0.10647437445564346
2013-08-01,109.94,0.018822572869265607,0.12007479024641748
2013-08-02,109.63,-0.002823702746065698,0.10213451595386627
2013-08-05,109.81,0.0016405399231731927,0.09399980925772103
2013-08-06,108.77,-0.009516038503863058,0.10056324952144045
2013-08-07,108.39,-0.003499727278100331,0.10140933567770503
2013-08-08,107.32,-0.00992080827023528,0.10568939685745397
2013-08-09,108.49,0.010842977276935976,0.11244159209828443
2013-08-12,109.28,0.007255392988120684,0.11196577777978899
2013-08-13,110.69,0.012820105575052603,0.12031726325427837
2013-08-14,110.26,-0.003892288235994977,0.12121500752177893
2013-08-15,111.58,0.011900609255844642,0.12725457883214886
2013-08-16,111.82,0.002148613181116887,0.12732379692690945
2013-08-19,111.41,-0.003673345527274012,0.12745298966071414
2013-08-20,110.74,-0.006031978676404081,0.12823367063355218
2013-08-21,110.82,0.0007221520443825023,0.12767289400062581
2013-08-22,110.51,-0.002801248838512577,0.1229030404081338
2013-08-23,112.12,0.014463711695896655,0.1310866625611075
2013-08-26,112.23,0.000980610731576964,0.12888865900877625
2013-08-27,115.21,0.026206213021797674,0.15364130607170726
2013-08-28,116.27,0.009158522630554623,0.1514929954590004
2013-08-29,116.91,0.0054893353382106875,0.1516131106875432
2013-08-30,115.97,-0.008072871050115607,0.14663227267542056
2013-09-03,115.49,-0.0041475908416158365,0.14731289653582502
2013-09-04,115.65,0.0013844425504521956,0.14733394691902582
2013-09-05,115.81,0.0013825285188381004,0.1408596491261457
2013-09-06,117.15,0.011504247757518293,0.1417407806803361
2013-09-09,115.2,-0.016785416692013836,0.15169812298157107
2013-09-10,112.1,-0.02727841818367674,0.18241738294444831
2013-09-11,112.37,0.0024056678416967976,0.18127915737518677
2013-09-12,113.11,0.006563798623478671,0.17753862473624032
2013-09-13,113.31,0.0017666288491855098,0.17664178515541912
2013-09-16,110.86,-0.021859281400816607,0.1893675367750288
2013-09-17,109.05,-0.01646165134402055,0.19713939572683783
2013-09-18,109.09,0.0003667369620273407,0.19699602632252627
2013-09-19,110.66,0.014289207860298147,0.2029459677381142
2013-09-20,110.22,-0.003984069014874347,0.20337925618104843
2013-09-23,108.56,-0.015175352928475607,0.20974612325818592
2013-09-24,107.68,-0.008139149630195977,0.20347681401876505
2013-09-25,109.46,0.016395319819354364,0.21303170025442258
2013-09-26,108.86,-0.005496532709718077,0.18856336901842674
2013-09-27,109.45,0.005405170962818115,0.18602040593677555
2013-09-30,107.85,-0.014726451133706655,0.18773616131883808
2013-10-01,107.32,-0.00492634727774198,0.1871580243680349
2013-10-02,109.09,0.01635820405224211,0.1995950192008559
2013-10-03,109.49,0.0036599912756681025,0.20033815209557607
2013-10-04,109.42,-0.0006395322496536292,0.1999529407416438
2013-10-07,109.66,0.0021909813402223826,0.19413326846897472
2013-10-08,110.56,0.008173690043457357,0.19127092749959415
2013-10-09,109.02,-0.014027008383224987,0.17388580654992036
2013-10-10,111.63,0.02365847939050592,0.1940499593492285
2013-10-11,110.65,-0.008817764529582082,0.1944950202579356
2013-10-14,110.13,-0.004710580320206173,0.19460856575323546
2013-10-15,110.67,0.004891314099841293,0.1806591640207276
2013-10-16,110.79,0.001083717255887631,0.17055650089833638
2013-10-17,109.55,-0.011255451491106034,0.17556704987420146
2013-10-18,109.4,-0.0013701760535946516,0.1679484991792249
2013-10-21,109.47,0.000639649128585129,0.16751885725634827
2013-10-22,109.57,0.0009130753008358682,0.1585809501027341
2013-10-23,107.74,-0.01684269716491418,0.16714907560179237
2013-10-24,106.63,-0.010356019222299517,0.15966110068824624
2013-10-25,105.7,-0.008760005153896171,0.16114875435747322
2013-10-28,108.29,0.024207920764096166,0.1828585093748078
2013-10-29,108.04,-0.00231128471587321,0.1756082611983903
2013-10-30,108.41,0.003418806748785461,0.17498666699363655
2013-10-31,107.53,-0.008150457270765446,0.16739923213892663
2013-11-01,105.78,-0.016408412764601088,0.17509307711663374
2013-11-04,104.85,-0.008830708289904976,0.17679339272076305
2013-11-05,105.01,0.0015248263699731298,0.17660788339206043
2013-11-06,105.46,0.004276150384421702,0.17426181044223454
2013-11-07,103.08,-0.02282634831815939,0.1841413573167201
2013-11-08,104.29,0.011670094348957204,0.1663709817284493
2013-11-11,105.76,0.013996895970254606,0.17526518505423339
2013-11-12,106.29,0.004998831442114268,0.17670093550405813
2013-11-13,106.9,0.005722610485509162,0.1771140403814952
2013-11-14,108.29,0.012918995609288586,0.18402642503468636
2013-11-15,108.25,-0.00036944675768892446,0.18027273560685925
2013-11-18,108.8,0.005067967539243064,0.18128867706318344
2013-11-19,108.29,-0.00469852078155415,0.18189629256341525
2013-11-20,108.27,-0.00018470631748121341,0.18182735325475097
2013-11-21,109.9,0.014942754086768976,0.17930233437859203
2013-11-22,111.36,0.013197335176533742,0.1791609758307868
2013-11-25,110.83,-0.004770700798547845,0.1766386244760197
2013-11-26,112.04,0.010858454604346226,0.16110617218643886
2013-11-27,111.32,-0.006447013734217914,0.16300394028413168
2013-11-29,111.07,-0.0022483034786613273,0.16331203471077124
2013-12-02,111.49,0.0037742676004515353,0.15994093091151107
2013-12-03,113.06,0.013983750467664764,0.1509285529185727
2013-12-04,113.27,0.0018556979654773536,0.1446313374252376
2013-12-05,112.07,-0.01065067314868557,0.15283278847666495
2013-12-06,111.5,-0.005099085163763065,0.15535240665243805
2013-12-09,110.07,-0.012908063864873144,0.1376471957629836
2013-12-10,108.91,-0.010594673947705278,0.1417766008969615
2013-12-11,109.47,0.005128686028870826,0.13556408533657657
2013-12-12,108.99,-0.004394404215245734,0.13653489837674238
2013-12-13,108.08,-0.008384441249276777,0.13935623320549453
2013-12-16,110.3,0.020332232607513285,0.14965098908888436
2013-12-17,108.91,-0.012682073171861695,0.15684702902621847
2013-12-18,109.56,0.005950491307282449,0.1572151677418353
2013-12-19,110.78,0.011073908210080368,0.16032028620588668
2013-12-20,112.15,0.01229100836125946,0.16483903397158137
2013-12-23,111.58,-0.005095438548835078,0.15903257739968601
2013-12-24,111.57,-8.962581229391554e-05,0.15242338857928786
2013-12-26,111.65,0.000716781681078546,0.15140052377534682
2013-12-27,112.06,0.003665463850971503,0.147099882922762
2013-12-30,110.47,-0.0142904512529548,0.15379392631988628
2013-12-31,109.95,-0.004718273883413513,0.1544117997964334
2014-01-02,107.94,-0.01845019981027348,0.16548725691087074
2014-01-03,106.57,-0.012773470957632002,0.1597166597398407
2014-01-06,106.71,0.0013128283956088313,0.15952758454407787
2014-01-07,107.01,0.00280741341043652,0.1580312141292481
2014-01-08,107.42,0.0038240964384034758,0.15898885855039355
2014-01-09,107.49,0.0006514355076587345,0.1538819954646976
2014-01-10,106.44,-0.009816373875483666,0.15330132031835952
2014-01-13,108.02,0.014734949055256533,0.1616002641058982
2014-01-14,107.12,-0.008366693781827927,0.16334111911707708
2014-01-15,108.09,0.009014512045194498,0.16431114403704536
2014-01-16,107.46,-0.005845528127436187,0.14768751409087524
2014-01-17,108.45,0.009170551972208105,0.14574719078758744
2014-01-20,108.01,-0.004065421842500594,0.14454509185078565
2014-01-21,109.17,0.010682484861795303,0.144149914685038
2014-01-22,109.69,0.004751905131064528,0.13781761912988083
2014-01-23,109.69,0.0,0.13706419094450603
2014-01-24,109.14,-0.005026743665156819,0.13780069761664215
2014-01-27,108.72,-0.003855691915197602,0.13797283515558012
2014-01-28,109.1,0.003489122996136862,0.13789474421157377
2014-01-29,108.83,-0.0024778611310548432,0.129672381912241
2014-01-30,109.36,0.004858160707723928,0.1301870275990623
2014-01-31,108.16,-0.01103358012104022,0.11919858635626218
2014-02-03,106.55,-0.014997253750027783,0.12242914528813639
2014-02-04,107.04,0.004588237835292263,0.12339665424103204
2014-02-05,106.81,-0.0021510412783142894,0.12324506909250808
2014-02-06,108.15,0.012467597297463814,0.1301469254202982
2014-02-07,110.12,0.018051527875338813,0.14392917557610185
2014-02-10,110.18,0.0005447117701638993,0.1383482393120796
2014-02-11,109.21,-0.008842757834933527,0.13428820113669893
2014-02-12,108.62,-0.005417081602937711,0.13220077637435237
2014-02-13,108.98,0.0033088265482530623,0.12909987712680987
2014-02-14,108.63,-0.0032167667092928036,0.12781470810561513
2014-02-18,110.14,0.013804671388675974,0.13268389737232758
2014-02-19,110.37,0.002086073950457347,0.1315855237845946
2014-02-20,109.42,-0.008644669149112839,0.1307504133941718
2014-02-21,109.03,-0.0035706149173895287,0.13020400023217987
2014-02-24,109.76,0.0066730902592846576,0.1324226976544308
2014-02-25,109.19,-0.005206679951600338,0.13251071793471142
2014-02-26,109.39,0.0018299941057245488,0.13187664265381718
2014-02-27,108.54,-0.0078007094964406614,0.13420707037254306
2014-02-28,108.98,0.004045610519693501,0.13474105301837952
2014-03-03,111.26,0.02070542549219498,0.1519299181991515
2014-03-04,109.17,-0.018963504354969067,0.1618829753828819
2014-03-05,108.15,-0.009387147893110345,0.15620810602365992
2014-03-06,107.99,-0.0014805221543995294,0.15572341848089843
2014-03-07,109.14,0.010592831513417496,0.15928821302435717
2014-03-10,108.27,-0.008003354435278992,0.15652454242292932
2014-03-11,108.35,0.0007386206595610619,0.14228210347978923
2014-03-12,107.88,-0.004347229710838867,0.1427203458943947
2014-03-13,107.48,-0.0037147145242386053,0.14025603559485894
2014-03-14,108.08,0.005566909904652863,0.1408210621354999
2014-03-17,106.99,-0.010136321501428257,0.144216282177971
2014-03-18,106.79,-0.0018710829670612206,0.14401646240435576
2014-03-19,105.95,-0.007897004469145805,0.13563878750316186
2014-03-20,105.73,-0.002078609969872859,0.13488235441636126
2014-03-21,107.2,0.013807573892266516,0.1432080460355603
2014-03-24,106.59,-0.00570654993565624,0.14388517639615828
2014-03-25,107.01,0.003932589337864524,0.14232985707834328
2014-03-26,105.9,-0.010427035431549039,0.1452956121798132
2014-03-27,106.58,0.006400624261275332,0.1474451872403215
2014-03-28,106.64,0.0005627990018169897,0.14559038464589644
2014-03-31,105.95,-0.006491391156145186,0.14570984455094155
2014-04-01,105.7,-0.002362391838116156,0.12165551581208275
2014-04-02,103.37,-0.022290108295798552,0.1277416647201243
2014-04-03,104.88,0.014502054875050957,0.13813073907151602
2014-04-04,106.41,0.014482717998195857,0.14876342470681142
2014-04-07,104.89,-0.014387375480127635,0.1500288738864443
2014-04-08,105.83,0.008921851132120623,0.15277228221138608
2014-04-09,107.39,0.014633034764492004,0.16215640466075773
2014-04-10,107.1,-0.002704090416422075,0.1617548771786904
2014-04-11,107.34,0.0022383892949797007,0.16150689573963287
2014-04-14,107.68,0.003162499147734824,0.16066357846642085
2014-04-15,109.1,0.013101026942607414,0.16266600993173236
2014-04-16,109.71,0.0055756279903743065,0.16309516843743185
2014-04-17,109.79,0.0007289294172415933,0.159678053579037
2014-04-21,109.69,-0.0009112448233983501,0.15938134488900985
2014-04-22,108.54,-0.010539436787983943,0.15848800168904037
2014-04-23,108.48,-0.0005529444431733251,0.1569051401796339
2014-04-24,109.79,0.012003626054555601,0.1613398382049302
2014-04-25,109.53,-0.002370965910985925,0.15634764096915474
2014-04-28,109.12,-0.0037502902405032418,0.1563787734603247
2014-04-29,109.89,0.007031671363680747,0.15768764438437247
2014-04-30,108.63,-0.011532253013173274,0.1617915802728855
2014-05-01,108.63,0.0,0.16134445030364267
2014-05-02,109.48,0.007794271726818923,0.1378660405778971
2014-05-05,109.48,0.0,0.13126435777559356
2014-05-06,108.3,-0.010836730165533482,0.13033315634725878
2014-05-07,108.17,-0.0012010903647466488,0.11838007450846963
2014-05-08,108.19,0.00018487705728381776,0.11527511670451046
2014-05-09,108.26,0.000646800669349907,0.10415579258237102
2014-05-12,108.37,0.0010155565660720555,0.10356145555088696
2014-05-13,108.78,0.0037761960599108726,0.10401126466803036
2014-05-14,109.87,0.009970354717974935,0.10866550064928929
2014-05-15,109.74,-0.001183917081960371,0.09942799666599876
2014-05-16,110.9,0.010514962725492117,0.10410584865236451
2014-05-19,110.84,-0.0005411743615437258,0.10416572348105547
2014-05-20,110.35,-0.004430587292032338,0.10545207834885047
2014-05-21,111.32,0.00875180395494465,0.10160442061604652
2014-05-22,110.89,-0.0038702176925654607,0.10296798889308097
2014-05-23,110.19,-0.006332570465438903,0.09784650133781311
2014-05-26,110.01,-0.0016348777483411849,0.09763834989536992
2014-05-27,109.81,-0.001819671141722431,0.09687820500031345
2014-05-28,109.09,-0.006578369999956499,0.09643370326996276
2014-05-29,109.98,0.008125301470003371,0.09163030470226843
2014-05-30,109.21,-0.007025896870031739,0.09535514143693388
2014-06-02,109.34,0.001189659257216176,0.09143854920275686
2014-06-03,108.87,-0.004307783573764549,0.09261251336800194
2014-06-04,109.07,0.0018353680475628716,0.08443020472910069
2014-06-05,108.43,-0.0058850744565608435,0.08702488159699849
2014-06-06,109.21,0.00716783072554626,0.09039295055359531
2014-06-09,110.55,0.012195273093818206,0.09914375526098884
2014-06-10,109.18,-0.012470010949843654,0.10956927561615101
2014-06-11,109.83,0.005935819446642972,0.11066890116362335
2014-06-12,112.18,0.021171008279936298,0.1282113229684923
2014-06-13,113.15,0.008609647999355475,0.13058481526222787
2014-06-16,113.42,0.0023833705063356324,0.12645069569022
2014-06-17,114.02,0.0052761290175538916,0.12712075721367141
2014-06-18,114.25,0.00201515817087831,0.12537860859571234
2014-06-19,115.19,0.008193909164101032,0.12499496542989384
2014-06-20,114.55,-0.005571530038910485,0.1260720898852602
2014-06-23,113.62,-0.008151861770523593,0.1276522869162678
2014-06-24,113.74,0.0010555947496726822,0.12716980361592362
2014-06-25,112.84,-0.00794425574485796,0.13095111077997015
2014-06-26,112.61,-0.002040364424861423,0.12843209214051204
2014-06-27,112.62,8.87981175383543e-05,0.12621629415973545
2014-06-30,111.03,-0.014218884760298233,0.1342747446103175
2014-07-01,110.84,-0.001712715071396599,0.13454123798853604
2014-07-02,110.18,-0.00597232795020715,0.13543450775277566
2014-07-03,108.98,-0.010951012889618266,0.14105510127648882
2014-07-07,108.7,-0.0025725850277885094,0.13978640475884338
2014-07-08,107.65,-0.00970657031679165,0.14127820719466957
2014-07-09,106.84,-0.007552835568611942,0.13501640727360406
2014-07-10,106.2,-0.0060082794339216105,0.13024824472123941
2014-07-11,105.77,-0.004057183467877006,0.1278135110012749
2014-07-14,104.73,-0.009881315554907077,0.09968439599204135
2014-07-15,104.73,0.0,0.09082146349804521
2014-07-16,105.41,0.0064718984820433334,0.09525799049830423
2014-07-17,106.04,0.005958873153727135,0.09607528423063284
2014-07-18,106.03,-9.430848311799932e-05,0.09483177949205952
2014-07-21,105.71,-0.00302257715713526,0.08474507054059774
2014-07-22,106.48,0.007257678306284511,0.09315426060686671
2014-07-23,106.85,0.003468807678300309,0.09449721908126142
2014-07-24,105.78,-0.01006451612732266,0.09642625784724955
2014-07-25,106.89,0.010438802648020551,0.10617709036646449
2014-07-28,106.7,-0.0017791099781466356,0.10619766181627424
2014-07-29,106.98,0.00262074279539641,0.10735144478197274
2014-07-30,106.47,-0.004778645776589331,0.09896049962196736
2014-07-31,104.94,-0.014474497067949116,0.10796346389427985
2014-08-01,103.45,-0.014300354067013635,0.11487005974192017
2014-08-04,103.63,0.0017384590045739755,0.11218413990724875
2014-08-05,102.82,-0.007846976568767436,0.11376487278631502
2014-08-06,104.17,0.01304429336899886,0.12291030285825456
2014-08-07,104.02,-0.001440991651431053,0.1209666562024726
2014-08-08,103.36,-0.006365148310634608,0.12114882608240808
2014-08-11,103.47,0.0010636755825676064,0.12097405585200917
2014-08-12,101.68,-0.01745108873566056,0.13041309336377058
2014-08-13,102.27,0.0057857479367226395,0.13271951886810793
2014-08-14,101.15,-0.011011811204166812,0.13391225576333676
2014-08-15,101.13,-0.0001977456996755528,0.13098879819161016
2014-08-18,99.37,-0.017556560670806978,0.14094422760439093
2014-08-19,99.74,0.00371654287470431,0.14290404908566934
2014-08-20,99.92,0.0018030656993457165,0.13928559894488524
2014-08-21,100.28,0.003596407472770443,0.13936127126782705
2014-08-22,100.09,-0.0018964920591651527,0.13701295616068296
2014-08-25,100.49,0.003988438829939746,0.1309466914903417
2014-08-26,100.5,9.950743826326705e-05,0.1313177404215189
2014-08-27,100.4,-0.0009955202415015939,0.1300102731077765
2014-08-28,100.71,0.003082892402424357,0.13151605602165217
2014-08-29,101.12,0.004062830738494056,0.12607795808261557
2014-09-02,100.21,-0.009039946328309857,0.12069009507478846
2014-09-03,100.88,0.00666370758642673,0.12353556226605884
2014-09-04,101.21,0.0032658745441456923,0.12208251960544532
2014-09-05,99.51,-0.016939424573738936,0.12356550048124529
2014-09-08,99.53,0.0002009646309014543,0.123819771498775
2014-09-09,98.08,-0.01467563407007097,0.13058748479233517
2014-09-10,96.26,-0.018730608312937918,0.1413463521521124
2014-09-11,96.42,0.0016607851025127979,0.13271658001442754
2014-09-12,96.31,-0.0011414934047032622,0.12937537659739087
2014-09-15,96.43,0.0012452009495201373,0.1265806601663848
2014-09-16,97.39,0.009906179450814843,0.1333296344050473
2014-09-17,97.7,0.00317802307562917,0.1212434680006412
2014-09-18,96.82,-0.009047974537188804,0.12328859705956834
2014-09-19,96.75,-0.0007232526016570096,0.12276725359777976
2014-09-22,95.37,-0.014366268319070109,0.12892173402633028
2014-09-23,94.87,-0.005256530186035551,0.12928439878937695
2014-09-24,94.53,-0.0035902889674925835,0.12710174251639383
2014-09-25,95.2,0.007062697360026744,0.13139645883845014
2014-09-26,95.08,-0.0012612993053264508,0.13135929925456247
2014-09-29,95.7,0.006499655966915444,0.13373117171977894
2014-09-30,94.67,-0.010821138318108737,0.1345628801998152
2014-10-01,94.57,-0.001056859113379117,0.13298394746497763
2014-10-02,91.29,-0.03529904845043126,0.1698576605143326
2014-10-03,90.8,-0.005381966969741926,0.16733417187429164
2014-10-06,90.65,-0.0016533484063874782,0.16208153212988413
2014-10-07,90.9,0.0027540639825730196,0.1632399188544735
2014-10-08,90.25,-0.007176403970442917,0.15926371392478988
2014-10-09,90.47,0.002434706824659878,0.15120664900201325
2014-10-10,88.66,-0.02020947472074278,0.1614304374842562
2014-10-13,87.82,-0.009519564183336089,0.16217132570412804
2014-10-14,86.36,-0.016764659486964716,0.1662295545953927
2014-10-15,84.02,-0.02746973990537068,0.17354728698244348
2014-10-16,84.02,0.0,0.171528976340091
2014-10-17,85.27,0.014767827012722211,0.18737482316795612
2014-10-20,84.42,-0.010018352399605421,0.18681168408188004
2014-10-21,85.17,0.008844918798636916,0.1917230198369883
2014-10-22,86.38,0.01410690837956543,0.20327422332732423
2014-10-23,85.94,-0.0051067891857059415,0.20325994236192274
2014-10-24,86.0,0.0006979179066586421,0.19985068214192334
2014-10-27,85.64,-0.004194832532025684,0.1994468171367059
2014-10-28,85.57,-0.0008177092915186372,0.19571627213627582
2014-10-29,86.91,0.015538346019405404,0.20734927202593667
2014-10-30,85.5,-0.01635672450665418,0.2112818550555379
2014-10-31,84.17,-0.015677812719229793,0.18487857912259148
2014-11-03,84.9,0.008635530093816856,0.189743908626569
2014-11-04,82.12,-0.033292501166568796,0.21629283232095056
2014-11-05,82.88,0.009212186360439939,0.22022068562837122
2014-11-06,82.08,-0.009699397088713506,0.22079438567654497
2014-11-07,83.2,0.013552966404703668,0.22843316116711954
2014-11-10,82.9,-0.0036122856859135493,0.22068789795048996
2014-11-11,80.94,-0.02392692269352982,0.23127663285197667
2014-11-12,80.42,-0.006445237978591545,0.2267539866120485
2014-11-13,77.74,-0.033892976045050906,0.2362405419653219
2014-11-14,77.51,-0.0029629651306569606,0.23587863466887074
2014-11-17,76.86,-0.008421375156722194,0.22631297527820582
2014-11-18,77.23,0.004802397444474593,0.2279440009702703
2014-11-19,77.21,-0.0002590002604482266,0.22349804500305026
2014-11-20,77.61,0.005167302545323091,0.2160551082000945
2014-11-21,79.2,0.020280013954332845,0.23325548559084508
2014-11-24,79.62,0.005289018751791033,0.2349292859240091
2014-11-25,77.62,-0.02544019163141085,0.2467566287571887
2014-11-26,77.39,-0.002967552658392572,0.2464445778781412
2014-11-28,71.89,-0.07372040028658762,0.3326071797390128
2014-12-01,70.87,-0.014289960173615439,0.3321106187091176
2014-12-02,71.13,0.0036619759232590443,0.3339167407745674
2014-12-03,70.13,-0.01415852619660473,0.32889297648737614
2014-12-04,68.48,-0.02380893071533224,0.3216651138150057
2014-12-05,68.0,-0.007034026657380048,0.31515560550479266
2014-12-08,65.64,-0.035322438954216516,0.3276887460041648
2014-12-09,66.11,0.007134755123596662,0.32242946331513195
2014-12-10,63.32,-0.04311878633267532,0.33968490394793144
2014-12-11,63.65,0.005198089990604164,0.34266685590611995
2014-12-12,61.67,-0.03160173600001408,0.34906488125502044
2014-12-15,61.09,-0.009449402341725876,0.34047837882342324
2014-12-16,60.26,-0.013679652959520535,0.33912288257302164
2014-12-17,59.84,-0.006994200035933244,0.33934794537570057
2014-12-18,58.81,-0.017362425194357198,0.3342338387155837
2014-12-19,58.87,0.0010197145683052485,0.33487555508473615
2014-12-22,58.31,-0.009558017806105244,0.32868529605644514
2014-12-23,59.07,0.012949576085079155,0.32002727183222635
2014-12-24,58.67,-0.006794658381375367,0.3135391435406087
2014-12-26,58.72,0.0008518613684916191,0.31524582459968264
2014-12-29,57.86,-0.014754084758271085,0.3130202206358681
2014-12-30,55.6,-0.03984309829145237,0.24625416957883398
2014-12-31,55.27,-0.0059529354113650925,0.24707012126507144
2015-01-02,55.38,0.0019882518976442522,0.2458118536685962
2015-01-05,51.08,-0.08082548657847728,0.3428124233335795
2015-01-06,50.12,-0.018972901136470974,0.34167065733757696
2015-01-07,49.06,-0.02137609119752416,0.3411416893024115
2015-01-08,49.43,0.007513488488524735,0.3421235907647689
2015-01-09,47.64,-0.036884782831768596,0.34264334850408795
2015-01-12,46.9,-0.01565506903486568,0.32773729376843996
2015-01-13,45.13,-0.03847046161332373,0.3299159284820607
2015-01-14,45.82,0.015173463186439536,0.3422717915073994
2015-01-15,47.66,0.039371794645246476,0.38926973493650546
2015-01-16,47.38,-0.005892272939956543,0.38973585640462777
2015-01-20,46.49,-0.018962963028145995,0.39021643155611957
2015-01-21,46.5,0.000215076890817295,0.39193163116874596
2015-01-22,46.09,-0.008856305860893695,0.3895429076140988
2015-01-23,46.69,0.012934002250428617,0.39875106583587877
2015-01-26,46.07,-0.01336803003502004,0.3894956988902916
2015-01-27,46.55,0.010365024775250312,0.3967624736264608
2015-01-28,47.07,0.011108851689974913,0.4021831626352114
2015-01-29,46.61,-0.0098207450284014,0.40189339072826763
2015-01-30,47.52,0.019335564669739888,0.3993490576361335
2015-02-02,51.74,0.08508050170349346,0.5122720713734573
2015-02-03,54.41,0.05031678373995073,0.5447012540113556
2015-02-04,55.07,0.012057142776556184,0.46153184720570634
2015-02-05,55.98,0.0163893808129173,0.455980943900798
2015-02-06,55.88,-0.0017879496985463107,0.4465110729651425
2015-02-09,57.0,0.019844733445789128,0.4490050908127397
2015-02-10,55.79,-0.021456625977113175,0.4329935227085776
2015-02-11,53.48,-0.042286889623694604,0.45994325044671847
2015-02-12,56.23,0.05014267007036786,0.4537707675025404
2015-02-13,60.33,0.07037907014856006,0.4990200276312924
2015-02-16,61.57,0.020345246470448424,0.4906819664511811
2015-02-17,60.78,-0.012913951434471764,0.49453089744667067
2015-02-18,60.72,-0.000987654401272541,0.48422723920404503
2015-02-19,58.78,-0.03247147209660319,0.507537155561759
2015-02-20,60.99,0.03690825531759369,0.509551907178113
2015-02-23,59.78,-0.020038759452573218,0.5225188025347507
2015-02-24,60.33,0.00915833559687847,0.5146318680557781
2015-02-25,59.77,-0.009325629616507425,0.5203146797800434
2015-02-26,61.39,0.026743092603242036,0.5228263373421118
2015-02-27,61.89,0.008111660311865197,0.5167713386332752
2015-03-02,60.75,-0.01859153353061235,0.5279571552147404
2015-03-03,61.18,0.0070532565020995225,0.45552480391241335
2015-03-04,59.18,-0.03323669175069378,0.4495952092119193
2015-03-05,60.33,0.019245845480606767,0.451901834296126
2015-03-06,59.15,-0.019752902028274583,0.45707734740196165
2015-03-09,58.67,-0.008148067486627174,0.4583798345146963
2015-03-10,55.95,-0.047470088179834294,0.48452024037855757
2015-03-11,56.46,0.00907398806740899,0.4797065236611922
2015-03-12,56.66,0.0035360715770271925,0.45368330373615573
2015-03-13,54.8,-0.03337830044840062,0.4356488787631187
2015-03-16,52.0,-0.05244647537254243,0.3862498447830638
2015-03-17,52.17,0.0032638984528740324,0.3753491000197616
2015-03-18,52.59,0.008018370566951592,0.3788062969978669
2015-03-19,52.96,0.007010924027499991,0.381381789234583
2015-03-20,53.88,0.017222439913410513,0.37759270164269493
2015-03-23,53.82,-0.0011142062434035757,0.3472593085465888
2015-03-24,53.61,-0.003909527459313422,0.34349178207610087
2015-03-25,54.18,0.010576218817502708,0.344272147965226
2015-03-26,57.02,0.05109024682757695,0.39486844909186797
2015-03-27,56.44,-0.01022395649991274,0.3812051089550727
2015-03-30,53.99,-0.044379282754417555,0.40293377446625034
2015-03-31,53.69,-0.0055720797957175775,0.40052905072718914
2015-04-01,55.73,0.03729183714696693,0.42573873438523574
2015-04-02,55.73,0.0,0.41278683832208357
2015-04-06,55.73,0.0,0.4051128940085924
2015-04-07,57.55,0.032135533586446746,0.4189690758271845
2015-04-08,56.42,-0.01983042959404135,0.42330502153424143
2015-04-09,56.04,-0.006757984105044023,0.3902378670159679
2015-04-10,56.82,0.013822654957235727,0.3919603085436249
2015-04-13,57.14,0.005616020376585231,0.39224262365710066
2015-04-14,57.69,0.009579451466171045,0.3734041272204424
2015-04-15,59.32,0.027862669000933257,0.325164288327157
2015-04-16,60.13,0.013562367781745941,0.32592017880839497
2015-04-17,61.31,0.019434076723119163,0.3288604879704724
2015-04-20,61.2,-0.001795772256316158,0.33037146637807646
2015-04-21,60.12,-0.017804624633506707,0.3387394852773544
2015-04-22,60.12,0.0,0.3384989419659909
2015-04-23,62.66,0.04138072063927183,0.3587726255743797
2015-04-24,62.96,0.004776318585102098,0.35869391535658357
2015-04-27,62.86,-0.0015895727397262404,0.3219217503807848
2015-04-28,62.61,-0.003985021612202461,0.31900355467131813
2015-04-29,63.97,0.021489213704827183,0.26825778150084106
2015-04-30,63.9,-0.0010948620785571034,0.2658247961683571
2015-05-01,64.13,0.0035929117772823312,0.24425724828338674
2015-05-04,64.62,0.007611687235580705,0.24305245826434188
2015-05-05,65.44,0.012609731898139253,0.24236953615890428
2015-05-06,66.22,0.011848839824608564,0.22619268867411718
2015-05-07,64.93,-0.019672765598704667,0.22596037726569762
2015-05-08,63.82,-0.017243145670298037,0.23649654098451087
2015-05-11,62.82,-0.01579312673959702,0.24649492910227086
2015-05-12,65.09,0.03549743347379548,0.26852166727994553
2015-05-13,66.33,0.018871355953168596,0.27190170401019226
2015-05-14,65.58,-0.011371512120962372,0.2672547146853397
2015-05-15,64.69,-0.013664141360608088,0.27256742605020995
2015-05-18,65.15,0.007085673514960085,0.26675546039937514
2015-05-19,63.48,-0.025967407912645915,0.2846500212754247
2015-05-20,63.52,0.0006299212806720389,0.27572327437773814
2015-05-21,64.7,0.01840638456797465,0.2808447470529611
2015-05-22,64.7,0.0,0.24477807483742314
2015-05-26,61.65,-0.048287971896501636,0.29893013705026755
2015-05-27,61.35,-0.004878058453432855,0.2992285919098786
2015-05-28,60.12,-0.020252606272146763,0.3063859352752394
2015-05-29,63.16,0.0493286245026676,0.34583856073753216
2015-06-01,62.87,-0.004602086992471623,0.34611421895489786
2015-06-02,63.14,0.004285380734875893,0.3462325911501281
2015-06-03,62.78,-0.005717931716038053,0.34525857315503483
2015-06-04,60.34,-0.03964131768289244,0.365445897620173
2015-06-05,60.36,0.00033140016873301327,0.3613614689206178
2015-06-08,61.33,0.015942485738244222,0.3634653052176949
2015-06-09,63.23,0.030509752432629548,0.37681532661487627
2015-06-10,64.68,0.02267316263838442,0.3806117424519267
2015-06-11,63.76,-0.014326000226946635,0.3630833261874141
2015-06-12,63.19,-0.00897997369659569,0.35665522270887895
2015-06-15,60.99,-0.03543614447699886,0.3736947757730304
2015-06-16,60.75,-0.003942834087707113,0.371861392564953
2015-06-17,60.75,0.0,0.37024836705066
2015-06-18,61.37,0.01015403418034782,0.3635035274602301
2015-06-19,59.41,-0.032458554033355555,0.3786892066657902
2015-06-22,60.54,0.018841741225922456,0.3790048446609182
2015-06-23,61.67,0.018493285409829006,0.38629457567524056
2015-06-24,61.63,-0.0006488240292496843,0.34817993834069794
2015-06-25,60.24,-0.022812181482513592,0.3567722931417402
2015-06-26,60.14,-0.001661405931255127,0.3497900659260882
2015-06-29,59.03,-0.018629388307785027,0.3054871114499868
2015-06-30,60.31,0.021452138210297424,0.31711351898603907
2015-07-01,61.65,0.021975302147457732,0.3272751373998024
2015-07-02,61.73,0.001296806795451228,0.32693998268897384
2015-07-03,59.06,-0.044216160090027774,0.3340933979982657
2015-07-06,57.19,-0.03217481838855191,0.3509849112330355
2015-07-07,54.72,-0.044149784612929746,0.37214388681220634
2015-07-08,55.7,0.01775087361894338,0.3590110106456393
2015-07-09,57.83,0.03752752523688838,0.3772057680689817
2015-07-10,57.72,-0.0019039382644567959,0.3759255584019745
2015-07-13,57.63,-0.001560468457095109,0.37574952054902394
2015-07-14,57.2,-0.0074893670628227715,0.3587374052565014
2015-07-15,57.34,0.0024445620694715734,0.3592202831102851
2015-07-16,57.31,-0.0005233318915776881,0.35917435838118433
2015-07-17,56.38,-0.016360642877679632,0.35889166402307077
2015-07-20,56.42,0.000709219887883662,0.3438751120207941
2015-07-21,55.94,-0.00854401780003661,0.3354843713083785
2015-07-22,56.36,0.007479999256665922,0.3283722852711311
2015-07-23,55.76,-0.01070292057821105,0.3288152436635106
2015-07-24,54.29,-0.02671671853490873,0.33178008270244863
2015-07-27,54.07,-0.004060544523446261,0.3315842832724573
2015-07-28,54.3,0.004244723545976165,0.3292549023964388
2015-07-29,54.73,0.007887778215937133,0.3192559838314212
2015-07-30,54.29,-0.008071957238467008,0.3043326109532635
2015-07-31,53.29,-0.01859135160866886,0.30607308719490933
2015-08-03,49.49,-0.07397806734489616,0.36362253566788433
2015-08-04,49.08,-0.008319009121084037,0.3532264053809823
2015-08-05,49.04,-0.0008153282147546764,0.32717428594080933
2015-08-06,47.8,-0.025610652130545655,0.32327475714574583
2015-08-07,47.54,-0.0054541775653623465,0.2795336704168974
2015-08-10,48.3,0.015860098726479005,0.29197644023663605
2015-08-11,47.33,-0.020287216740370338,0.293583104658732
2015-08-12,48.29,0.020080155967293848,0.31084211613922585
2015-08-13,48.01,-0.005815177342601586,0.30863301221544925
2015-08-14,47.79,-0.004592909952782061,0.3076353162959075
2015-08-17,47.77,-0.00041858518819630117,0.30755775469243996
2015-08-18,47.0,-0.01625022569181193,0.3071930758155002
2015-08-19,45.75,-0.02695580998852822,0.3136298307149464
2015-08-20,45.63,-0.002626396782219133,0.3086188553332967
2015-08-21,43.84,-0.04001875229955105,0.3256315227632621
2015-08-24,41.59,-0.052686888884939796,0.3523048250657368
2015-08-25,41.86,0.006470963263033206,0.3574069454463289
2015-08-26,41.76,-0.002391773443470424,0.3542880626631771
2015-08-27,44.46,0.06265096496166728,0.4354876667234642
2015-08-28,47.97,0.07598590697792205,0.5275439420251198
2015-09-01,48.8,0.017154497345129006,0.5312228012377049
2015-09-02,47.67,-0.02342804364236712,0.47324705587987126
2015-09-03,50.41,0.05588729887780514,0.5126976435261645
2015-09-04,48.59,-0.03677181967672771,0.5294013224428007
2015-09-07,46.42,-0.04568734757152069,0.5457451952744357
2015-09-08,48.88,0.051637914017048876,0.5754232309787808
2015-09-09,48.04,-0.017334317651557147,0.5763459075062203
2015-09-10,47.77,-0.00563616980991224,0.5721496039086401
2015-09-11,46.87,-0.019020015467255798,0.5712703033145089
2015-09-14,45.87,-0.021566503325534097,0.5753877814118755
2015-09-15,45.91,0.00087164965205011,0.5754093918378693
2015-09-16,49.35,0.07225480761835996,0.6302431352125106
2015-09-17,48.27,-0.02212751620708899,0.6326588337381776
2015-09-18,47.28,-0.020722876574558815,0.629515704831731
2015-09-21,47.64,0.007585371389256564,0.6296526111843881
2015-09-22,46.69,-0.02014273550425379,0.6165472430490319
2015-09-23,48.0,0.027671001925045256,0.5872425347927482
2015-09-24,47.06,-0.019777627608674457,0.5944378451489226
2015-09-25,47.28,0.00466398979862628,0.5937483252115837
2015-09-28,46.04,-0.026576789244160924,0.5661236598703573
2015-09-29,47.58,0.03290192102112977,0.5119345991427905
2015-09-30,47.29,-0.00611364821902723,0.5082197503582685
2015-10-01,47.48,0.004009713085682876,0.5021526504160668
2015-10-02,46.55,-0.01978156601839119,0.4625310517686367
2015-10-05,49.45,0.060435054345645174,0.49652880376348885
2015-10-06,51.34,0.0375081173742733,0.4817286062822108
2015-10-07,51.66,0.006213612224699972,0.45078217483060085
2015-10-08,52.13,0.009056811112320304,0.4452890794578815
2015-10-09,52.08,-0.000959600879700888,0.4443220228393217
2015-10-12,50.95,-0.02193623823157988,0.44634534353679206
2015-10-13,48.94,-0.040249701654208346,0.4641530907626041
2015-10-14,48.25,-0.014199230229530624,0.46797889477032767
2015-10-15,47.87,-0.007906824380577373,0.39362034432813287
2015-10-16,48.96,0.02251463479965312,0.39444914900142786
2015-10-19,47.51,-0.030063423005240692,0.40208700179644596
2015-10-20,46.93,-0.012283085392503588,0.4033966330763452
2015-10-21,46.72,-0.004484791286354731,0.397498566139002
2015-10-22,46.59,-0.0027864126912661453,0.38460655075366057
2015-10-23,46.3,-0.006243964736517149,0.3792877557513149
2015-10-26,46.57,0.005814595902097431,0.37951653753360626
2015-10-27,45.54,-0.022365496358692286,0.37616703185858485
2015-10-28,47.6,0.04424170060178082,0.3906346713524994
2015-10-29,48.04,0.00920123597440844,0.39120685047581466
2015-10-30,48.0,-0.0008329863038918846,0.3910579649228305
2015-11-02,47.91,-0.0018767600128602431,0.3842054396283177
2015-11-03,48.0,0.0018767600128601842,0.31875405852032895
2015-11-04,46.96,-0.021904835388049864,0.29271780527037106
2015-11-05,47.19,0.004885830218455101,0.2921555700252934
2015-11-06,46.09,-0.023585999005879113,0.29520554306757524
2015-11-09,45.38,-0.015524527380721265,0.2964656060276022
2015-11-10,46.44,0.023089677477994976,0.30784806156594025
2015-11-11,44.98,-0.03194321029852116,0.29681145786054874
2015-11-12,44.98,0.0,0.2947429220855051
2015-11-13,41.98,-0.06902463213868265,0.3724633259546453
2015-11-16,40.28,-0.04133824654212527,0.37598770261646575
2015-11-17,41.28,0.024523053322945812,0.3854235348316327
2015-11-18,41.45,0.00410976040799664,0.38660952153029615
2015-11-19,42.22,0.01840616083887051,0.3957001799265638
2015-11-20,42.49,0.006374711706545732,0.39756240052736075
2015-11-23,43.7,0.02807934797482429,0.4130210140915886
2015-11-24,44.38,0.015440815402903431,0.41686501397640935
2015-11-25,43.56,-0.018649619439688167,0.4148043002643444
2015-11-26,43.55,-0.0002295947662479865,0.3792652467332936
2015-11-27,43.07,-0.011083004232492463,0.3767117175700156
2015-11-30,43.73,0.015207666358810022,0.38309886816057015
2015-12-01,42.97,-0.01753216763792543,0.38561118037509423
2015-12-02,41.92,-0.024739157774116904,0.3904643469127775
2015-12-03,42.0,0.0019065782705814474,0.3872882986641053
2015-12-04,41.44,-0.013423020332140774,0.3864039990347573
2015-12-07,39.69,-0.0431473311562536,0.4030835660017411
2015-12-08,39.44,-0.006318737060539364,0.40192453414721924
2015-12-09,39.04,-0.010193768189542944,0.38712690855295384
2015-12-10,38.65,-0.010039986511460784,0.37756463090898945
2015-12-11,36.99,-0.04389916918906827,0.39710302073505643
2015-12-14,36.51,-0.01306141017681726,0.3332619133579265
2015-12-15,37.66,0.03101232756146076,0.33261124467001135
2015-12-16,36.96,-0.018762276455522777,0.320734629197332
2015-12-17,36.29,-0.018294025548504535,0.32187221132817856
2015-12-18,36.76,0.012868076262507213,0.31704493208355955
2015-12-21,35.34,-0.03939483059593584,0.33271181432154445
2015-12-22,35.26,-0.0022662899218263027,0.3058845267791214
2015-12-23,35.79,0.01491934780821023,0.3053381923429497
2015-12-24,37.22,0.039177726436170186,0.3480087686516418
2015-12-28,37.08,-0.003768510516450269,0.34729366444302967
2015-12-29,36.85,-0.006222122062308655,0.34709791940321566
2015-12-30,35.65,-0.033106471775040745,0.3477495156002515
2015-12-31,36.61,0.02657228027183998,0.3682366141073409
2016-01-04,36.28,-0.009054801885208887,0.36302471463694685
2016-01-05,35.56,-0.020045214601232035,0.36429175213692205
2016-01-06,33.89,-0.04810142502674396,0.38979906721741586
2016-01-07,33.57,-0.009487174627016365,0.37022184317086665
2016-01-08,31.67,-0.0582629504413951,0.4089928151546807
2016-01-11,30.14,-0.049516667352199034,0.4307882936620219
2016-01-12,29.14,-0.033741392431290665,0.43698678667161706
2016-01-13,28.58,-0.01940462826533746,0.4235111241563562
2016-01-14,28.84,0.009056139915027048,0.42988135569014474
2016-01-15,28.8,-0.0013879252748480802,0.40361527290766774
2016-01-18,27.36,-0.05129329438755058,0.424870307344168
2016-01-19,27.36,0.0,0.4274336451210953
2016-01-20,26.01,-0.05060101329378949,0.43467800515759225
2016-01-21,27.59,0.05897230876863453,0.4982347111791599
2016-01-22,30.46,0.09896095923782106,0.628881700745442
2016-01-25,29.82,-0.021235038130423378,0.6254887828603796
2016-01-26,30.94,0.036870535808327796,0.6233113266740993
2016-01-27,31.83,0.028359396149081298,0.6363779622991135
2016-01-28,33.01,0.03640130457110019,0.6541432936770148
2016-01-29,33.14,0.003930466133315384,0.6468043397934141
2016-02-01,32.45,-0.021040568848317814,0.639926338527865
2016-02-02,30.98,-0.04635860816137645,0.6552229240577142
2016-02-03,32.38,0.0441991132607666,0.6771762464994331
2016-02-04,32.76,0.011667310735379448,0.6600797369669542
2016-02-05,32.35,-0.012594238037958946,0.6606341597195523
2016-02-08,31.64,-0.02219187804745647,0.6330030253457505
2016-02-09,30.15,-0.04823721972625878,0.6317573969800573
2016-02-10,29.64,-0.0170601227453083,0.6231100575379352
2016-02-11,28.82,-0.028055209856510093,0.6273522508310068
2016-02-12,31.8,0.09839669921475523,0.7133330081906406
2016-02-16,31.09,-0.02258006571546876,0.7193463108533565
2016-02-17,33.21,0.06596481131799278,0.7211935121228055
2016-02-18,33.2,-0.00030115946621232006,0.7212428139773145
2016-02-19,31.66,-0.047495821469576815,0.7180713239817283
2016-02-22,33.59,0.0591743491713353,0.7182475269934653
2016-02-23,31.9,-0.05162239383340264,0.6693382653027233
2016-02-24,31.5,-0.012618463959211462,0.6661952523541661
2016-02-25,32.83,0.04135518568191386,0.6692752503675894
2016-02-26,35.76,0.0854872187918121,0.7237779189398131
2016-02-29,35.92,0.004464293128685528,0.7150242457225092
2016-03-01,35.73,-0.005303571398680555,0.7157544421885148
2016-03-02,36.38,0.018028501054657916,0.7116023564087235
2016-03-03,35.75,-0.017468903949959647,0.6918671211841293
2016-03-04,37.61,0.05071970334222827,0.6966581045747738
2016-03-07,39.02,0.036804362712720216,0.7041229842907575
2016-03-08,39.16,0.0035814824673443602,0.7002863388975057
2016-03-09,40.26,0.02770260254933575,0.693493614353893
2016-03-10,38.63,-0.04132924353345543,0.6863756936542902
2016-03-11,39.41,0.01999041452872216,0.6787021438740054
2016-03-14,38.06,-0.03485572933890869,0.6843423061616392
2016-03-15,37.49,-0.015089631120182771,0.615910457976843
2016-03-16,38.38,0.02346225983173328,0.6078575705699922
2016-03-17,39.29,0.02343354299081438,0.5755419258917437
2016-03-18,39.26,-0.0007638447220534427,0.5756282934572253
2016-03-21,39.91,0.01642073021232749,0.5394545774122604
2016-03-22,40.54,0.015662221963211428,0.5108202928777601
2016-03-23,38.84,-0.04283849760072972,0.49845173637044765
2016-03-24,38.33,-0.013217764030660599,0.4987891085712487
2016-03-28,38.33,0.0,0.4857511412512321
2016-03-29,36.75,-0.042094653733617975,0.4244365459797599
2016-03-30,36.75,0.0,0.42429895272674983
2016-03-31,36.75,0.0,0.42368965974830824
2016-04-01,36.42,-0.009020151359383784,0.4206155147206194
2016-04-04,36.05,-0.010211210568503899,0.41754637406220146
2016-04-05,35.88,-0.0047268265403625775,0.3753992070134979
2016-04-06,37.77,0.05133509953377004,0.39718534179637127
2016-04-07,37.15,-0.016551365560597473,0.4000206321636922
2016-04-08,40.71,0.09150999135111942,0.5073972460122372
2016-04-11,41.58,0.02114551991497925,0.48825047797700066
2016-04-12,43.02,0.03404584140971728,0.4965868716820467
2016-04-13,42.81,-0.004893403682729236,0.4773911355103252
2016-04-14,43.02,0.004893403682729357,0.47146075042573954
2016-04-15,41.32,-0.0403184795881462,0.493873987422524
2016-04-18,41.64,0.0077145994953303825,0.48886231729191726
2016-04-19,43.02,0.03260388009281588,0.49937850233786807
2016-04-20,43.09,0.001625827788162602,0.4975008978102928
2016-04-21,43.48,0.009010110625261919,0.4960086844855103
2016-04-22,43.97,0.011206520939710028,0.46710941151951824
2016-04-25,42.97,-0.023005385405814975,0.4733476263600875
2016-04-26,43.94,0.022322869169560337,0.4764207367261924
2016-04-27,44.17,0.005220758651971116,0.4425999388358125
2016-04-28,45.6,0.03186189091190527,0.4483807470245504
2016-04-29,45.64,0.0008768084735343862,0.44813780648142587
2016-05-02,45.82,0.003936152031474487,0.44331534142730294
2016-05-03,43.09,-0.061429725397602726,0.5052722918007109
2016-05-04,43.08,-0.0002320993395589187,0.5040287494812274
2016-05-05,44.39,0.029955366557756116,0.48637866135073415
2016-05-06,44.6,0.004719640180074468,0.4785387709702382
2016-05-09,42.43,-0.049878199811784915,0.4169510173624329
2016-05-10,44.01,0.03656122160876648,0.42912571619366896
2016-05-11,46.08,0.04596213556463585,0.44188722928437146
2016-05-12,46.43,0.0075667856441945895,0.44109348275956317
2016-05-13,47.05,0.013265063999558223,0.4422910169795543
2016-05-16,48.49,0.0301467250858723,0.41957025131076864
2016-05-17,48.71,0.004526756701190284,0.41970645662358974
2016-05-18,48.93,0.004506357482580851,0.4096697985019458
2016-05-19,47.01,-0.04003036026499303,0.439750122702239
2016-05-20,48.54,0.0320278552624161,0.4500658719367789
2016-05-23,47.77,-0.01599037289658472,0.4553544276965796
2016-05-24,48.42,0.013515124108041916,0.44558697228275507
2016-05-25,48.87,0.009250759772150997,0.44172153538918213
2016-05-26,49.52,0.013212917094277358,0.4426240311111094
2016-05-27,49.09,-0.008721280306379493,0.43435333604508786
2016-05-31,49.26,0.0034570446224306208,0.4342480629643416
2016-06-01,48.81,-0.009177182793335625,0.4365034536519419
2016-06-02,49.05,0.0049049761123159405,0.368264509541851
2016-06-03,48.5,-0.011276388067934497,0.37264459838644365
2016-06-06,48.94,0.009031260071088015,0.362351014580892
2016-06-07,49.76,0.016616390416398303,0.3647170342924459
2016-06-08,50.73,0.019306003147674576,0.3072576678933212
2016-06-09,50.59,-0.002763523274753727,0.2918285910169522
2016-06-10,49.7,-0.01774899520126173,0.26595649851595327
2016-06-13,49.36,-0.006864553505450691,0.26793631815087887
2016-06-14,47.88,-0.030442498907359866,0.2886401480409872
2016-06-15,47.47,-0.008599948126545798,0.2696407201410038
2016-06-16,45.66,-0.03887529146157722,0.2987518354652001
2016-06-17,46.57,0.0197339158926364,0.3081331112091589
2016-06-20,48.68,0.044311711125040495,0.31659272287414925
2016-06-21,48.18,-0.010324270932601128,0.29890970085091134
2016-06-22,48.43,0.005175459228412407,0.2939099612858423
2016-06-23,48.63,0.004121168000556669,0.29051213154197286
2016-06-24,46.69,-0.04071061543284886,0.3208792192954458
2016-06-27,45.07,-0.03531317228028867,0.3352700781481166
2016-06-28,46.29,0.026709118340622243,0.35169072377689964
2016-06-29,48.4,0.04457385867940685,0.3878829561397983
2016-06-30,48.05,-0.007257678306284528,0.38741974178560423
2016-07-01,47.65,-0.0083595053160903,0.3877061514024982
2016-07-04,48.02,0.007734960692896161,0.3871840693031164
2016-07-05,45.64,-0.05083306579923228,0.42258426215930744
2016-07-06,45.7,0.0013137729062842444,0.41677073753774496
2016-07-07,45.93,0.005020200437542943,0.4095577637063739
2016-07-08,44.53,-0.030955379004091007,0.4193751833775936
2016-07-11,44.04,-0.011064807479131888,0.4176666445902828
2016-07-12,46.72,0.05907402666549231,0.474110298153404
2016-07-13,44.67,-0.04487020315594428,0.48723200920170306
2016-07-14,46.01,0.02955662880334991,0.4997743136530927
2016-07-15,46.25,0.00520269979105711,0.4812066294382333
2016-07-18,45.35,-0.019651287397288615,0.4808272980656979
2016-07-19,45.7,0.00768812133901349,0.453020695944451
2016-07-20,45.82,0.0026223791251904524,0.45260600560388
2016-07-21,44.99,-0.018280434172268552,0.4549522498193036
2016-07-22,44.24,-0.016810885639001585,0.45630558369028895
2016-07-25,43.76,-0.010909199100353732,0.4378153053706072
2016-07-26,43.56,-0.004580860048965925,0.42196873425369225
2016-07-27,42.78,-0.018068594410500165,0.4124906216468199
2016-07-28,41.87,-0.021501123623207698,0.37691836610116797
2016-07-29,40.76,-0.026868371676527864,0.3832211575672603
2016-08-01,40.17,-0.014580759983333136,0.3839337040677289
2016-08-02,40.0,-0.004240994257254623,0.3799180933042659
2016-08-03,40.45,0.011187189390564376,0.3530559906630202
2016-08-04,41.33,0.021521985019140166,0.36489097068828175
2016-08-05,42.47,0.02720931580153884,0.38018034047551125
2016-08-08,43.24,0.01796804844582776,0.373755527900077
2016-08-09,43.37,0.0030019650762672678,0.3723461138089721
2016-08-10,42.19,-0.02758473171102751,0.31330241067940895
2016-08-11,44.23,0.047220065743987974,0.3272114134942843
2016-08-12,45.12,0.01992231530956815,0.31763313672687576
2016-08-15,47.31,0.04739608245325344,0.3588524536250105
2016-08-16,48.27,0.020088560029344834,0.35632269862549193
2016-08-17,48.58,0.006401673901624826,0.35613595303502804
2016-08-18,49.46,0.01795233851924374,0.3599190602832373
2016-08-19,49.39,-0.00141628754073666,0.3516230672433649
2016-08-22,48.1,-0.026465797440817923,0.36045609269636514
2016-08-23,48.7,0.01239685297682872,0.3573513817230838
2016-08-24,47.56,-0.023686958265963027,0.36978151585339286
2016-08-25,49.25,0.03491729579551675,0.3751219604157468
2016-08-26,49.66,0.008290412461922657,0.3608185897081121
2016-08-29,49.66,0.0,0.3393514165043805
2016-08-30,47.94,-0.03524955107378222,0.3643880890425744
2016-08-31,47.94,0.0,0.3628241211783589
2016-09-01,45.05,-0.06217724495189141,0.43759309603134516
2016-09-02,45.96,0.01999846892620811,0.4369052490416785
2016-09-05,46.72,0.01640088553941673,0.4315717766423905
2016-09-06,46.21,-0.010976113637796514,0.43187294919121616
2016-09-07,47.0,0.016951376827883446,0.4345026448841785
2016-09-08,49.23,0.04635559206005065,0.44256991001260376
2016-09-09,48.37,-0.017623406935217363,0.4256430418564208
2016-09-12,47.82,-0.011435824804713064,0.4249657163040839
2016-09-13,46.48,-0.02842184948652298,0.4053496557435009
2016-09-14,45.65,-0.01801850550267825,0.4020369945015836
2016-09-15,45.83,0.003935291480055115,0.4014270676390698
2016-09-16,45.26,-0.012515258315641415,0.3954351388622173
2016-09-19,46.04,0.017086943648290533,0.40222802132286417
2016-09-20,45.24,-0.017528932605762097,0.3969114493710257
2016-09-21,45.99,0.016442330303912737,0.39911964005437384
2016-09-22,47.21,0.026181753006362815,0.40348262706373855
2016-09-23,46.71,-0.010647460044178724,0.383686037021283
2016-09-26,46.61,-0.0021431641293671207,0.3816786083117444
2016-09-27,44.95,-0.03626434946702018,0.3983735332257434
2016-09-28,45.49,0.011941760664283476,0.3861985033454724
2016-09-29,48.43,0.06262693483322501,0.4473893137914442
2016-09-30,48.24,-0.003930903996207695,0.3858675989721565
2016-10-03,48.61,0.007640718638433962,0.3814617903656783
2016-10-04,48.81,0.004105938841692,0.37824942776244314
2016-10-05,49.57,0.015450602133426316,0.3778302477470371
2016-10-06,50.14,0.011433280697664822,0.37580403558400977
2016-10-07,50.49,0.006956204140677057,0.341890640030986
2016-10-10,51.54,0.02058290835339456,0.34099767479424037
2016-10-11,50.48,-0.020780986991261317,0.3474656430422411
2016-10-12,49.53,-0.01899867163281129,0.338284837539771
2016-10-13,49.29,-0.004857325882859989,0.3309613410673209
2016-10-14,48.87,-0.008557509435222944,0.33364569342209416
2016-10-17,49.31,0.00896318895397134,0.3292810720967946
2016-10-18,49.81,0.010088866849157292,0.32668042830264143
2016-10-19,51.85,0.04013916759034426,0.34015762145410317
2016-10-20,50.42,-0.027967012915762566,0.35810629189183835
2016-10-21,50.28,-0.0027805380377270766,0.3498475755661856
2016-10-24,49.8,-0.009592399691439522,0.34934772038864853
2016-10-25,49.08,-0.014563364187896555,0.3542886812163081
2016-10-26,48.98,-0.002039568318688988,0.32585132500353975
2016-10-27,49.13,0.003057794656535315,0.3246044636799098
2016-10-28,47.78,-0.02786270428289348,0.2630146376732509
2016-10-31,46.2,-0.03362734380997032,0.28673927885655837
2016-11-01,45.77,-0.009350943422142405,0.2855368773122957
2016-11-02,44.26,-0.03354752004264719,0.3031973097980825
2016-11-03,43.84,-0.009534691983143356,0.2945466767365864
2016-11-04,43.06,-0.017952150703543137,0.29038195160783814
2016-11-07,42.83,-0.0053557003089375055,0.2858905947804584
2016-11-08,43.47,0.01483225337342107,0.27930635190930503
2016-11-09,43.88,0.00938759040632893,0.2816022615087576
2016-11-10,43.67,-0.004797267909559971,0.2780444066389334
2016-11-11,41.61,-0.048320844502619725,0.3142139274862515
2016-11-14,41.83,0.005273262459257034,0.3175759417464598
2016-11-15,44.15,0.05397914159586189,0.3791335436641828
2016-11-16,45.07,0.02062390965258799,0.38619928670502324
2016-11-17,44.57,-0.011155849744092434,0.35026194220581014
2016-11-18,44.41,-0.0035963176544535807,0.34213953323658286
2016-11-21,45.96,0.03430678367654419,0.36961479045415874
2016-11-22,46.1,0.003041497022047899,0.3699168533195853
2016-11-23,46.54,0.009499207871542804,0.37038479431876686
2016-11-24,47.54,0.021259304057902263,0.3794563977382371
2016-11-25,46.32,-0.025997628667308016,0.3883792284162562
2016-11-28,46.64,0.006884708777497233,0.37866244175727903
2016-11-29,44.68,-0.04293256784123699,0.3899230341459258
2016-11-30,47.95,0.07063282712844743,0.4617055914472588
2016-12-01,52.28,0.08645508742657393,0.5270950577453575
2016-12-02,52.35,0.0013380485605247504,0.5238917445332694
2016-12-05,53.3,0.017984393855252887,0.5158021894395628
2016-12-06,52.31,-0.01874877378927903,0.5229156081097437
2016-12-07,51.9,-0.007868767210676813,0.5259150072034605
2016-12-08,51.6,-0.005797117684325846,0.5281960245777224
2016-12-09,52.19,0.011369233167804705,0.5263353796016134
2016-12-12,53.99,0.03390793857487385,0.49035936670312913
2016-12-13,53.28,-0.013237817998061977,0.49788552925299306
2016-12-14,53.15,-0.0024429214441767833,0.4751034618085787
2016-12-15,51.72,-0.02727355088430016,0.4889001257322239
2016-12-16,54.15,0.045913419543342875,0.5026303203466131
2016-12-19,53.53,-0.011515729041709612,0.5059227417393282
2016-12-20,54.56,0.019058769129916747,0.4989820118180157
2016-12-21,53.01,-0.02882043853549197,0.5150548308518796
2016-12-22,54.04,0.019243938092283457,0.5168369780611998
2016-12-23,53.93,-0.002037603742862437,0.5151014186662508
2016-12-28,54.95,0.01873677150049477,0.5032555273135793
2016-12-29,54.97,0.00036390102293855717,0.5039662155919247
2016-12-30,54.96,-0.00018193395847502497,0.47035220946785866
2017-01-03,55.05,0.0016362152545950318,0.4155630111980343
2017-01-04,54.57,-0.008757581970548298,0.2996964100346637
2017-01-05,54.99,0.007667069321582736,0.3003105563313192
2017-01-06,55.9,0.01641302964133005,0.2993270450146972
2017-01-09,54.39,-0.027384066726184063,0.308326040013291
2017-01-10,53.2,-0.022121917087270595,0.31779867329190764
2017-01-11,53.61,0.007677221491847648,0.3174999842727875
2017-01-12,54.51,0.01664855323674305,0.3200174247826501
2017-01-13,54.37,-0.002571639918360186,0.2985182322503278
2017-01-16,54.3,-0.0012883042179395552,0.2945161779090328
2017-01-17,54.68,0.006973784915859106,0.2949743693622444
2017-01-18,53.77,-0.016782321034162,0.2841880141295887
2017-01-19,53.18,-0.01103330500671303,0.23758342989941322
2017-01-20,55.04,0.03437780781021438,0.2634346449326894
2017-01-23,54.8,-0.004369999671118379,0.25595779908728
2017-01-24,54.7,-0.0018264845260341873,0.2334764755209533
2017-01-25,54.34,-0.006603105429733847,0.22575881289798094
2017-01-26,55.89,0.02812486928340514,0.2452247729875185
2017-01-27,54.8,-0.01969527932763694,0.24770847807013185
2017-01-30,54.77,-0.0005475951583397858,0.2477056952053073
2017-01-31,55.25,0.008725741602232282,0.24961649444150608
2017-02-01,55.79,0.009726301459574788,0.2517464457700625
2017-02-02,55.94,0.002685045916376594,0.2494771391485022
2017-02-03,55.92,-0.0003575898482588139,0.2483946635140635
2017-02-06,55.02,-0.01622534242912627,0.24827486701653945
2017-02-07,53.79,-0.022609179211277326,0.24230121011522815
2017-02-08,54.42,0.011644157069949188,0.23241658295644294
2017-02-09,53.98,-0.00811812576524174,0.23320652111145282
2017-02-10,55.2,0.02234934569319112,0.23899780034739515
2017-02-13,54.15,-0.01920497983605004,0.24853363180829333
2017-02-14,54.96,0.014847674467094316,0.2538662129952957
2017-02-15,54.57,-0.007121366715953382,0.2540854341367189
2017-02-16,54.16,-0.007541652594121057,0.24839163544437226
2017-02-17,54.48,0.005891033237237342,0.24552637122526505
2017-02-20,55.25,0.014034678556605406,0.2195796296694836
2017-02-21,56.34,0.019536422050364318,0.2287607924826606
2017-02-22,54.9,-0.025891413932741705,0.2473639736107249
2017-02-23,55.82,0.0166188795926913,0.2523772224986771
2017-02-24,54.69,-0.020451350749494772,0.24320403500647333
2017-02-27,54.65,-0.0007316627361337846,0.23354978690987568
2017-02-28,53.36,-0.023887813015179282,0.24764491331461855
2017-03-01,55.72,0.043277747304236745,0.2904015852062802
2017-03-02,54.16,-0.028396520307585424,0.30465846824881593
2017-03-03,54.12,-0.0007388253014322039,0.3043089835337737
2017-03-06,54.73,0.01120820185323946,0.30751260796150154
2017-03-07,54.61,-0.0021949889917643704,0.30257504065965374
2017-03-08,53.3,-0.02428068499226357,0.3041751503898477
2017-03-09,50.65,-0.05099710047710643,0.34718979866978417
2017-03-10,50.63,-0.00039494471287447743,0.3469033049343667
2017-03-13,50.1,-0.010523277890998757,0.3350640035653881
2017-03-14,49.6,-0.010030174359937357,0.33151927559955524
2017-03-15,50.63,0.02055345225093599,0.3362016038550884
2017-03-16,50.56,-0.0013835361432158807,0.3360980715949132
2017-03-17,50.58,0.00039549140321705326,0.33606009941142506
2017-03-20,50.67,0.0017777782459993572,0.3349496062482731
2017-03-21,50.14,-0.01051492675767109,0.32955284311757943
2017-03-22,49.56,-0.011635035969205555,0.3182585887944208
2017-03-23,50.17,0.01223318173521998,0.31578706406111284
2017-03-24,49.97,-0.0039944131400480145,0.3065273090175314
2017-03-27,50.12,0.0029973046717538124,0.3026341358469138
2017-03-28,50.72,0.011900180101103037,0.3075581145242296
2017-03-29,51.36,0.012539349252735173,0.3030665118511571
2017-03-30,52.25,0.0171802314632147,0.265262095256674
2017-03-31,52.2,-0.0009573959563273326,0.2487585128198124
2017-04-03,52.04,-0.0030698412442886026,0.24876956251649063
2017-04-04,53.08,0.019787555819702162,0.2561176503184066
2017-04-05,53.41,0.006197784887672087,0.2574598619868956
2017-04-06,53.62,0.003924138456134365,0.24356922692792204
2017-04-07,54.24,0.01149651082432706,0.15946872280301527
2017-04-10,54.79,0.01008905191818424,0.1605720248347053
2017-04-11,54.73,-0.0010956903944975896,0.1531552701900731
2017-04-12,54.75,0.00036536354078338314,0.14499350564618732
2017-04-13,55.05,0.005464494472078745,0.13314901089684988
2017-04-17,54.79,-0.00473416761836457,0.13533930581939996
2017-04-18,52.6,-0.04079157580666019,0.20550873880767487
2017-04-19,52.43,-0.0032371731592228388,0.20626834599768604
2017-04-20,50.66,-0.034342302010912325,0.23801164540573394
2017-04-21,49.93,-0.01451462006101115,0.24006041351718393
2017-04-24,49.45,-0.009659966443796759,0.23838413105244416
2017-04-25,49.37,-0.001619105797949698,0.23811090900976742
2017-04-26,49.99,0.01248003315470758,0.24213546009615539
2017-04-27,49.46,-0.010658723332208844,0.24062638612161918
2017-04-28,49.46,0.0,0.23547191645625465
2017-05-01,50.41,0.01902530600126932,0.2374239793571245
2017-05-02,49.31,-0.022062667858504637,0.24762183424940695
2017-05-03,48.82,-0.009986835271220735,0.24890370691759306
2017-05-04,47.53,-0.026778974338895877,0.24735588402734804
2017-05-05,47.45,-0.0016845655699812025,0.2442432977687309
2017-05-08,46.61,-0.01786141467128737,0.24515818963163194
2017-05-09,47.06,0.009608272914566816,0.24347651111387428
2017-05-10,48.09,0.02165087199035487,0.25650441064640606
2017-05-11,49.18,0.02241278149847507,0.27469390046863257
2017-05-12,49.08,-0.00203541694533583,0.27421844484266505
2017-05-15,51.29,0.04404418155846632,0.3216059580378926
2017-05-16,51.21,-0.0015609759267180728,0.3216240755167556
2017-05-17,51.76,0.01068282471818615,0.29410601537435394
2017-05-18,51.71,-0.0009664637845149529,0.2939708328136192
2017-05-19,52.78,0.020481144667047823,0.2755907110739191
2017-05-22,53.35,0.010741646672584438,0.27041517271058174
2017-05-23,53.19,-0.0030035689935362505,0.26740696221643606
2017-05-24,53.29,0.0018782875544646664,0.26684186098023854
2017-05-25,52.25,-0.019708805463770514,0.2765249382316543
2017-05-26,50.84,-0.027356444523667065,0.29186092422554316
2017-05-29,52.25,0.027356444523666954,0.3053848511788078
2017-05-30,50.65,-0.031100660150228002,0.32043690693677307
2017-05-31,49.4,-0.024988806500815582,0.32315028839582804
2017-06-01,50.41,0.020239143900662674,0.3282017155485168
2017-06-02,48.46,-0.03945085270615975,0.344502543696566
2017-06-05,48.25,-0.004342887603384812,0.3448789144814106
2017-06-06,48.11,-0.0029057720736325975,0.3385170807522639
2017-06-07,47.08,-0.021641773319286402,0.34631471919165363
2017-06-08,46.3,-0.016706321299887614,0.3415859675041392
2017-06-09,46.64,0.007316580950048702,0.3319671528111841
2017-06-12,47.18,0.011511531937291986,0.33551694537293386
2017-06-13,46.95,-0.004886868325256946,0.2909898923069526
2017-06-14,45.47,-0.03203043781735281,0.30623794423885603
2017-06-15,45.61,0.0030742228866898766,0.3022294601771709
2017-06-16,45.7,0.001971307176549994,0.30301911523899977
2017-06-19,45.93,0.005020200437542943,0.2905460430328891
2017-06-20,43.98,-0.04338351321108706,0.30966322181656325
2017-06-21,44.62,0.014447203877771422,0.319795757218691
2017-06-22,44.46,-0.0035922804683358777,0.3181448992595229
2017-06-23,44.14,-0.007223507707460135,0.3155946496007126
2017-06-26,44.09,-0.0011334014587439842,0.3083533896732663
2017-06-27,46.17,0.0460972371490513,0.3397345351888452
2017-06-28,46.45,0.006046228740949901,0.32921024811333255
2017-06-29,47.02,0.012196577852075863,0.32468255541274427
2017-06-30,47.08,0.0012752392801525072,0.31454500456101775
2017-07-03,49.13,0.042621563788481066,0.32389292076268017
2017-07-04,49.15,0.0004070004126187052,0.3233871740860001
2017-07-05,47.58,-0.032464341718364,0.3433420154350345
2017-07-06,48.53,0.01976965854231328,0.34121612011346913
2017-07-07,46.47,-0.04337522032023795,0.37035328526905137
2017-07-10,46.57,0.002149613897398967,0.36952939866425044
2017-07-11,46.68,0.0023592504240693597,0.36726783247691785
2017-07-12,46.73,0.0010705492939795688,0.3669524035311447
2017-07-13,47.65,0.01949627338787633,0.3538556814295666
2017-07-14,47.89,0.005024084254306954,0.3539787412795123
2017-07-17,47.66,-0.004814242683922034,0.35484304256662746
2017-07-18,47.92,0.005440482136597901,0.3548911025625861
2017-07-19,48.34,0.00872642146814312,0.3145009338349546
2017-07-20,48.54,0.004128825023118175,0.3124136095498339
2017-07-21,47.47,-0.022290267735228658,0.324622340147147
2017-07-24,47.81,0.007136890074785299,0.32266297104914643
2017-07-25,49.19,0.028455528169236327,0.3330712746582039
2017-07-26,50.08,0.017931375984594686,0.3023854035571703
2017-07-27,50.67,0.011712292695975358,0.30353380362975885
2017-07-28,52.0,0.025909699093608903,0.3117261527301979
2017-07-31,51.99,-0.00019232618580286207,0.31197622748729104
2017-08-01,50.77,-0.023745763436321392,0.29462268867999436
2017-08-02,52.09,0.02566736279779727,0.30614262639460915
2017-08-03,52.88,0.015052203786330594,0.2804125285506479
2017-08-04,52.48,-0.007593050907597319,0.2783013546181228
2017-08-07,51.42,-0.020404942798090128,0.23773630319286065
2017-08-08,52.18,0.0146720778708389,0.2399116668868678
2017-08-09,52.16,-0.0003833620901849574,0.24053930406809024
2017-08-10,52.59,0.00821006998285533,0.2402341641654289
2017-08-11,51.47,-0.02152687393658979,0.25212708367543674
2017-08-14,51.29,-0.0035033122634861038,0.25327881905745314
2017-08-15,49.9,-0.027474798643704057,0.27372695159782806
2017-08-16,50.39,0.00977173993503385,0.27478475882675885
2017-08-17,50.37,-0.00039698293494760636,0.27395156597072856
2017-08-18,50.96,0.011645251506348793,0.27593194671279325
2017-08-21,51.94,0.01904819497069441,0.2664788137773413
2017-08-22,52.29,0.006715941965436809,0.2664260407431168
2017-08-23,52.31,0.0003824091824805265,0.25164817623347846
2017-08-24,51.73,-0.011149673367096066,0.24996100564465265
2017-08-25,51.87,0.002702704347885073,0.2472769015212837
2017-08-28,51.87,0.0,0.23024397824833132
2017-08-29,51.64,-0.004444022384867052,0.23073154934403386
2017-08-30,51.91,0.005214883860695817,0.21495713621946005
2017-08-31,52.69,0.014914234382056827,0.2023001582215626
2017-09-01,53.15,0.008692420566762595,0.1977011773364876
2017-09-04,52.6,-0.010401985044292725,0.19933659674375623
2017-09-05,53.63,0.019392493251169655,0.19536635108676598
2017-09-06,54.48,0.015725048846422948,0.19625866901657615
2017-09-07,54.16,-0.005891033237237419,0.1980398206083004
2017-09-08,54.55,0.007175083675060303,0.19764924601628925
2017-09-11,54.2,-0.006436803833479199,0.18151892926978908
2017-09-12,55.06,0.01574259126886063,0.18574522546716138
2017-09-13,55.52,0.008319816484087809,0.14848168508681964
2017-09-14,56.76,0.02208853609329285,0.15913159513214967
2017-09-15,56.18,-0.010271030615744267,0.16733823074778595
2017-09-18,55.5,-0.01217780092370876,0.17590392369074162
2017-09-19,56.58,0.019272545121032325,0.1761462741663918
2017-09-20,57.2,0.010898332512331103,0.17752691996906078
2017-09-21,57.73,0.009223070687089802,0.17772665467576254
2017-09-22,58.16,0.0074208641524216145,0.1682566947537224
2017-09-25,59.42,0.021433036809197687,0.17652924432985923
2017-09-26,59.77,0.0058729928017013265,0.17498222613101638
2017-09-27,58.74,-0.017382937065688806,0.19046758764247235
2017-09-28,58.8,0.001020929134107143,0.19127510132983544
2017-09-29,57.02,-0.030739771420055143,0.2264220252920382
2017-10-02,55.67,-0.023960681289109557,0.24495631101474422
2017-10-03,56.12,0.008050853038843621,0.24130247131905982
2017-10-04,56.0,-0.002140564499110877,0.23439654356311568
2017-10-05,57.09,0.019277279241018578,0.2373109251268005
2017-10-06,55.5,-0.02824594922377908,0.2586259580281026
2017-10-09,55.29,-0.003790960402547182,0.2582039104792699
2017-10-10,56.62,0.02377021933391185,0.26875751531381
2017-10-11,56.13,-0.008691850729645558,0.2664252865383307
2017-10-12,56.13,0.0,0.2650677178354193
2017-10-13,56.86,0.01292167726874583,0.2574624489287145
2017-10-16,57.49,0.011018913412345791,0.2572364802150305
2017-10-17,57.63,0.002432245813375364,0.252674476972982
2017-10-18,58.05,0.0072614426953255045,0.24553001816486222
2017-10-19,57.82,-0.003969971555700482,0.24354058700956405
2017-10-20,57.89,0.0012099215027131511,0.2415031742956628
2017-10-23,57.69,-0.003460809822115194,0.24030380303158955
2017-10-24,57.84,0.0025967295817113565,0.22725858590547468
2017-10-25,58.45,0.010491110067568135,0.2296415013770499
2017-10-26,58.75,0.005119465106190774,0.2226148510471617
2017-10-27,60.15,0.02355028939641949,0.2371144382824752
2017-10-30,60.65,0.008278192969371254,0.20785639759176697
2017-10-31,61.35,0.011475535766861281,0.1850725023801659
2017-11-01,60.98,-0.006049229596811783,0.18820410367232693
2017-11-02,60.79,-0.0031206397994775277,0.1886341890879352
2017-11-03,61.42,0.010310213252045276,0.18186483976412895
2017-11-06,64.27,0.0453574443705185,0.1980821149360444
2017-11-07,64.36,0.0013993627409876726,0.19532073193077018
2017-11-08,63.96,-0.006234434158428942,0.19091810667811132
2017-11-09,64.49,0.00825228505653234,0.18358953338131856
2017-11-10,64.35,-0.0021732389801503832,0.18472647539460094
2017-11-13,62.94,-0.02215504240587476,0.20789194261071137
2017-11-14,60.91,-0.03278452678786758,0.24376370455861252
2017-11-15,61.25,0.005566484576443112,0.2439536662430293
2017-11-16,61.18,-0.0011435107020789379,0.2437981607233488
2017-11-17,61.34,0.0026118199633481647,0.24266055010242024
2017-11-20,61.34,0.0,0.2427974935075455
2017-11-21,62.28,0.01520818827969207,0.24537316580706092
2017-11-22,62.92,0.01022373122427944,0.24638275318913286
2017-11-23,63.27,0.00554720496871583,0.24533681338122365
2017-11-24,63.58,0.004887672323863704,0.24532210179016742
2017-11-27,63.25,-0.005203827875026998,0.23614837741242012
2017-11-28,63.56,0.004889214060885675,0.23537474853394397
2017-11-29,63.74,0.00282796732067516,0.23298974722696322
2017-11-30,63.53,-0.003300073710748483,0.2320124044803954
2017-12-01,64.57,0.016237671359933578,0.23633175935847814
2017-12-04,63.45,-0.017497712477978836,0.24478580351543625
2017-12-05,63.45,0.0,0.18583220208478415
2017-12-06,62.25,-0.0190936588155797,0.19630266050948644
2017-12-07,62.37,0.0019258551932142657,0.1959035216142142
2017-12-08,63.86,0.023608796748604746,0.21181467085035965
2017-12-11,65.62,0.02718734024631961,0.2322668865984563
2017-12-12,64.96,-0.010108831679533243,0.22063826692383479
2017-12-13,63.66,-0.020215273999475727,0.19928940116775914
2017-12-14,63.72,0.0009420631879009365,0.19892020558199394
2017-12-15,63.81,0.0014114328384078085,0.1986271533787594
2017-12-18,64.45,0.009979811504940865,0.20054176700677456
2017-12-19,63.69,-0.011862165001922104,0.20642078493617247
2017-12-20,64.43,0.011551798767276675,0.20379801001518041
2017-12-21,64.64,0.0032540510622888273,0.20150618959608577
2017-12-22,64.61,-0.0004642166427658592,0.20097911724592213
2017-12-27,66.03,0.02173998663640582,0.21319585545346526
2017-12-28,66.8,0.01159389633612002,0.21418097525922355
2017-12-29,66.73,-0.0010484536270848057,0.2143690375792435
2018-01-02,66.65,-0.0011995802907974697,0.214701984012306
2018-01-03,67.85,0.017844339656160335,0.2203879181097371
2018-01-04,68.73,0.012886398852635924,0.21817164497190847
2018-01-05,68.01,-0.010531031945966484,0.2111573177085378
2018-01-08,68.48,0.00688697864593927,0.2111468914995142
2018-01-09,69.08,0.008723521444991103,0.1947753684079878
2018-01-10,69.79,0.010225479750582607,0.1952690118684659
2018-01-11,70.36,0.008134186840297153,0.18407713707338347
2018-01-12,69.64,-0.010285804969369157,0.17152375419725557
2018-01-15,70.31,0.009574921311081772,0.16628610424485615
2018-01-16,69.4,-0.013027168698311133,0.1546823672194407
2018-01-17,69.19,-0.003030524002039226,0.15631138536262013
2018-01-18,69.48,0.004182597862184483,0.1560451662064745
2018-01-19,68.56,-0.013329667083379897,0.16549658992338587
2018-01-22,69.32,0.011024190557880831,0.158541528092644
2018-01-23,69.81,0.007043801134904919,0.15660524674055165
2018-01-24,69.91,0.001431434541583726,0.1568152165688056
2018-01-25,71.08,0.016597302762556797,0.1621108436806895
2018-01-26,70.08,-0.014168556658314586,0.16184249098166317
2018-01-29,68.41,-0.024118433855229427,0.183342778452433
2018-01-30,67.78,-0.009251846594001264,0.18674396945826768
2018-01-31,67.78,0.0,0.18663290500290966
2018-02-01,68.6,0.012025368552934214,0.180938945094538
2018-02-02,67.45,-0.016905952078074552,0.18468416250130332
2018-02-05,67.69,0.0035518758667513234,0.18184753503637724
2018-02-06,66.75,-0.013984161240157274,0.18589091758049298
2018-02-07,65.74,-0.015246729044285636,0.18826804728614893
2018-02-08,64.26,-0.022770214548360798,0.19505081390921186
2018-02-09,63.04,-0.019167908138088798,0.19669415810947274
2018-02-12,62.2,-0.013414445804489812,0.19800142782999267
2018-02-13,61.94,-0.004188825200077138,0.19050124742729027
2018-02-14,62.29,0.005634724720997366,0.19282617403786084
2018-02-15,62.86,0.009109132103367461,0.19899207093658913
2018-02-16,64.3,0.022649599874152045,0.21854716705921926
2018-02-19,64.95,0.010058111873035002,0.22055627969840527
2018-02-20,64.68,-0.004165708407702389,0.21496045036793485
2018-02-21,64.81,0.0020078777307185342,0.21260233033254103
2018-02-22,66.12,0.0200113605131988,0.22730927312758206
2018-02-23,67.04,0.013818183221004206,0.22453047489620015
2018-02-26,67.96,0.013629840629903543,0.2274062279710323
2018-02-27,67.59,-0.005459253691468323,0.21269372829972233
2018-02-28,66.08,-0.02259391389954018,0.22425953274494004
2018-03-01,64.23,-0.028395737943021422,0.24311029554487515
2018-03-02,64.26,0.0004669624180113042,0.23760673328115076
2018-03-05,65.78,0.023378487073198357,0.24885330824800647
2018-03-06,65.67,-0.0016736405580296484,0.24825533323867527
2018-03-07,65.09,-0.008871272618585287,0.24561861768092
2018-03-08,63.87,-0.018921160010798285,0.24857848287130888
2018-03-09,65.19,0.020456315362950242,0.24679297888373405
2018-03-12,64.53,-0.010175850988699562,0.2395382418023863
2018-03-13,64.2,-0.005127021251832878,0.23488063100038192
2018-03-14,63.61,-0.009232520005202699,0.23706144801694728
2018-03-15,63.67,0.0009428033382210968,0.23652877528254942
2018-03-16,64.68,0.015738540679972216,0.24045937447969667
2018-03-19,64.82,0.0021621630044950956,0.22774025107731982
2018-03-20,66.0,0.018040544313024282,0.23361584119160883
2018-03-21,68.15,0.0320564161161162,0.2565567140643838
2018-03-22,68.98,0.012105449366153256,0.2586939752760155
2018-03-23,69.03,0.0007245852066892535,0.25120402957979776
2018-03-26,68.81,-0.0031921095009957027,0.24805549722796227
2018-03-27,68.63,-0.002619326293845293,0.24418631798221685
2018-03-28,68.13,-0.007312112134966532,0.24483641769063247
2018-03-29,69.02,0.012978672884280637,0.23352997185611665
2018-04-03,69.02,0.0,0.20593582701009608
2018-04-04,66.04,-0.04413569861792993,0.2638317244904738
2018-04-05,66.54,0.007542651538403445,0.25259888497908994
2018-04-06,66.51,-0.0004509582940009306,0.2524989386351135
2018-04-09,68.19,0.02494561423623166,0.26344438885442545
2018-04-10,70.67,0.035723228170201494,0.27591477182486124
2018-04-11,72.74,0.028870284856079908,0.28336264828432284
2018-04-12,71.44,-0.018033502990599293,0.28997164026021577
2018-04-13,73.18,0.02406422302281733,0.2949137010426844
2018-04-16,72.05,-0.015561837145529762,0.2998695432555425
2018-04-17,71.71,-0.004730114551047623,0.30169734868658754
2018-04-18,73.73,0.027779564107075886,0.30954559514690627
2018-04-19,74.85,0.015076338864078115,0.31063480419221945
2018-04-20,74.62,-0.0030775430726254164,0.309662531434117
2018-04-23,74.54,-0.0010726737418994135,0.2952608885582184
2018-04-24,75.86,0.017553642209640383,0.2976764110425822
2018-04-25,73.79,-0.027666315190477537,0.317811904544557
2018-04-26,75.39,0.021451419153335132,0.323013557200947
2018-04-27,75.33,-0.0007961783860072499,0.32257945376626007
2018-04-30,75.92,0.007801692464069037,0.3198816700887271
2018-05-01,74.85,-0.01419404343603514,0.325311430301373
2018-05-02,73.14,-0.02311069814440216,0.33835725082987766
2018-05-03,73.45,0.00422948989865108,0.2922297247055746
2018-05-04,74.75,0.017544309650909525,0.2953359618042507
2018-05-08,74.16,-0.007924291013196085,0.29836530821106566
2018-05-09,77.6,0.04534250593157329,0.32275617337581664
2018-05-10,77.59,-0.0001288742833150568,0.3047663942083518
2018-05-11,77.37,-0.0028394443444948246,0.2922901126942667
2018-05-14,78.17,0.010286833670875838,0.2830033469363922
2018-05-15,78.94,0.009802128002461859,0.2746338854994658
2018-05-16,78.19,-0.00954630809827841,0.2700963607243125
2018-05-17,80.09,0.024009240199168374,0.2767983673271935
2018-05-18,78.38,-0.021582209564105635,0.27901163393182404
2018-05-21,78.34,-0.0005104645338000839,0.2756537771893419
2018-05-22,80.42,0.026204573231442797,0.2870575273165335
2018-05-23,78.69,-0.021746818922236028,0.2999116156633554
2018-05-24,78.9,0.0026651453049367562,0.29493902083496154
2018-05-25,76.6,-0.029584151105283046,0.29742341431052416
2018-05-29,74.51,-0.02766373218090933,0.30505827503818084
2018-05-30,75.89,0.01835157885018517,0.3120028830999344
2018-05-31,76.45,0.007352008959249945,0.31187146928389453
2018-06-01,74.54,-0.0253010383239589,0.320639641790326
2018-06-04,73.41,-0.01527572792842253,0.31467830567086524
2018-06-05,72.91,-0.006834362304351104,0.31521586711113564
2018-06-06,73.23,0.004379369254639659,0.30903691938314554
2018-06-07,75.23,0.0269449144991519,0.32247585119670374
2018-06-08,75.11,-0.0015963818742098389,0.278572860104963
2018-06-11,74.58,-0.007081330947245661,0.27916547542445935
2018-06-12,74.86,0.003747327725608095,0.27981317994176824
2018-06-13,75.07,0.002801309108627995,0.27700381170235006
2018-06-14,74.77,-0.004004276573086795,0.27374757184191845
2018-06-15,72.02,-0.037472876791095046,0.29865687201021596
2018-06-18,74.87,0.03880941802186473,0.31974820795230274
2018-06-19,74.92,0.0006676013332939752,0.3128546426791288
2018-06-20,74.25,-0.008983099893078748,0.3136708742460484
2018-06-21,72.87,-0.018760746000618073,0.30010933662387695
2018-06-22,73.67,0.010918629012531416,0.2980488219446575
2018-06-25,72.82,-0.011605017947435008,0.29864612650971784
2018-06-26,73.58,0.01038260692934099,0.28706709557658877
2018-06-27,76.09,0.0335436005118032,0.29605528864728453
2018-06-28,76.26,0.0022317042409862944,0.28934070958264607
2018-06-29,77.44,0.015354888538903811,0.29312555337996316
2018-07-02,76.71,-0.009471364997116712,0.28034326248853
2018-07-03,75.87,-0.01101072862122129,0.2775282976324261
2018-07-04,76.99,0.014654193939974577,0.27930667752081234
2018-07-05,77.09,0.001298027181212842,0.2792623011215607
2018-07-06,74.98,-0.02775215916340486,0.2830553859758749
2018-07-09,77.08,0.027622432238399518,0.29884192170343266
2018-07-10,77.8,0.00929758763818036,0.2984862616915749
2018-07-11,75.35,-0.03199750611184152,0.3207241290522172
2018-07-12,72.11,-0.04395119414383626,0.35518890071846754
2018-07-13,74.11,0.02735774503459944,0.3692036952444725
2018-07-16,71.03,-0.04244815295354885,0.3758373450047138
2018-07-17,70.87,-0.0022551101875539405,0.34734159148048666
2018-07-18,70.52,-0.004950855292495293,0.34721791229902804
2018-07-19,71.94,0.019936080737808493,0.35517592284176225
2018-07-20,71.99,0.0006947822137336413,0.34961696149914323
2018-07-23,73.45,0.02007768213867482,0.3548130834366416
2018-07-24,73.53,0.0010885835882446127,0.3523623303802774
2018-07-25,73.67,0.0019021744865913945,0.3505740023714718
2018-07-26,74.51,0.011337683870913988,0.3317850274716006
2018-07-27,74.84,0.004419156840252802,0.3321397663334456
2018-07-30,74.99,0.0020022699074089484,0.3270908998651717
2018-07-31,74.16,-0.011129850055698227,0.3276481748670961
2018-08-01,72.28,-0.02567745553357187,0.33676290568610745
2018-08-02,72.95,0.009226809244766937,0.3338304562460324
2018-08-03,72.48,-0.00646361323407075,0.33378102114367186
2018-08-06,72.51,0.00041382164877743345,0.3214277405940346
2018-08-07,72.31,-0.0027620511966409064,0.3033526959963492
2018-08-08,70.71,-0.022375426570711145,0.306939853616609
2018-08-09,70.55,-0.0022653273173263333,0.29026744959674483
2018-08-10,71.0,0.006358198742492503,0.25075925954163253
2018-08-13,70.62,-0.005366486541075019,0.229261756362863
2018-08-14,70.77,0.002121791587452968,0.17692496583618741
2018-08-15,68.38,-0.034354797876538105,0.21295551653712308
2018-08-16,69.21,0.012064976642616791,0.21778869495498265
2018-08-17,70.14,0.013347883858260086,0.21093763583265476
2018-08-20,71.11,0.013734729183394403,0.21716349823991393
2018-08-21,71.65,0.007565180378754427,0.20621170898821314
2018-08-22,72.96,0.018118191491894933,0.2167430785636107
2018-08-23,73.73,0.01049842623548334,0.21990144361494196
2018-08-24,74.41,0.009180569407610544,0.21862818114856386
2018-08-27,74.41,0.0,0.21802150710346732
2018-08-28,75.91,0.01995808661950687,0.22898137744520117
2018-08-29,76.07,0.002105540980532833,0.22500834034422043
2018-08-30,77.05,0.012800592756915096,0.20572617832891432
2018-08-31,76.94,-0.0014286644419756452,0.2050007769677584
2018-09-03,77.81,0.011244060304689768,0.20438254385833818
2018-09-04,77.51,-0.0038629973354187136,0.20569709405551864
2018-09-05,76.68,-0.010766042115976324,0.2104225258428411
2018-09-06,75.67,-0.01325913747101363,0.19872766905905204
2018-09-07,75.55,-0.0015870919876816584,0.19850519288707624
2018-09-10,76.77,0.016019250121058648,0.20317104748722595
2018-09-11,78.22,0.018711430487561027,0.20669221766791618
2018-09-12,80.02,0.02275123410172087,0.21540962599458285
2018-09-13,77.66,-0.029936279125567664,0.20532647586086913
2018-09-14,77.87,0.002700445285373577,0.2044363050599843
2018-09-17,78.22,0.00448459973847319,0.20250805342709824
2018-09-18,79.25,0.013082043430022052,0.20217347922117862
2018-09-19,79.43,0.002268717887650708,0.20221238326827048
2018-09-20,79.03,-0.00504860342815681,0.1990440063070188
2018-09-21,78.9,-0.0016462993650553895,0.19834340959949512
2018-09-24,80.89,0.024908979178032618,0.2113488846318776
2018-09-25,82.21,0.01618674213418064,0.2149199142343751
2018-09-26,81.87,-0.004144325775685107,0.2095775554425292
2018-09-27,81.54,-0.004038925997249446,0.211203910447791
2018-09-28,82.72,0.014367713369011461,0.2121591183769381
2018-10-01,84.94,0.026483714125006105,0.2257818126520045
2018-10-02,85.63,0.008090564152975627,0.2248945239920531
2018-10-03,85.45,-0.00210427947650072,0.22414581695099262
2018-10-04,86.07,0.007229509099783187,0.21711551861564005
2018-10-05,85.12,-0.01109889306804869,0.2148810916290315
2018-10-08,84.22,-0.010629602859552554,0.22089293813925923
2018-10-09,85.16,0.011099417291497044,0.21849361397133446
2018-10-10,83.82,-0.01586019752835333,0.22379270020249067
2018-10-11,81.35,-0.029910808831878615,0.2398739996185251
2018-10-12,80.71,-0.00789835032876582,0.21518912378962762
2018-10-15,80.91,0.002474942483467335,0.21517910609586777
2018-10-16,80.53,-0.0047076400122947285,0.2161009505114742
2018-10-17,79.91,-0.00772878442108221,0.21392259910679573
2018-10-18,80.3,0.004868619566344607,0.21439859614810505
2018-10-19,80.38,0.0009957680683389768,0.2134412424897451
2018-10-22,80.45,0.0008704844173371768,0.21325479247907989
2018-10-23,78.67,-0.0223739850972411,0.2091166794594665
2018-10-24,77.34,-0.017050602162000078,0.20571534242546924
2018-10-25,77.3,-0.0005173305857747766,0.20582432447682408
2018-10-26,77.4,0.0012928250023051713,0.20622708643069204
2018-10-29,77.56,0.0020650497787696427,0.19779340757636554
2018-10-30,75.68,-0.024537905630828166,0.1799051548297726
2018-10-31,74.84,-0.011161423337734042,0.17384377783636562
2018-11-01,71.25,-0.049157682257129034,0.2273330362418788
2018-11-02,71.11,-0.001966845253333304,0.2213914687919539
2018-11-05,72.68,0.021838269632543903,0.24569645027189166
2018-11-06,70.64,-0.028469687232265995,0.2560904746396549
2018-11-07,70.1,-0.007673762255160277,0.2461693774260849
2018-11-08,69.29,-0.011622198401254363,0.24517496385091353
2018-11-09,69.01,-0.0040491740067794225,0.23356230795430455
2018-11-12,69.81,0.011525844349799624,0.2429965802213709
2018-11-13,65.45,-0.06449077362640115,0.31148801964689316
2018-11-14,64.88,-0.008747082548751575,0.3109210828233338
2018-11-15,65.61,0.011188713549628755,0.3196675994752988
2018-11-16,65.29,-0.004889238158243922,0.31594935962608034
2018-11-19,64.14,-0.017770690933533374,0.3145142534502621
2018-11-20,61.5,-0.04203101945253664,0.3293103230430921
2018-11-21,61.65,0.002436054797881121,0.3314211409489143
2018-11-22,61.11,-0.008797710703529197,0.3309465006715658
2018-11-23,57.69,-0.05759167063802611,0.36500377319869637
2018-11-26,59.7,0.03424817212975846,0.398629844605408
2018-11-27,59.58,-0.002012073113420231,0.39701723452177795
2018-11-28,57.97,-0.027394311933494713,0.39822465575142363
2018-11-29,58.29,0.005504916705816994,0.4031873441709309
2018-11-30,57.71,-0.01000008333458331,0.37973156015765364
2018-12-03,60.17,0.0417434205093854,0.4195374920274246
2018-12-04,61.22,0.017300044285005936,0.4157542568309192
2018-12-05,61.4,0.00293590163583032,0.41063679754647
2018-12-06,57.83,-0.05990216298296994,0.4501888955003374
2018-12-07,61.71,0.06493832016284859,0.5179410012335102
2018-12-10,60.29,-0.02327973983166128,0.5215260189821925
2018-12-11,59.73,-0.00933184575709964,0.5174656385306972
2018-12-12,59.94,0.0035096551443025183,0.47483925475456323
2018-12-13,59.03,-0.015298272635919088,0.47617227726142
2018-12-14,58.56,-0.007993919599541906,0.4728339078088453
2018-12-17,57.59,-0.01670292813447511,0.4744372360867557
2018-12-18,55.26,-0.04129962202331061,0.48859758924078034
2018-12-19,55.6,0.006133881761266217,0.47345906951046784
2018-12-20,52.84,-0.050914721602412075,0.4985852593164894
2018-12-21,51.93,-0.0173718217978971,0.4997836964377718
2018-12-27,51.49,-0.008509043798177525,0.4658824091519132
2018-12-28,50.57,-0.01802909896615834,0.4445118634366801
2019-01-02,54.06,0.06673602575640994,0.5143082977981391
2019-01-03,53.23,-0.015472393663635668,0.5092930488217277
2019-01-04,55.64,0.04428021987057612,0.5355090688857981
2019-01-07,57.1,0.02590174960672228,0.5433180113113355
2019-01-08,56.91,-0.0033330440469321316,0.521138024615691
2019-01-09,59.46,0.04383274495491921,0.5416395594343365
2019-01-10,60.47,0.016843556715169856,0.5451699425493538
2019-01-11,59.24,-0.020550384885523416,0.5070610165885023
2019-01-14,58.8,-0.007455134495016934,0.45124866456417095
2019-01-15,58.65,-0.0025542798050967423,0.4447725987038301
2019-01-16,59.81,0.01958529595698128,0.4494595039460414
2019-01-17,59.85,0.0006685609475164736,0.4492927719787147
2019-01-18,62.04,0.03593790630435591,0.4622831851737236
2019-01-21,62.18,0.0022540663222697485,0.4607493588971349
2019-01-22,60.9,-0.0208002299147564,0.4631532705959129
2019-01-23,61.05,0.002460025840862399,0.43475555188988796
2019-01-24,61.09,0.0006549861049619846,0.43494924042915994
2019-01-25,61.49,0.006526373303702819,0.38546596887231765
2019-01-28,59.71,-0.02937504940647726,0.3971791905968129
2019-01-29,60.98,0.021046431001207705,0.39616268086742706
2019-01-30,61.89,0.014812674191161564,0.38509763982715406
2019-01-31,62.46,0.009167736103662337,0.3243589076175784
2019-02-01,61.86,-0.009652584598008941,0.3199020095400668
2019-02-04,62.26,0.006445397756538562,0.29003146374864486
2019-02-05,61.67,-0.00952157601006055,0.2843113577799909
2019-02-06,62.22,0.008878902466089512,0.2836697465949619
2019-02-07,61.01,-0.01963870630572992,0.25592342516108707
2019-02-08,61.37,0.005883331237244602,0.25024912954719347
2019-02-11,61.3,-0.0011412734588399124,0.23822196618422845
2019-02-12,62.58,0.02066589529857045,0.24454574996906392
2019-02-13,63.27,0.010965544918057004,0.24518361403490205
2019-02-14,64.0,0.011471800200878906,0.24008076415706128
2019-02-15,65.65,0.025454517389133423,0.2518224957369473
2019-02-18,66.41,0.011510046803817005,0.22619430346495908
2019-02-19,65.86,-0.008316370604404091,0.22971212363511426
2019-02-20,66.82,0.014471159980392128,0.2162748694479894
2019-02-21,66.91,0.0013459958661150948,0.21643628975550597
2019-02-22,66.91,0.0,0.21658957527470094
2019-02-25,64.02,-0.04415289825300861,0.273735185597411
2019-02-26,64.51,0.007624716002433397,0.24935793788670294
2019-02-27,65.55,0.015992959665558505,0.2455086717973054
2019-02-28,65.03,-0.007964508328648347,0.24489407788645712
2019-03-01,63.71,-0.02050716575266365,0.2558259976286972
2019-03-04,64.44,0.011393022180376826,0.25522986375211226
2019-03-05,64.24,-0.0031084886702674487,0.2552533620864822
2019-03-06,64.51,0.004194180905644253,0.2522012203831403
2019-03-07,64.82,0.004793947169250828,0.2512218035448989
2019-03-08,65.66,0.012875714360045367,0.24106042612445092
2019-03-11,65.06,-0.009179991028241142,0.24480074649078368
2019-03-12,65.33,0.0041414278074535325,0.2444181191519768
2019-03-13,65.89,0.008535336073069595,0.23688712142774507
2019-03-14,66.18,0.004391617567737601,0.23499811391704892
2019-03-15,66.11,-0.0010582811479794643,0.23272723097844575
2019-03-18,66.65,0.008135025279230913,0.2175454816409063
2019-03-19,67.13,0.007175991325942382,0.2153438233909493
2019-03-20,68.35,0.01801052521929845,0.22098000215986047
2019-03-21,68.3,-0.0007317965932141176,0.21619119315831234
2019-03-22,66.29,-0.029870710323444075,0.2412348069871496
2019-03-25,67.37,0.016160758719268378,0.2480096963355497
2019-03-26,67.51,0.0020759200812107397,0.18798228794171426
2019-03-27,67.35,-0.0023728321974062273,0.18775676051431936
2019-03-28,66.08,-0.019036773643650282,0.19408972840463648
2019-03-29,67.93,0.027611633990487966,0.2130132484318079
2019-04-01,69.08,0.016787490075267062,0.20208817258682432
2019-04-02,69.68,0.008648079265769642,0.2010187023455817
2019-04-03,69.21,-0.006767971690475556,0.20297584780119937
2019-04-04,69.8,0.008488648914554937,0.20369186569419492
2019-04-05,69.93,0.001860731947448896,0.20375642351672632
2019-04-08,71.12,0.016873849489873635,0.20649869552358552
2019-04-09,71.02,-0.0014070636907074277,0.20204827760224658
2019-04-10,71.63,0.008552453111417918,0.20261634738548817
2019-04-11,71.3,-0.004617653206109592,0.20433647175357542
2019-04-12,71.57,0.003779664330255841,0.20432354302841146
2019-04-15,70.9,-0.009405558212424187,0.2087848954242116
2019-04-16,70.74,-0.002259249760747452,0.20887620926158093
2019-04-17,71.14,0.005638582742974631,0.20854134262655316
2019-04-18,70.71,-0.006062760904159794,0.202962516021072
2019-04-22,70.71,0.0,0.2028716455596703
2019-04-23,74.39,0.050734518587100735,0.23472155074390416
2019-04-24,73.59,-0.010812377264742386,0.23784743629240945
2019-04-25,74.94,0.018178646427033696,0.24252615572668126
2019-04-26,71.03,-0.05358547035582271,0.315864982182409
2019-04-29,71.22,0.002671354839913137,0.30598333371086867
2019-04-30,72.19,0.013527854301437962,0.2957572195633079
2019-05-01,72.01,-0.002496533890294121,0.29186353525858094
2019-05-02,70.56,-0.020341586562239587,0.3006600001952372
2019-05-03,71.95,0.019508021634840923,0.3062750465757241
2019-05-06,71.95,0.0,0.3053665776003754
2019-05-07,70.98,-0.013573286115026397,0.3097505766155572
2019-05-08,71.09,0.0015485327230412838,0.30417303691087944
2019-05-09,70.61,-0.006774902413136318,0.30504854670122855
2019-05-10,71.63,0.01434220309810427,0.3078066165542554
2019-05-13,72.35,0.010001472451133031,0.3092060586281112
2019-05-14,72.53,0.0024848162978282616,0.309075865498346
2019-05-15,73.09,0.0076912891169793164,0.30774966649814195
2019-05-16,74.7,0.021788533646471275,0.31528149392269533
2019-05-17,73.94,-0.010226138630285873,0.3181279606918685
2019-05-20,73.21,-0.009921929849934568,0.31961305292151254
2019-05-21,72.94,-0.0036948382780170675,0.3201099470865879
2019-05-22,71.94,-0.013804747113056287,0.2689699590935231
2019-05-23,68.37,-0.05089830634177524,0.31770863949275846
2019-05-24,67.98,-0.005720587657732604,0.30778972071147176
2019-05-28,70.19,0.03199230647436006,0.27760918139390506
2019-05-29,70.64,0.006390705553374587,0.27845347330108616
2019-05-30,69.55,-0.015550637926252726,0.27836090458671364
2019-05-31,66.78,-0.040642283853943424,0.3092579028295345
2019-06-03,63.16,-0.05573244512806718,0.35441503730963286
2019-06-04,63.56,0.006313152281073945,0.34562751748067605
2019-06-05,62.14,-0.0225944377036139,0.34960374980705816
2019-06-06,62.77,0.010087348364538977,0.353566824240665
2019-06-07,64.1,0.020967111597183796,0.3649062677760481
2019-06-10,64.31,0.0032707762201474432,0.3659237616898182
2019-06-11,63.56,-0.011730798478256567,0.3601532816491948
2019-06-12,61.66,-0.030348919210510975,0.3650900688077999
2019-06-13,63.28,0.025933901001394203,0.38191130084009406
2019-06-14,63.13,-0.002373231079864146,0.3787787373978891
2019-06-17,62.56,-0.009069996142478567,0.3640494901795416
2019-06-18,63.35,0.012548810530092392,0.37112586848179124
2019-06-19,62.85,-0.007923971730891594,0.37101666879307166
2019-06-20,65.44,0.04038275725823509,0.4061204366651978
2019-06-21,65.99,0.008369523100838579,0.4074400499026057
2019-06-24,65.16,-0.012657431661485839,0.3721131027052132
2019-06-25,66.24,0.01643872634315994,0.37741866544138347
2019-06-26,66.85,0.009166793470948,0.35997863407984754
2019-06-27,66.78,-0.0010476690324435778,0.35862998431989923
2019-06-28,67.52,0.011020215772193073,0.35842268295439
2019-07-01,65.1,-0.03649930107317811,0.35295449661789785
2019-07-02,62.72,-0.037244173172371095,0.32136887499260447
2019-07-03,63.53,0.012831859236289423,0.32385124985825803
2019-07-04,63.62,0.0014156510425561539,0.3132733415115387
2019-07-05,64.23,0.009542504948703243,0.31308247848301823
2019-07-08,64.89,0.010223137363375817,0.30663573285188905
2019-07-09,64.3,-0.009133897389503433,0.3082724163614827
2019-07-10,66.41,0.03228801630904853,0.3244677155383593
2019-07-11,67.64,0.01835187647775731,0.30648177565477003
2019-07-12,66.65,-0.014744477405661847,0.30285567146231485
2019-07-15,66.86,0.0031458343672347623,0.30234645003819194
2019-07-16,65.87,-0.014917778339350957,0.3058809495421099
2019-07-17,63.67,-0.0339696086236677,0.3281740617304187
2019-07-18,60.7,-0.04776979596348139,0.36735267570839997
2019-07-19,61.04,0.0055856889107489364,0.3355793687791316
2019-07-22,61.96,0.014959628572466369,0.3392271193393285
2019-07-23,62.28,0.0051513314171297555,0.3384480702697588
2019-07-24,63.83,0.02458295230216835,0.3451936078531962
2019-07-25,63.47,-0.005655945949587248,0.3430916372831105
2019-07-26,62.46,-0.01604100146344623,0.34622509826402964
2019-07-29,62.29,-0.0027254525888784197,0.34237218065459507
2019-07-30,62.55,0.004165337646865968,0.3218596736681414
2019-07-31,64.07,0.024009998738009932,0.3067007851258346
2019-08-01,62.9,-0.018430071944535262,0.3106171664258819
2019-08-02,61.12,-0.028707018848129828,0.3254791437096801
2019-08-05,59.32,-0.029892627588533675,0.3364790226078404
2019-08-06,58.63,-0.011700006293607566,0.3335350356773384
2019-08-07,55.03,-0.06336801990445637,0.3904135360309266
2019-08-08,56.29,0.02263840840426772,0.3793229668516681
2019-08-09,57.37,0.019004619137844465,0.3798978814141292
2019-08-12,57.13,-0.004192145877408417,0.3792401243721016
2019-08-13,59.9,0.04734713238503241,0.4230215759931635
2019-08-14,57.86,-0.034650205573414646,0.4340907283703097
2019-08-15,57.37,-0.00850478093420934,0.42234998972989773
2019-08-16,59.0,0.0280159252919399,0.40687341086037204
2019-08-19,59.79,0.013300978987093547,0.4094011176869199
2019-08-20,59.03,-0.012792633640215061,0.4070630731347554
2019-08-21,60.6,0.026249103822670716,0.4183383406769843
2019-08-22,59.81,-0.013122022018803092,0.4092331941932353
2019-08-23,58.64,-0.019755813478069584,0.4132390244526366
2019-08-26,58.64,0.0,0.4109665803120489
2019-08-27,58.44,-0.0034164706958974113,0.41096762488330774
2019-08-28,60.42,0.033319589076027334,0.42940227482334337
2019-08-29,60.59,0.002809686998371716,0.41960821386376573
2019-08-30,61.04,0.007399524019303897,0.41690744237168886
2019-09-02,58.55,-0.04164829693247524,0.42978753826801225
2019-09-03,57.93,-0.01064570493519358,0.41911362822536025
2019-09-04,60.68,0.046378769371798634,0.44795373015523954
2019-09-05,62.7,0.032747293158543585,0.3925206018135365
2019-09-06,61.28,-0.02290792220653915,0.40014251880950225
2019-09-09,63.99,0.04327329571903305,0.41991757189377926
2019-09-10,64.67,0.010570594307132511,0.41886974016548484
2019-09-11,63.02,-0.0258452791293728,0.404099334773735
2019-09-12,60.76,-0.03652045860155656,0.4063068787046784
2019-09-13,61.25,0.008032171697264253,0.40478664328973035
2019-09-16,68.42,0.11070133012462227,0.5456898337447708
2019-09-17,65.59,-0.04224193424381444,0.5710108398861978
2019-09-18,64.29,-0.020019147152048722,0.5742931050661017
2019-09-19,64.25,-0.0006223743782662355,0.5687310923150143
2019-09-20,65.23,0.01513776203267544,0.5671950696532629
2019-09-23,64.66,-0.008776713510717755,0.5626259401039369
2019-09-24,64.13,-0.00823049913651548,0.5642038989257375
2019-09-25,62.41,-0.027186754214819947,0.5742000105413827
2019-09-26,62.08,-0.0053016430709882925,0.5641120828980631
2019-09-27,62.48,0.006422629656467192,0.56437344426272
2019-09-30,60.99,-0.02413658922306553,0.5707307998888674
2019-10-01,60.06,-0.015365853753180787,0.5535921732326022
2019-10-02,57.92,-0.03628131447772331,0.5674602442213109
2019-10-03,58.01,0.0015526614005119835,0.5419632024740603
2019-10-04,59.13,0.0191230003547657,0.5328908690251083
2019-10-07,59.46,0.005565407737213151,0.5284575693245372
2019-10-08,58.14,-0.022449922439221802,0.5070046725814481
2019-10-09,59.7,0.026478125267826478,0.5159049197070612
2019-10-10,59.08,-0.010439562735377404,0.5103434817538101
2019-10-11,60.59,0.025237405293718825,0.5041494152790997
2019-10-14,58.81,-0.02981795448503312,0.5133903847467167
2019-10-15,59.19,0.006440700230769081,0.31316743098980143
2019-10-16,59.3,0.0018566973010461472,0.28659343522854563
2019-10-17,59.35,0.0008428150519973713,0.2817051146330767
2019-10-18,59.96,0.010225552178719805,0.28572808833796515
2019-10-21,58.95,-0.016988046251016974,0.2812583143550442
2019-10-22,60.5,0.025953738053415804,0.3001968630797562
2019-10-23,60.52,0.00033052388335951384,0.2998419315564322
2019-10-24,61.71,0.019472103412820314,0.29547843493411224
2019-10-25,62.06,0.00565566668725874,0.2956901369579595
2019-10-28,60.39,-0.027278130700424414,0.309182865406185
2019-10-29,61.05,0.010869672236903891,0.3007261958372469
2019-10-30,60.22,-0.013688677503125928,0.2996974900832996
2019-10-31,59.3,-0.015395217049908034,0.2754827084377915
2019-11-01,60.17,0.014564583228580731,0.27939917526694324
2019-11-04,62.52,0.03831261632101549,0.3014770506634403
2019-11-05,62.72,0.003193870488876415,0.301300429402739
2019-11-06,62.11,-0.009773369470940808,0.2910785520709656
2019-11-07,62.6,0.007858271534841262,0.2791754211716221
2019-11-08,62.0,-0.0096308930609613,0.2787256560940596
2019-11-11,62.58,0.009311353195644453,0.2674414569476482
2019-11-12,62.19,-0.00625152312493815,0.24406445729261117
2019-11-13,62.27,0.0012855537685628297,0.24371162083239195
2019-11-14,62.46,0.0030465829705719743,0.24371209639196045
2019-11-15,63.32,0.01367488315787895,0.24666703351707858
2019-11-18,62.82,-0.007927740902310867,0.24805606213457324
2019-11-19,62.37,-0.007189103572469338,0.24070982176801262
2019-11-20,63.8,0.022668799812712893,0.2369484124321938
2019-11-21,64.99,0.0184802215555132,0.24308835477949664
2019-11-22,64.83,-0.0024649527193531325,0.2365970892310697
2019-11-25,64.67,-0.0024710437284028203,0.23684057392570682
2019-11-26,64.82,0.002316782254899665,0.21165286619378829
2019-11-27,65.03,0.0032345041676593187,0.20988971137509796
2019-11-28,64.68,-0.005396667172154276,0.20344529773100203
2019-11-29,64.5,-0.002786810907179395,0.19319703512271935
2019-12-02,63.2,-0.020360922648914967,0.20655943317808673
2019-12-03,62.95,-0.003963540662455587,0.1605921487728741
2019-12-04,65.25,0.0358852857124466,0.2024274623997704
2019-12-05,65.67,0.006416154000078543,0.1984099665088334
2019-12-06,66.5,0.012559747458927224,0.20061989450393022
2019-12-09,66.44,-0.0009026629167143254,0.19598773299991099
2019-12-10,66.57,0.0019547408675179424,0.19479479267798955
2019-12-11,65.37,-0.01819058798797388,0.20596574289081376
2019-12-12,66.67,0.019691639005330316,0.21443437468307
2019-12-13,67.44,0.011483237063631286,0.21631625738313093
2019-12-16,68.04,0.008857453834061023,0.21413677853728233
2019-12-17,68.99,0.013865799030356205,0.21288486024534006
2019-12-18,69.12,0.001882557937783024,0.20891181196448141
2019-12-19,69.7,0.008356193270678035,0.19922634109028445
2019-12-20,68.66,-0.01503352973693229,0.20277776084568175
2019-12-23,67.49,-0.01718734927423089,0.21355284414436623
2019-12-24,69.26,0.02588810021896094,0.22830102623740559
2019-12-25,69.26,0.0,0.22856321291775353
2019-12-26,69.26,0.0,0.22882351217089106
2019-12-27,68.91,-0.005066233605159459,0.22867353162049125
2019-12-30,68.3,-0.008891538792372217,0.23158495885136546
2019-12-31,67.77,-0.00779014742872279,0.2195776647163803
2020-01-01,67.77,0.0,0.21834588244279027
2020-01-02,67.05,-0.010681009420334052,0.18896656614407745
2020-01-03,69.08,0.02982664355079032,0.21285130435840602
2020-01-06,70.25,0.016795054935377255,0.21587993276877426
2020-01-07,68.74,-0.021729036792167374,0.23163277003495492
2020-01-08,67.31,-0.021022457399066028,0.24453152532355502
2020-01-09,66.58,-0.010904581875742902,0.23873859650688012
2020-01-10,66.77,0.0028496457228986208,0.22893914993722808
2020-01-13,64.14,-0.0401856836047685,0.2637998588833149
2020-01-14,64.45,0.004821535120187537,0.26199618606325303
2020-01-15,63.29,-0.018162390597982497,0.2601481978686525
2020-01-16,64.63,0.020951360487589936,0.27371227327726905
2020-01-17,64.05,-0.009014670932060808,0.27107456081310827
2020-01-20,64.63,0.009014670932060714,0.271569888614996
2020-01-21,63.66,-0.01512227742085727,0.27029030126918474
2020-01-22,62.11,-0.024649415282735128,0.2592153486660678
2020-01-23,61.26,-0.013779905166582496,0.26013355696021556
2020-01-24,59.34,-0.031843486541953334,0.274130222544435
2020-01-27,58.54,-0.013573333598936059,0.27481602668701977
2020-01-28,59.37,0.014078767018844291,0.28496330702113687
2020-01-29,59.46,0.0015147692873675469,0.2863231981972296
2020-01-30,57.72,-0.0297000836642815,0.29648579250969076
2020-01-31,57.77,0.0008658758875040947,0.29769105773832066
2020-02-03,54.0,-0.06748556322889983,0.33424128776524875
2020-02-04,53.9,-0.0018535686493229438,0.3201349221677463
2020-02-05,55.36,0.026726833394462617,0.3457366724651095
2020-02-06,55.18,-0.0032567425202740603,0.34427402076256247
2020-02-07,54.53,-0.01184955985116981,0.3443394588697443
2020-02-10,53.39,-0.021127546425875394,0.34351441824560874
2020-02-11,54.0,0.0113605840521796,0.33394506954458736
2020-02-12,55.54,0.028119435314379194,0.35450615213494974
2020-02-13,56.34,0.014301280569573147,0.3595262134402171
2020-02-14,57.37,0.018116756165552955,0.35701995122020347
2020-02-17,57.83,0.007986153556347254,0.3598616873474597
2020-02-18,57.35,-0.008334828594747167,0.3564328561037405
2020-02-19,59.72,0.04049412909560994,0.3885151257543437
2020-02-20,59.72,0.0,0.38054378397777416
2020-02-21,58.6,-0.01893227608802261,0.38298655196947606
2020-02-24,56.04,-0.04466897511416071,0.3978206633787435
2020-02-25,56.71,0.01188484055713051,0.39884681492665525
2020-02-26,54.96,-0.03134491411184275,0.4074207922481989
2020-02-27,52.19,-0.05171474225877214,0.43935209603516123
2020-02-28,51.31,-0.017005240701448404,0.4329543895574373
2020-03-02,52.52,0.0233083844807221,0.444019663338151
2020-03-03,52.24,-0.0053455644664198035,0.38067964442209906
2020-03-04,51.86,-0.00730070485765736,0.3811966550768345
2020-03-05,51.29,-0.011051978709341246,0.3677553281104474
2020-03-06,45.6,-0.11758808488083661,0.5394537959239045
2020-03-09,35.33,-0.2551752551492866,1.0091966017711542
2020-03-10,36.66,0.03695378104050506,1.028730185492398
2020-03-11,34.45,-0.06217724495189118,1.0339013057087763
2020-03-12,31.05,-0.10391018908017992,1.0551603965771084
2020-03-13,33.0,0.06090875308699252,1.0902983394378438
2020-03-16,28.04,-0.162875499300091,1.1760287045437015
2020-03-17,28.04,0.0,1.1727493304174634
2020-03-18,26.93,-0.040391155342881735,1.1689993900053166
2020-03-19,23.3,-0.14478754625185258,1.1922112629937345
2020-03-20,25.4,0.08629581345283585,1.268147727116107
2020-03-23,25.06,-0.013476224556568677,1.269468473221613
2020-03-24,23.75,-0.053690418987271935,1.270230631876139
2020-03-25,25.62,0.07579076598793802,1.321918211112036
2020-03-26,23.55,-0.0842474760061614,1.331314021441934
2020-03-27,22.39,-0.05051138985176328,1.3311911800861278
2020-03-30,19.07,-0.16049801099833583,1.3910146820663967
2020-03-31,19.19,0.006272890407280959,1.3813633600820887
2020-04-01,14.97,-0.24834111158807157,1.5348880676314287
2020-04-02,20.24,0.3016126459877277,1.9767330842421467
2020-04-03,24.33,0.18404931237616645,2.128424798975706
2020-04-06,22.58,-0.07464559807391527,2.1127006069649252
2020-04-07,22.1,-0.02148695019780865,1.9527439404466687
2020-04-08,25.22,0.13205972201306632,2.0159017538866366
2020-04-09,20.23,-0.22047067935711936,2.131083040291653
2020-04-14,21.74,0.07198723051340926,2.1364842768607724
2020-04-15,19.8,-0.09347194399257372,2.132503922667527
2020-04-16,18.69,-0.05769331623301806,2.076798461625162
2020-04-17,19.75,0.05516486987965936,2.091999647653686
2020-04-20,17.36,-0.12898478211492678,2.126867167062078
2020-04-21,9.12,-0.6436989051459642,3.0113113029380907
2020-04-22,13.77,0.4120225086543235,3.3787786087256655
2020-04-23,15.06,0.08954990963118407,3.4035604716379284
2020-04-24,15.87,0.05238831216657014,3.41182563145776
2020-04-27,15.17,-0.045110741177876765,3.395078367649686
2020-04-28,15.6,0.027951120895050502,3.3926354653591764
2020-04-29,17.86,0.13529266119286157,3.432138509998766
2020-04-30,18.11,0.013900696446969129,3.389173492651843
2020-05-01,18.49,0.02076577350371139,3.3900157496098315
2020-05-04,20.4,0.09830485545113715,3.2833286193636693
2020-05-05,25.46,0.22157369227908993,3.206009927449382
2020-05-06,24.2,-0.050755959966619815,3.148922930556522
2020-05-07,24.23,0.001238901665793613,3.1372856083453255
2020-05-11,25.53,0.05226269642495812,3.140327084839593
2020-05-12,26.67,0.043685106940530474,3.1107190836103853
2020-05-13,27.89,0.04472886344547472,3.0048861432802867
2020-05-14,29.87,0.06858643058862084,3.0041006316162715
2020-05-15,30.95,0.035518366902586515,2.978467802968994
2020-05-18,33.3,0.07318439785579293,2.9692397162062845
2020-05-19,33.06,-0.007233304593519837,2.9697829628230865
2020-05-20,34.76,0.05014320800431304,2.917477427992022
2020-05-21,34.78,0.0005752085289457673,1.5827364171414726
2020-05-22,33.8,-0.028581706437163984,0.9836652215700082
2020-05-26,33.95,0.004428051515732225,0.9768209836194176
2020-05-27,32.73,-0.0365967654916162,1.009217529122874
2020-05-28,33.98,0.03748002773069688,0.9668222625935641
2020-05-29,34.15,0.004990469773013247,0.9732003064087342
2020-06-01,36.74,0.07310349377018065,0.9164999640419674
2020-06-02,37.72,0.02632437797827709,0.9140146960134808
2020-06-03,37.98,0.006869247618883014,0.9179889446407766
2020-06-04,38.41,0.011258136973673696,0.8906068429005639
2020-06-05,41.0,0.06525422434649453,0.5764330959424855
2020-06-08,39.66,-0.033228943612657914,0.5509286309450854
2020-06-09,40.45,0.019723520412850967,0.5451991880601317
2020-06-10,41.18,0.01788605809514264,0.5359935457459825
2020-06-11,37.76,-0.08670236032234346,0.6500511360851632
2020-06-12,38.54,0.02044632170892053,0.6421866250729968
2020-06-15,39.44,0.023083866748214322,0.6134036335636902
2020-06-16,40.75,0.03267530995243713,0.6121801121266951
2020-06-17,40.47,-0.0068948807990975155,0.574860806776456
2020-06-18,41.75,0.031138492409090317,0.5763333557522023
2020-06-19,42.33,0.013796603235967894,0.5588059021330776
2020-06-22,43.2,0.020344440717232425,0.5590763259063399
2020-06-23,42.72,-0.011173300598125302,0.5469327924875138
2020-06-24,40.4,-0.055837409684835033,0.5940801468378079
2020-06-25,41.18,0.01912291663253902,0.5719879902532815
2020-06-26,40.97,-0.0051126100408636485,0.5660825649120169
2020-06-29,41.58,0.014779190871087105,0.5662445933731921
2020-06-30,41.64,0.0014419613169014058,0.5168853392326305
2020-07-01,42.18,0.012884931303860299,0.5122905027870446
2020-07-02,43.19,0.023662811921981157,0.5162177479521856
2020-07-03,42.92,-0.006271069210111892,0.5175895632843155
2020-07-06,42.73,-0.004436668106564283,0.4699629287206526
2020-07-07,43.28,0.012789384882292686,0.4532778110652449
2020-07-08,43.67,0.008970732959243537,0.450145344522321
2020-07-09,42.35,-0.03069294639940625,0.46208115311324977
2020-07-10,43.27,0.021491133138729968,0.33757921514391054
2020-07-13,42.85,-0.00975390919300468,0.33805331802749283
2020-07-14,42.97,0.002796552743114976,0.33165992958386403
2020-07-15,43.96,0.022777931748516847,0.32255578163280313
2020-07-16,43.71,-0.005703220660197464,0.32209283232426933
2020-07-17,43.53,-0.004126553311016978,0.3070086484027931
2020-07-20,43.3,-0.005297720555762118,0.3048728708023428
2020-07-21,44.31,0.02305775020295402,0.3071695004493018
2020-07-22,43.98,-0.007475400084783141,0.3055542665854577
2020-07-23,42.96,-0.023465534926005834,0.2434315947654915
2020-07-24,43.29,0.007652211253280015,0.23697229718977642
2020-07-27,43.39,0.0023073383563702744,0.23540528263872365
2020-07-28,43.11,-0.006474011051216058,0.233204242333774
2020-07-29,43.51,0.009235807973545515,0.2346452473970064
2020-07-30,42.98,-0.012255905518224315,0.23623125667847397
2020-07-31,43.13,0.0034839194453874316,0.22161608769803304
2020-08-03,43.76,0.014501347453973811,0.22592825857946844
2020-08-04,43.99,0.005242177246902737,0.22552269812107872
2020-08-05,44.92,0.020920794509613986,0.23235973932051981
2020-08-06,45.04,0.0026678539611924477,0.23092038286020364
2020-08-07,44.07,-0.02177170497753927,0.2169063251182483
2020-08-10,44.19,0.0027192402887529186,0.20495690897187033
2020-08-11,43.68,-0.011608187705998915,0.20627939339722043
2020-08-12,45.09,0.03177016099634331,0.2323782889448683
2020-08-13,44.87,-0.004891072445101004,0.22114119786453282
2020-08-14,44.86,-0.00022289089582971293,0.21986689730035713
2020-08-17,44.91,0.0011139580075844229,0.2190039699307539
2020-08-18,45.34,0.009529157979736351,0.2192397089118727
2020-08-19,45.21,-0.0028713437728692284,0.2061554386325495
2020-08-20,44.56,-0.014481705687485203,0.21113510311482092
2020-08-21,43.94,-0.01401152866256448,0.1997785869764299
2020-08-24,44.43,0.011089849991352936,0.2015518444832192
2020-08-25,46.01,0.03494384721956,0.2329903410436464
2020-08-26,45.79,-0.004793037498373103,0.23221950482784004
2020-08-27,44.84,-0.02096512846504485,0.24500560979129618
2020-08-28,45.22,0.008438868645864604,0.24088947206233222
2020-09-01,45.72,0.010996372076786057,0.24270668465149794
2020-09-02,42.7,-0.068336918692031,0.3417276947349475
2020-09-03,42.72,0.00046827441736039686,0.34099879540922295
2020-09-04,41.1,-0.03865907314975043,0.3540791994279174
2020-09-07,40.67,-0.01051740158305571,0.35378756298582825
2020-09-08,38.53,-0.05405356128106692,0.3891384939209648
2020-09-09,39.98,0.03694217043418773,0.4163478033497809
2020-09-10,39.27,-0.017918460482335544,0.41822376011258383
2020-09-11,38.8,-0.012040621960690667,0.3965767951133665
2020-09-14,38.57,-0.0059454744090912,0.3965177922782228
2020-09-15,39.54,0.024838045522334325,0.41130536724636885
2020-09-16,41.23,0.04185332897633771,0.44317412468003453
2020-09-17,42.35,0.02680227437925479,0.4537660320523539
2020-09-18,42.16,-0.004496516864956617,0.45378392940972784
2020-09-21,40.37,-0.04338496936825746,0.4733603484362024
2020-09-22,40.84,0.011575058431615598,0.4753143375649388
2020-09-23,41.09,0.00610278959885359,0.47369887207939376
2020-09-24,41.24,0.003643876253440746,0.4534856997973995
2020-09-25,40.91,-0.00803412720745208,0.4535869533899834
2020-09-28,41.59,0.016485221813513275,0.45590573957702973
2020-09-29,40.33,-0.03076414486954368,0.46305082262916786
2020-09-30,40.3,-0.0007441399326395343,0.4595697856142083
2020-10-01,39.75,-0.013741627852296353,0.40152334990445626
2020-10-02,38.0,-0.04502368137395513,0.42615761852892875
2020-10-05,39.78,0.04577811369944049,0.44358734508851133
2020-10-06,41.27,0.03677157033866439,0.4614365923941863
2020-10-07,40.62,-0.01587528761225196,0.4215912942577124
2020-10-08,42.0,0.03340906213112983,0.4181194198088883
2020-10-09,41.63,-0.008848557076484137,0.4137379192379754
2020-10-12,40.5,-0.027519087094390635,0.42406907999482746
2020-10-13,41.34,0.02052858014112873,0.4276871368651143
2020-10-14,41.81,0.01130499111485143,0.42162748013511986
2020-10-15,41.61,-0.004795022373623779,0.39724954930454437
2020-10-16,41.34,-0.0065099687412276536,0.3859931968354023
2020-10-19,41.29,-0.0012102143556234554,0.38580196521391563
2020-10-20,41.62,0.007960481067489537,0.35444059483400064
2020-10-21,40.09,-0.03745389431107262,0.3767850398994025
2020-10-22,41.28,0.029251194518891566,0.39047665597046327
2020-10-23,40.71,-0.013904358658419798,0.39325955034977655
2020-10-26,39.06,-0.04137483706635456,0.41740263426439084
2020-10-27,39.72,0.01675591372843886,0.4175563710315273
2020-10-28,37.86,-0.047959693395795054,0.4362146603309835
2020-10-29,36.56,-0.03494039919522748,0.449848458665976
2020-10-30,36.33,-0.0063109003528388115,0.4486886661644989
2020-11-02,37.78,0.0391360158402529,0.44711773299203683
2020-11-03,38.17,0.010270004683774835,0.4169344275802539
2020-11-04,39.68,0.03879741565953355,0.4193581261348065
2020-11-05,39.47,-0.005306392741916371,0.41649943269544937
2020-11-06,38.08,-0.03585167975159125,0.4127204978374388
2020-11-09,40.93,0.07217408058114713,0.49048329014181363
2020-11-10,42.25,0.03174106329887126,0.49277292844582504
2020-11-11,42.5,0.005899722127188322,0.48843423243904915
2020-11-12,42.16,-0.008032171697264378,0.48804546923795655
2020-11-13,41.51,-0.015537542168159463,0.49089584711618867
2020-11-16,42.71,0.028498722788427893,0.5000438981494754
2020-11-17,42.54,-0.003988275081284063,0.5003298125627902
2020-11-18,42.91,0.008660089231342082,0.5004508972007824
2020-11-19,43.09,0.004186052624313438,0.48003242345231695
2020-11-20,43.79,0.01611452918556017,0.473240058952336
2020-11-23,45.0,0.027257008957012892,0.47639180350519394
2020-11-24,46.63,0.03558162104990988,0.4566466568452824
2020-11-25,47.3,0.014266184677657633,0.4561562460028487
2020-11-26,46.32,-0.02093646223314745,0.42251393244335156
2020-11-27,46.88,0.012017312004017488,0.390214973735652
2020-11-30,46.84,-0.00085360653924054,0.3874647766138944
2020-12-01,47.03,0.004048157227439957,0.3754956147400785
2020-12-02,47.8,0.016239943540453505,0.3760328998424374
2020-12-03,48.37,0.011854147337481592,0.3619994779657782
2020-12-04,49.1,0.01497924796558308,0.358397029932046
2020-12-07,48.63,-0.009618410384780455,0.3257809617132939
2020-12-08,48.84,0.004309024826809585,0.24059291201850566
2020-12-09,48.81,-0.0006144393434478832,0.22677581885510784
2020-12-10,50.33,0.030666110889212336,0.24120611209365808
2020-12-11,50.01,-0.006378335357456323,0.23988094002920482
2020-12-14,50.27,0.005185492273671655,0.22435684986523619
2020-12-15,50.77,0.009897151254819117,0.21308033936552398
2020-12-16,50.83,0.0011811024995080994,0.21007613519783444
2020-12-17,51.2,0.00725280058665106,0.21011734146718009
2020-12-18,52.17,0.018768084988839123,0.21248136854578945
2020-12-21,50.61,-0.030358431808314802,0.25071263559461154
2020-12-22,49.88,-0.014529064414150871,0.24973142566394416
2020-12-23,51.05,0.02318542379883879,0.23372243790074973
2020-12-24,50.88,-0.0033356255788077826,0.2322260275017273
2020-12-28,50.88,0.0,0.21519730531525788
2020-12-29,50.44,-0.008685407935148033,0.21798225267195626
2020-12-30,50.74,0.005930043074416986,0.2175470827711517
2020-12-31,51.22,0.009415526600243277,0.2184144274520144
2021-01-04,50.37,-0.01673432101382007,0.22502196487561055
2021-01-05,53.16,0.05391047408748534,0.28597196010859005
2021-01-06,53.8,0.011967233322694193,0.2847686060049528
2021-01-07,53.7,-0.0018604656529195673,0.281218705784633
2021-01-08,55.51,0.03315018318725075,0.29793489411158414
2021-01-11,54.84,-0.012143330007956208,0.30382514987154435
2021-01-12,55.98,0.020574629393193728,0.29520133008160976
2021-01-13,55.52,-0.008251167888758251,0.29618583888270583
2021-01-14,55.76,0.0043134502537193475,0.29619351514534986
2021-01-15,54.8,-0.01736657249829859,0.305354769734602
2021-01-18,54.21,-0.010824800681723,0.30937739682695037
2021-01-19,55.38,0.02135312447056906,0.31557568916593765
2021-01-20,55.66,0.005043238354928816,0.31088544836571064
2021-01-21,55.68,0.00035925992841950486,0.28650607650936377
2021-01-22,55.22,-0.008295809524155864,0.28205612287294446
2021-01-25,55.44,0.003976148379639417,0.274052137327719
2021-01-26,55.26,-0.0032520353863773432,0.274024371923796
2021-01-27,55.07,-0.0034442162208803543,0.27490546281485373
2021-01-28,54.87,-0.0036383522035062024,0.27257062667646903
2021-01-29,55.25,0.006901589326978164,0.2726776743059573
2021-02-01,56.42,0.02095536517598809,0.2784061917033784
2021-02-02,57.62,0.021046024082532207,0.27262128092581817
2021-02-03,58.61,0.017035600831955527,0.21562410580111857
2021-02-04,58.98,0.006293072898792323,0.21408754946447253
2021-02-05,59.48,0.008441718204824155,0.2132783645319831
2021-02-08,60.17,0.011533767640306192,0.1889143020315061
2021-02-09,60.74,0.009428570385342264,0.18051262080265093
2021-02-10,61.17,0.007054413636870818,0.17154074652420861
2021-02-11,61.09,-0.0013086865927979254,0.16680052073748522
2021-02-12,62.47,0.02233825484380298,0.17779905236746854
2021-02-15,63.58,0.0176125139771782,0.16191720673412338
2021-02-16,63.96,0.005958932483096847,0.14841194088166323
2021-02-17,65.02,0.01643702691000564,0.14368882092901872
2021-02-18,64.09,-0.014406569359623735,0.16266416683497742
2021-02-19,62.84,-0.019696532128715093,0.1857389473048487
2021-02-22,64.73,0.02963295916999848,0.19577270092918492
2021-02-23,65.16,0.006621011176425539,0.19537549847749966
2021-02-24,66.85,0.02560551981410782,0.20051344258816461
2021-02-25,66.69,-0.0023962869037372084,0.19972088249755757
2021-02-26,65.86,-0.012523739695996646,0.20902590771965895
2021-03-01,64.56,-0.019936252986524877,0.23140223443743874
2021-03-02,63.17,-0.021765519051084356,0.24672125941933118
2021-03-03,64.7,0.02393169659624583,0.24921964722305845
2021-03-04,67.32,0.039696167815750125,0.27358575434449
2021-03-05,69.95,0.038323331788885064,0.2948126832271672
2021-03-08,68.0,-0.028272995935383502,0.3206169810531836
2021-03-09,67.03,-0.014367424806240396,0.3278388320288257
2021-03-10,67.53,0.0074316632168841545,0.32758266893513754
2021-03-11,69.34,0.026449996670126933,0.33586639799167134
2021-03-12,68.87,-0.006801270700270513,0.33789893794650955
2021-03-15,68.78,-0.0013076645524868274,0.33313028133841627
2021-03-16,67.95,-0.012140864406967431,0.334408468639931
2021-03-17,67.73,-0.0032429273703404337,0.3349586970410197
2021-03-18,62.11,-0.08662220665560076,0.4517146449915703
2021-03-19,64.0,0.02997607678846033,0.46261177676458204
2021-03-22,63.89,-0.0017202287454199444,0.4571598783880842
2021-03-23,59.96,-0.06348518137985491,0.49534095774799025
2021-03-24,63.7,0.06050688934372074,0.5423536842827641
2021-03-25,61.21,-0.03987398771513926,0.549150659616165
2021-03-26,63.77,0.04097228546420184,0.5710557027242923
2021-03-29,64.06,0.004537283853831782,0.5702015077794873
2021-03-30,63.28,-0.012250820721613646,0.5676557095201563
2021-03-31,63.52,0.003785493479481886,0.5627315215056146
2021-04-01,63.85,0.005181765539667942,0.5565088663010171
2021-04-06,61.47,-0.03798733155963023,0.5506140675779455
2021-04-07,61.86,0.006324516338005563,0.5301597951510858
2021-04-08,62.09,0.0037111781198780076,0.5246660661139374
2021-04-09,61.89,-0.0032263296255313585,0.5233983272302735
2021-04-12,62.38,0.00788609542838716,0.5235235415883557
2021-04-13,62.83,0.007187955235198351,0.5136698245695845
2021-04-14,66.11,0.05088735493063113,0.5483885707037509
2021-04-15,66.13,0.0003024803410842495,0.5484406103675701
2021-04-16,65.98,-0.0022708358861355388,0.5471761486374264
2021-04-19,66.54,0.008451604789895328,0.548178853285253
2021-04-20,65.34,-0.018198864417406643,0.45692080689021985
2021-04-21,64.02,-0.020408871631207238,0.45193468272101694
2021-04-22,65.07,0.016268078965175743,0.45534753162293395
2021-04-23,65.75,0.01039605755098134,0.3911814869533007
2021-04-26,65.5,-0.0038095284166677302,0.33422863032803224
2021-04-27,66.25,0.011385322225125429,0.30003054031439913
2021-04-28,67.08,0.012450472088676386,0.2702583501576736
2021-04-29,68.26,0.017438006523553012,0.2751879411063005
2021-04-30,67.73,-0.007794730251748729,0.27249114139376873
2021-05-04,68.91,0.017272092142304143,0.2768045726113467
2021-05-05,69.71,0.011542474129190721,0.27805609215402666
2021-05-06,68.62,-0.015759742068003596,0.24417994337464907
2021-05-07,68.73,0.001601747703210274,0.24446348877753604
2021-05-10,68.61,-0.0017474884307144486,0.2455591455132779
2021-05-11,68.83,0.003201399707473364,0.2439309104754001
2021-05-12,69.62,0.011412185973020213,0.24474991191788104
2021-05-13,67.36,-0.033000512449221676,0.27802851597432304
2021-05-14,69.24,0.027527360373937253,0.2363127691514236
2021-05-17,69.62,0.00547315207528444,0.23646763450542535
2021-05-18,69.01,-0.008800460750782361,0.23917610636843858
2021-05-19,66.88,-0.031351452856064395,0.26435565996953536
2021-05-20,65.18,-0.02574729536703053,0.27216837348308964
2021-05-21,66.72,0.023352084641075667,0.2732731443662391
2021-05-24,68.59,0.027641993460738794,0.28342474369524523
2021-05-25,68.8,0.0030569934280678195,0.2819879586211586
2021-05-26,68.93,0.001887751958262664,0.2811579125531318
2021-05-27,69.43,0.007227553867621514,0.2798552700563347
2021-05-28,69.36,-0.001008718292895692,0.2775376397314569
2021-06-01,70.03,0.00961338919514003,0.2731981780373652
2021-06-02,70.6,0.008106422831770042,0.2721387629703994
2021-06-03,70.71,0.0015568611169530886,0.2663937016356212
2021-06-04,71.3,0.00830932180410088,0.26504840752690595
2021-06-07,70.89,-0.005766947553324095,0.25924872360618223
2021-06-08,71.39,0.007028423647443096,0.2599430579515282
2021-06-09,71.31,-0.0011212334741569502,0.2598441558238963
2021-06-10,71.65,0.004756584233968584,0.26000277020351253
2021-06-11,72.05,0.005567168171350154,0.2580931941793467
2021-06-14,72.27,0.0030487828493585096,0.22526318734920978
2021-06-15,73.38,0.015242313632246214,0.2122964484715289
2021-06-16,73.88,0.00679073640390324,0.21255710134171119
2021-06-17,72.92,-0.013079205520576806,0.21599550068569673
2021-06-18,73.1,0.0024654169452704303,0.1772663072444555
2021-06-21,74.49,0.018836521432452093,0.14693816186197542
2021-06-22,74.92,0.005755989387702845,0.1333065184601896
2021-06-23,75.22,0.003996275466302445,0.10629242190655758
2021-06-24,75.95,0.009658075999591623,0.10769675735623711
2021-06-25,76.45,0.006561703333289417,0.10737105273458712
2021-06-28,74.78,-0.02208646282610371,0.14192812059541687
2021-06-29,75.38,0.007991518290021624,0.14172204767962404
2021-06-30,76.94,0.02048390948515963,0.15182521438447738
2021-07-01,76.69,-0.0032545755473811994,0.15349863485854312
2021-07-02,77.51,0.010635638516652338,0.1549376699939253
2021-07-05,78.34,0.01065136794426511,0.15589695442684798
2021-07-06,75.81,-0.03282811816947276,0.20020495869679078
2021-07-07,74.31,-0.019984677898834638,0.21500971896603271
2021-07-08,75.07,0.010175479415533057,0.2165593380010533
2021-07-09,77.14,0.02720094119517084,0.23291479439231094
2021-07-12,76.77,-0.004808013940274698,0.2345307171804638
2021-07-13,77.5,0.00946399751949418,0.23559055880542992
2021-07-14,75.74,-0.02297151388565263,0.2480972496428404
2021-07-15,74.53,-0.016104693580046243,0.25454733084065034
2021-07-16,74.46,-0.0009396604490316657,0.2498679978769482
2021-07-19,69.33,-0.07138435549017173,0.35375610398870705
2021-07-20,70.03,0.010046008713027303,0.3483380812278954
2021-07-21,72.54,0.035214412187330124,0.3717640804109167
2021-07-22,74.25,0.02329964382805264,0.38127645931545084
2021-07-23,74.86,0.008181924793473815,0.38080917058616165
2021-07-26,74.79,-0.0009355162727065967,0.37989520967971685
2021-07-27,74.87,0.0010690900390176214,0.3721244793856356
2021-07-28,75.09,0.002934117869198629,0.3711769988504894
2021-07-29,76.3,0.015985544178618787,0.3683372764195666
2021-07-30,77.72,0.018439686218828088,0.37384252458698697
2021-08-02,73.91,-0.050264487712443975,0.4109948741290512
2021-08-03,73.24,-0.009106416990485425,0.40886472521360995
2021-08-04,70.99,-0.031202697755015434,0.4074171198355158
2021-08-05,72.14,0.016069653424098385,0.4077650888094364
2021-08-06,71.02,-0.01564714796045122,0.40833100666359284
2021-08-09,69.65,-0.019478827289127004,0.3972132043547301
2021-08-10,71.14,0.021167066294494427,0.4073220914241675
2021-08-11,71.99,0.01187745396090235,0.4083838365488611
2021-08-12,71.79,-0.0027820298928197306,0.4022041719062978
2021-08-13,70.9,-0.012474757050309836,0.4008571498984664
2021-08-16,70.07,-0.011775691155639431,0.40212288181309397
2021-08-17,69.4,-0.009607874869683553,0.3176078925839038
2021-08-18,68.61,-0.0114485708099595,0.31781040128606813
2021-08-19,66.8,-0.026735216160199502,0.300930811985271
2021-08-20,65.51,-0.019500277798814986,0.28840506008339517
2021-08-23,69.07,0.052917680357096326,0.35091270947586256
2021-08-24,71.21,0.03051277489315186,0.3705457482756806
2021-08-25,72.12,0.012698140341083235,0.37406519110514874
2021-08-26,70.42,-0.02385408460821016,0.3812510843934523
2021-08-27,72.26,0.02579341199258782,0.38886166795860705
2021-08-31,73.45,0.016334176900392093,0.38749290746736814
2021-09-01,71.99,-0.020077682138674852,0.35340634464285003
2021-09-02,73.56,0.021574179254908857,0.36072156342430234
2021-09-03,73.07,-0.006683513932994009,0.34340417278211727
2021-09-06,72.43,-0.008797307595891528,0.3407910849216324
2021-09-07,71.52,-0.012643447341976147,0.33918724317920984
2021-09-08,72.36,0.011676529661835638,0.3333773438486488
2021-09-09,71.32,-0.014476867532154773,0.330160833799596
2021-09-10,72.44,0.015581840020272943,0.3320668294139117
2021-09-13,72.97,0.007289764762316231,0.3327224866267408
2021-09-14,73.05,0.0010957404191798117,0.32921510986168173
2021-09-15,74.84,0.024208363209180562,0.33459328591327636
2021-09-16,75.14,0.004000538739934012,0.3313678054902535
2021-09-17,74.64,-0.006676483606734409,0.3290077001105412
2021-09-20,73.59,-0.014167409600580758,0.3168655226692191
2021-09-21,73.65,0.0008149959701315723,0.3049807302089504
2021-09-22,75.5,0.024808513346339735,0.26260441114959704
2021-09-23,76.44,0.012373463117093173,0.2467778783394209
2021-09-24,77.42,0.012739025777429712,0.2467973807695604
2021-09-27,78.85,0.018302168259545212,0.2308815784824774
2021-09-28,78.3,-0.006999710412289954,0.2221376591080837
2021-09-29,77.86,-0.005635260814447713,0.2195684215799707
2021-09-30,77.81,-0.0006423845534709173,0.20383757752077594
2021-10-01,79.4,0.020228410624251257,0.2023990773194198
2021-10-04,81.44,0.025368184549122447,0.2120293540002898
2021-10-05,82.72,0.015594857957906418,0.2086007449072565
2021-10-06,81.39,-0.016208995421168895,0.2130052709958848
2021-10-07,82.34,0.011604601002808508,0.21298192639471186
2021-10-08,82.17,-0.0020667443986621594,0.2018858457665978
2021-10-11,83.75,0.01904589876207931,0.2041407058258192
2021-10-12,83.53,-0.0026303219373609455,0.2067825012853649
2021-10-13,83.53,0.0,0.20717352937805986
2021-10-14,83.86,0.003942892974801568,0.1968409653329596
2021-10-15,84.67,0.009612605911569237,0.19729096075747327
2021-10-18,84.13,-0.006398126091463694,0.19707342344207726
2021-10-19,85.02,0.010523301367921872,0.18382677723240057
2021-10-20,85.76,0.008666174391847917,0.182573228369646
2021-10-21,84.58,-0.013854865278149414,0.18483157294392685
2021-10-22,85.43,0.009999495119184893,0.18388482585442875
2021-10-25,84.85,-0.006812335483292082,0.186367861596938
2021-10-26,85.11,0.0030595458086343265,0.17935190987677121
2021-10-27,84.12,-0.01170018665437063,0.1835546104303316
2021-10-28,83.4,-0.008596041469797908,0.18566819846861918
2021-10-29,83.1,-0.0036036075032986558,0.18673535710443215
2021-11-01,84.51,0.01682516869498865,0.18314713289159032
2021-11-02,84.42,-0.0010655302020382848,0.16434026064710952
2021-11-03,81.1,-0.040121379232985546,0.211580114330324
2021-11-04,80.15,-0.011783082065805183,0.20808271523367058
2021-11-05,82.43,0.028049569269574234,0.22727896154503432
2021-11-08,83.22,0.009538255229658866,0.22946070303453384
2021-11-09,84.52,0.015500489193060782,0.22617566536766967
2021-11-10,82.91,-0.01923251061972864,0.23610552152985848
2021-11-11,83.4,0.005892627236573861,0.23709739608799307
2021-11-12,82.9,-0.006013247223451746,0.23748013050892353
2021-11-15,81.94,-0.011647790022524418,0.23743852760864537
2021-11-16,82.85,0.011044471753846862,0.24062764711013646
2021-11-17,80.67,-0.026664984923688854,0.2528858422977138
2021-11-18,82.45,0.021825290056724986,0.2640687810635974
2021-11-19,80.24,-0.02716990535192795,0.27546278529770607
2021-11-22,80.97,0.009056572044343037,0.27494218986277413
2021-11-23,83.43,0.02992924121596037,0.2963935056671462
2021-11-24,82.37,-0.012786663960825858,0.29886395328395415
2021-11-25,82.05,-0.003892475417057568,0.2967418354333146
2021-11-26,72.37,-0.12553696865806344,0.5234436740857417
2021-11-29,73.34,0.013314313765143606,0.5279881064632599
2021-11-30,70.86,-0.0344000632058541,0.5299627558182827
2021-12-01,69.53,-0.018947785326399475,0.5304693576686488
2021-12-02,70.56,0.014705097587609328,0.5242164558816912
2021-12-03,70.71,0.0021235939176135355,0.5247071348352879
2021-12-06,73.38,0.03706441331098662,0.5329357675414579
2021-12-07,75.54,0.029010898357175026,0.5440301621497009
2021-12-08,75.94,0.00528123751934538,0.5404099086006563
2021-12-09,74.1,-0.02452802250161509,0.5424625979684187
2021-12-10,74.98,0.011805879005724917,0.5443900321355952
2021-12-13,74.12,-0.01153600989060698,0.5448468397250638
2021-12-14,73.37,-0.010170268691256113,0.5446550071161972
2021-12-15,73.71,0.004623342475294434,0.5426835978772674
2021-12-16,74.64,0.012538081337890975,0.5404667821620408
2021-12-17,72.97,-0.022628158761559693,0.5359328855313364
2021-12-20,70.51,-0.03429385404657945,0.5400615965839604
2021-12-21,72.85,0.0326479889102645,0.5544266228648398
2021-12-22,74.69,0.02494368172776147,0.5507220086306908
2021-12-23,76.26,0.020802340060442504,0.5571989100859014
2021-12-24,75.24,-0.013465549996588206,0.5582329167320853
2021-12-29,78.63,0.04407030157059498,0.37134950358873303
2021-12-30,78.61,-0.00025438819775952857,0.3700108168154106
2021-12-31,77.24,-0.01758146024535147,0.3525934557917466
2022-01-03,78.25,0.012991371859948884,0.34352408628922965
2022-01-04,79.39,0.014463586316759385,0.3434446723287202
2022-01-05,80.6,0.015126233775560426,0.3447305372750232
2022-01-06,81.99,0.017098639095503774,0.3288019695315628
2022-01-07,82.28,0.0035307761766701956,0.3172790581603058
2022-01-10,81.56,-0.008789119078501956,0.32033132231994443
2022-01-11,84.98,0.04107698898041104,0.3287686568458052
2022-01-12,85.83,0.00995266104346292,0.3284560323765982
2022-01-13,85.8,-0.00034958923621201016,0.3229842806831524
2022-01-14,87.17,0.015841228529568138,0.31812558424027987
2022-01-17,87.82,0.007429030110086682,0.31787573015231785
2022-01-18,88.83,0.011435165648038287,0.3177151427084224
2022-01-19,89.64,0.00907721815111668,0.2971606206145548
2022-01-20,89.75,0.001226378435661947,0.2529383850036849
2022-01-21,89.75,0.0,0.243640259102548
2022-01-24,87.74,-0.022650131630320404,0.2618037658678313
2022-01-25,89.49,0.01974899145669888,0.26116257009460897
2022-01-26,91.22,0.01914728408878755,0.25227299012706234
2022-01-27,90.7,-0.005716814162463408,0.2227125006854336
2022-01-28,91.47,0.00845369254718219,0.22127526541509304
2022-01-31,92.35,0.00957465697697571,0.20209707651606607
2022-02-01,90.24,-0.023112918895500222,0.22892439589803776
2022-02-02,91.43,0.013100864426586463,0.22839681497244255
2022-02-03,92.99,0.016918308313770575,0.22931004474846864
2022-02-04,96.86,0.040774676484977276,0.25582963408222065
2022-02-07,97.28,0.004326781242773778,0.2556717164351023
2022-02-08,96.07,-0.012516325796209812,0.25905456640786373
2022-02-09,94.95,-0.011726655163352116,0.23724240922779072
2022-02-10,96.37,0.0148445126049012,0.23905401906847504
2022-02-11,97.5,0.011657428140605455,0.23896065192089422
2022-02-14,101.66,0.04178153401495492,0.2674940848789254
2022-02-15,98.43,-0.03228827637763636,0.30062616538446907
2022-02-16,97.44,-0.010108831679533132,0.3044441525862985
2022-02-17,95.28,-0.022416878914542145,0.31761761087865614
2022-02-18,96.18,0.009401510802472049,0.31833471620654413
2022-02-21,98.95,0.02839323619905811,0.32962638264565525
2022-02-22,98.73,-0.002225820425216421,0.31561013591961284
2022-02-23,99.29,0.005656009422144404,0.31140831100463995
2022-02-24,101.29,0.019942828653203154,0.31187719482126247
2022-02-25,98.56,-0.02732218991349617,0.32969120767040916
2022-02-28,103.08,0.04483988599895458,0.3587567816822251
2022-03-01,110.93,0.07339398596640409,0.42875221940213065
2022-03-02,118.94,0.06971979252787928,0.4612509161423802
2022-03-03,115.36,-0.03056149074180861,0.4854720345639541
2022-03-04,123.86,0.07109422197327595,0.5280973810724138
2022-03-07,129.02,0.04081553559418091,0.5281238418714019
2022-03-08,133.18,0.031734165578380616,0.5305543020128438
2022-03-09,116.58,-0.13312386406507265,0.7345363010274634
2022-03-10,114.54,-0.017653625651692418,0.7369483438903041
2022-03-11,118.11,0.030692286658044615,0.7405861848883971
2022-03-14,110.39,-0.06759684359349555,0.7873416600982525
2022-03-15,105.14,-0.04872675463895833,0.7977455671137256
2022-03-16,104.61,-0.005053646035632557,0.7886943721048705
2022-03-17,113.5,0.08156368756578795,0.8323661548604832
2022-03-18,114.32,0.007198696700154454,0.8253522941475894
2022-03-21,122.29,0.06739373957966661,0.8500734430946949
2022-03-22,121.53,-0.006234127318569661,0.8498336337591075
2022-03-23,127.52,0.04811206915919598,0.8587109091925078
2022-03-24,123.98,-0.028152952768131536,0.8698641034098589
2022-03-25,122.67,-0.010622439229112702,0.8721576001394806
2022-03-28,114.5,-0.06892300005036632,0.905334046797321
2022-03-29,112.79,-0.015047140342468842,0.8976469820303037
2022-03-30,115.59,0.024521764654350332,0.8656332806248418
2022-03-31,107.29,-0.07451399865752108,0.8675678374193861
2022-04-01,106.13,-0.010870690874923832,0.8629006800952199
2022-04-04,108.15,0.018854394625336807,0.8237270929196419
2022-04-05,106.6,-0.014435640667323677,0.8058146877416386
2022-04-06,100.81,-0.05584595466589387,0.807020178962695
2022-04-07,99.83,-0.009768817717516365,0.6791739847449653
2022-04-08,101.26,0.014222727193429386,0.6820724434799655
2022-04-11,97.92,-0.03354064777774723,0.6749473028112613
2022-04-12,104.42,0.06427040921839045,0.6850242337084858
2022-04-13,108.49,0.03823677485195292,0.6775163050990854
2022-04-14,110.83,0.021339492953202407,0.6804652156400505
2022-04-19,105.49,-0.049381334093844355,0.639314361589265
2022-04-20,105.05,-0.004179734402707968,0.6381324697747753
2022-04-21,107.2,0.020259821345692295,0.5907966492087675
2022-04-22,105.15,-0.01930834648799283,0.5925197286562078
2022-04-25,99.27,-0.057544491547078365,0.5818790922736078
2022-04-26,102.89,0.03581704578608847,0.6012731509992937
2022-04-27,103.3,0.003976919737874036,0.6028645732007183
2022-04-28,105.78,0.02372408951224107,0.56977131315876
2022-04-29,108.36,0.024097551579060524,0.5761117740249988
2022-05-03,104.94,-0.0320702589583287,0.5767535237960869
2022-05-04,110.53,0.05189821906429831,0.5492697257827425
2022-05-05,112.11,0.014193554842638083,0.5490672584103666
2022-05-06,113.86,0.015489091357433593,0.547935365211613
2022-05-09,106.67,-0.0652296668855444,0.5939759003221814
2022-05-10,102.61,-0.03880456276327371,0.576451382153384
2022-05-11,107.7,0.04841419028822516,0.5977963977395199
2022-05-12,108.06,0.0033370442535769133,0.5965502164609686
2022-05-13,112.12,0.036883097880667785,0.591920351123452
2022-05-16,114.86,0.024144269139562795,0.5578733927873113
2022-05-17,112.89,-0.017300102162694835,0.5487003620903158
2022-05-18,110.04,-0.02556995721708173,0.5518062668049937
2022-05-19,113.22,0.028488892552139912,0.5301145372052415
2022-05-20,113.63,0.0036147273214037893,0.5294034783447183
2022-05-23,115.13,0.01311436875565536,0.5271677502577066
2022-05-24,115.77,0.005543539532063966,0.5206695260733147
2022-05-25,116.41,0.005512978042512577,0.4691375418694676
2022-05-26,119.81,0.028788712391658148,0.4644162229736901
2022-05-27,121.19,0.011452407328588213,0.46447439370758464
2022-05-30,123.01,0.014906090900297571,0.461614394395015
2022-05-31,125.53,0.02027912094942336,0.46003858639811795
2022-06-01,122.2,-0.026885727092622082,0.4548109306392256
2022-06-03,125.68,0.0280799472098709,0.43227596420708875
2022-06-06,124.99,-0.00550525984523533,0.43302381850433375
2022-06-07,126.89,0.01508683530669283,0.43290536429725524
2022-06-08,129.2,0.018041021939678097,0.3505836136705024
2022-06-09,128.47,-0.005666177304983087,0.3099378409945885
2022-06-10,127.44,-0.008049748441725258,0.2840078466967863
2022-06-13,128.44,0.00781620361952007,0.2835018336831584
2022-06-14,127.02,-0.011117314846484374,0.2708496368823137
2022-06-15,124.96,-0.016350868283453026,0.2728780784730855
2022-06-16,125.78,0.006540663023981544,0.2616833937808563
2022-06-17,119.22,-0.05356382332357686,0.3155191561404989
2022-06-20,118.25,-0.00816949841973812,0.30477100949611863
2022-06-21,118.51,0.002196317828315026,0.3047200242529082
2022-06-22,115.54,-0.025380554847237738,0.31600184192688807
2022-06-23,114.5,-0.009041967358825233,0.3169142995190568
2022-06-24,117.36,0.024671310840431903,0.3282596211174976
2022-06-27,119.69,0.01965893305055289,0.31971898040806845
2022-06-28,122.21,0.020835809564629944,0.32557049159413615
2022-06-29,120.8,-0.011604590949194532,0.32363292986402836
2022-06-30,119.78,-0.008479558664398167,0.31518360113421956
2022-07-01,119.21,-0.0047700831064061405,0.30244086348483257
2022-07-04,121.8,0.02149371154588649,0.2951858951122862
2022-07-05,110.49,-0.09745533615071303,0.44484701233756485
2022-07-06,108.54,-0.017806250489824788,0.4398858440751097
2022-07-07,113.4,0.04380262265839284,0.46690939163759326
2022-07-08,113.95,0.004838364398041526,0.46847930922023046
2022-07-11,114.85,0.007867173443413986,0.4707175861695979
2022-07-12,106.98,-0.07098502803200309,0.5203202309087757
2022-07-13,107.17,0.001774457621801722,0.5214825525981155
2022-07-14,107.74,0.005304558527482047,0.5225556823171618
2022-07-15,112.26,0.04109669226166571,0.5470265260479124
2022-07-18,117.27,0.043661358958919816,0.5428654043730929
2022-07-19,114.96,-0.019894726702203644,0.5463830771264965
2022-07-20,115.86,0.007798323897708746,0.5471844266438403
2022-07-21,112.81,-0.026677578051649112,0.5479282332271637
2022-07-22,106.77,-0.055027999426618054,0.5785850548206043
2022-07-25,108.23,0.013581604116844075,0.5730720805056042
2022-07-26,107.32,-0.008443566749631802,0.5667762790256712
2022-07-27,109.64,0.021387245877161655,0.5670985147015355
2022-07-28,109.68,0.0003647638194739244,0.5669026448689832
2022-07-29,111.51,0.01654723772321159,0.571355432303786
2022-08-01,106.09,-0.049826482506090355,0.593595736919922
2022-08-02,106.51,0.003951086983894155,0.5865939558966998
2022-08-03,101.82,-0.0450323289808845,0.5067195712089966
2022-08-04,97.99,-0.03834111582646287,0.5186767321952315
2022-08-05,100.31,0.02339995824766677,0.49899528574953916
2022-08-08,103.46,0.030919673679975064,0.5139824477132914
2022-08-09,103.81,0.0033772406297850163,0.512844413294105
2022-08-10,105.06,0.011969310320661475,0.45525416421588855
2022-08-11,107.19,0.020071345177612575,0.4609658025244636
2022-08-12,103.7,-0.03310084546794641,0.47440903661777645
2022-08-15,98.25,-0.053986864486111,0.4803350246749129
2022-08-16,95.36,-0.02985604743233095,0.4504782695006289
2022-08-17,97.22,0.019317248300269846,0.45984191021542287
2022-08-18,96.35,-0.008989056756934078,0.4562465591901864
2022-08-19,96.45,0.001037344491362722,0.45263547670049675
2022-08-22,95.06,-0.014516468165874718,0.41953825356112556
2022-08-23,99.49,0.045548865415404934,0.45130093191425086
2022-08-24,99.87,0.0038122036537749262,0.45178043962253583
2022-08-25,98.81,-0.010670526048171858,0.4431618899676442
2022-08-26,101.13,0.023208003707207617,0.45355829977291334
2022-08-30,99.34,-0.017858508234874518,0.44969153507892135
2022-08-31,96.55,-0.028487300804681075,0.4287797152044488
2022-09-01,92.24,-0.04566713291371992,0.45038301718259577
2022-09-02,93.09,0.00917289116759494,0.4312157612079071
2022-09-05,94.22,0.012065706143496486,0.41612074831393064
2022-09-06,91.43,-0.030058821095559747,0.41642554934329484
2022-09-07,86.83,-0.05162146810378153,0.426229518675238
2022-09-08,87.99,0.013270987584915508,0.43100894525189215
2022-09-09,91.68,0.041081081308960286,0.45879790374990415
2022-09-12,93.45,0.019122280935142323,0.45811695476024555
2022-09-13,92.04,-0.015203268734406711,0.4491459295113641
2022-09-14,92.83,0.008546598244676025,0.415371087567763
2022-09-15,89.28,-0.038992364778840334,0.42401248595915947
2022-09-16,89.43,0.0016786977250889859,0.4165803503884482
2022-09-20,89.62,0.0021223129999070707,0.4166741816201478
2022-09-21,89.86,0.002674394284016926,0.41693473278899457
2022-09-22,90.4,0.005991363756116905,0.41607812397716415
2022-09-23,84.29,-0.06998103338873995,0.4401245899456784
2022-09-26,82.55,-0.020859063643253878,0.4401535973367517
2022-09-27,85.97,0.04059422782021563,0.47244483013215544
2022-09-28,89.55,0.0407987303203681,0.4900443608165414
2022-09-29,89.41,-0.0015645957594941282,0.4882359577996784
2022-09-30,88.9,-0.005720390227367686,0.48075740829456887
2022-10-03,90.68,0.01982468311946937,0.4622949275718331
2022-10-04,93.74,0.0331881668552316,0.4761094968933732
2022-10-05,94.35,0.0064862793199992035,0.4747672519349576
2022-10-06,95.65,0.013684424071702688,0.4638517997638163
2022-10-07,98.88,0.03321129782311869,0.4319359217752549
2022-10-10,97.13,-0.01785670629514141,0.43890781794236355
2022-10-11,95.17,-0.020385521329987062,0.4261858591924003
2022-10-12,93.44,-0.01834524700433515,0.4267376639787736
2022-10-13,95.16,0.018240166354839923,0.42745521474649734
2022-10-14,92.22,-0.03138265865619742,0.4414155532984492
2022-10-17,91.04,-0.012878056400538658,0.42139964294944804
2022-10-18,89.46,-0.017507372373318824,0.42618392633935404
2022-10-19,91.34,0.020797209752150967,0.4322140906820675
2022-10-20,91.52,0.001968719874634826,0.43218460784416285
2022-10-21,91.82,0.003272611189588279,0.43188131452857303
2022-10-24,91.57,-0.0027264317014352372,0.34775969988780714
2022-10-25,91.76,0.0020727657014745276,0.3360260921849164
2022-10-26,92.93,0.01267004874813277,0.3118481254357663
2022-10-27,94.17,0.013255137952723853,0.28391507327100524
2022-10-28,94.64,0.004978560148159504,0.2836698092953172
2022-10-31,93.3,-0.014260111816833197,0.28837002714021115
2022-11-01,95.12,0.019319144529228335,0.287987998440031
2022-11-02,96.07,0.009937840039120635,0.2670440146735547
2022-11-03,95.29,-0.00815221906155016,0.2681836979205801
2022-11-04,99.53,0.04353423289787531,0.3042255043387588
2022-11-07,99.87,0.003410233997071214,0.28229619571135933
2022-11-08,96.85,-0.030705950402038516,0.29598649941950583
2022-11-09,93.05,-0.04002640676474508,0.31977954765663236
2022-11-10,94.25,0.012813843239860453,0.3167761130677068
2022-11-11,96.37,0.02224412353507596,0.31990380166712473
2022-11-14,93.59,-0.029271409694030987,0.317317274823633
